日期,成分股1_相对收益率,成分股2_相对收益率,成分股3_相对收益率,成分股4_相对收益率,成分股5_相对收益率,成分股6_相对收益率,成分股7_相对收益率,成分股8_相对收益率,成分股9_相对收益率,成分股10_相对收益率,成分股11_相对收益率,成分股12_相对收益率,成分股13_相对收益率,成分股14_相对收益率,成分股15_相对收益率,成分股16_相对收益率,成分股17_相对收益率,成分股18_相对收益率,成分股19_相对收益率,成分股20_相对收益率,成分股21_相对收益率,成分股22_相对收益率,成分股23_相对收益率,成分股24_相对收益率,成分股25_相对收益率,成分股26_相对收益率,成分股27_相对收益率,成分股28_相对收益率,成分股29_相对收益率,成分股30_相对收益率,成分股31_相对收益率,成分股32_相对收益率,成分股33_相对收益率,成分股34_相对收益率,成分股35_相对收益率,成分股36_相对收益率,成分股37_相对收益率,成分股38_相对收益率,成分股39_相对收益率,成分股40_相对收益率,成分股41_相对收益率,成分股42_相对收益率,成分股43_相对收益率,成分股44_相对收益率,成分股45_相对收益率,成分股46_相对收益率,成分股47_相对收益率,成分股48_相对收益率,成分股49_相对收益率,成分股50_相对收益率,成分股51_相对收益率,成分股52_相对收益率,成分股53_相对收益率,成分股54_相对收益率,成分股55_相对收益率,成分股56_相对收益率,成分股57_相对收益率,成分股58_相对收益率,成分股59_相对收益率,成分股60_相对收益率,成分股61_相对收益率,成分股62_相对收益率,成分股63_相对收益率,成分股64_相对收益率,成分股65_相对收益率,成分股66_相对收益率,成分股67_相对收益率,成分股68_相对收益率,成分股69_相对收益率,成分股70_相对收益率,成分股71_相对收益率,成分股72_相对收益率,成分股73_相对收益率,成分股74_相对收益率,成分股75_相对收益率,成分股76_相对收益率,成分股77_相对收益率,成分股78_相对收益率,成分股79_相对收益率,成分股80_相对收益率,成分股81_相对收益率,成分股82_相对收益率,成分股83_相对收益率
2023-11-01,1.00552,0.99744,0.988889,0.95931,1.002237,1.006006,1.008021,1.002481,1.0,1.001855,1.009804,0.996324,1.00089,1.007366,0.993333,0.992928,0.991826,1.020219,0.992718,0.994994,0.988873,1.011811,1.014986,1.008427,1.003578,1.02418,0.998716,1.030508,0.992819,0.997093,0.998728,1.011507,0.998325,1.009195,0.995475,1.012121,0.977477,1.014616,1.011905,1.012097,0.985222,1.021045,1.016961,0.914611,0.960217,0.980371,1.042035,0.971684,0.97869,0.94831,1.018868,1.073317,1.00611,0.99793,1.038194,0.987903,1.003759,1.011735,1.047407,1.018519,1.029577,1.004717,0.985075,1.051887,1.008889,0.989166,1.006472,1.034979,1.006667,0.977754,1.024506,1.022491,1.019535,0.99686,0.991189,1.008989,1.01873,1.029286,1.015169,1.020231,1.028616,1.027202,1.033163
2023-11-02,0.997617,0.976903,0.998876,0.982027,1.011161,1.010448,1.007958,1.0,0.997573,0.994444,1.006472,1.00369,1.006222,0.998172,1.0,1.041311,1.001374,0.971924,0.977995,0.995597,0.995781,0.959144,1.001342,0.991643,1.00713,0.983137,0.988432,0.960526,0.985533,0.98105,0.991083,1.003413,0.956376,1.002278,1.015909,1.007485,1.036866,0.978391,1.009207,1.017928,1.0075,0.985075,0.999305,1.0,1.001883,0.988877,0.990446,1.015337,1.012903,0.97065,0.99537,1.015677,1.032389,1.002075,1.005017,0.988776,0.996255,1.004143,1.008487,1.012121,1.015048,0.985915,1.011364,1.00299,0.946586,0.974808,0.988424,0.99006,0.793046,0.999458,0.989969,0.989848,1.001825,0.992126,0.992593,1.017817,0.995914,1.015003,1.016092,0.998111,1.012782,1.005675,1.009877
2023-11-03,1.020776,1.016637,1.021935,1.01757,1.006623,1.014771,1.013158,1.00495,1.017032,0.992551,1.012862,1.014706,1.021201,1.003663,1.016107,1.021888,1.010974,1.048428,1.0325,1.019583,1.021186,1.040568,1.022788,1.014045,1.030088,1.037736,1.020806,1.070205,1.027523,1.054978,1.01928,0.997732,1.036842,1.013636,1.038031,1.014859,1.017778,1.042945,1.035986,0.994129,1.027295,1.028139,1.018081,1.014523,1.003759,1.028121,1.030011,1.006042,1.000796,1.015119,1.05814,1.00882,1.009804,1.010352,1.108153,1.0258,1.097744,1.014026,1.021038,1.011976,1.024259,1.011905,1.020599,1.038003,1.045375,1.073034,1.033182,1.036145,1.039666,1.064499,1.014809,1.010256,1.029144,1.11746,1.067164,1.006565,1.017436,1.033639,1.010181,1.012299,1.028953,1.033229,1.034841
2023-11-06,1.000439,0.985357,0.987892,1.007194,0.982456,1.0,0.971429,0.995074,0.985646,1.003752,0.961905,0.98913,1.0,1.020073,1.0,1.002677,0.991859,0.948136,1.002421,1.008674,0.998617,1.007797,1.001311,1.00831,1.001718,1.0,1.006369,1.0016,1.0,1.004225,1.005044,1.006818,1.006768,1.008969,1.006466,0.998536,1.017467,1.012941,1.01272,1.027559,0.975845,1.022456,1.00888,1.00409,0.966292,1.009847,0.983351,0.965465,0.98568,1.031915,1.061538,1.050273,1.03301,0.985656,1.006006,0.968813,1.058219,1.001627,1.020604,1.059172,1.018421,0.997647,1.012844,0.993539,1.00946,1.057592,0.982368,1.011628,0.983936,1.040733,1.064516,1.037225,1.00885,1.0625,1.008392,1.008696,1.010585,0.999014,1.004479,1.000935,1.008658,0.993325,1.004135
2023-11-07,0.983117,0.981643,0.998886,0.982143,0.991071,0.987627,1.005348,0.992574,1.004854,0.990654,0.983498,1.003663,0.990484,0.974955,0.988111,1.012016,0.991792,1.021368,0.985507,0.987101,0.993075,0.998066,0.967277,0.986264,0.975986,0.968595,0.989873,0.974441,0.976786,0.959327,0.992472,0.989842,0.983193,0.985556,0.987152,0.975073,1.002146,0.961672,0.95314,0.994253,0.990099,0.978723,0.979012,0.989817,0.988372,0.973998,0.954497,0.986003,1.0,0.948454,0.964803,0.94693,0.984962,0.997921,1.019403,0.970924,0.983819,0.964257,0.985195,0.97905,0.96124,0.990566,1.0,0.96604,0.97409,0.962376,0.983974,0.978927,0.979592,0.919765,0.945887,0.991843,0.970175,0.985294,0.98613,0.965517,0.975561,0.985192,0.993311,0.958917,0.961373,0.978009,0.99
2023-11-08,0.999375,1.013357,0.996654,0.995636,1.006757,0.993368,1.010638,0.991272,1.007246,1.0,0.984899,1.010949,1.00524,1.00367,1.009358,0.989446,1.005517,1.008368,1.007353,1.009334,1.027894,1.017442,1.006766,0.998607,0.994728,0.993174,1.005115,0.97541,0.996344,1.001462,1.0,1.003421,1.006838,0.997745,1.0,0.995489,1.006424,0.992754,0.996452,1.00578,1.005,0.995792,0.992393,1.006173,1.011765,0.986652,1.018847,1.01735,1.001614,1.026087,1.030043,0.982418,1.001908,1.002083,0.998536,1.011765,1.013158,0.982308,1.0,1.014265,1.005376,0.983333,1.014493,0.995512,1.0,0.985597,1.035179,1.011742,1.04375,0.982447,0.980931,0.981908,0.985533,0.993216,0.998594,1.015625,0.872188,0.989479,0.998878,0.989289,0.975446,0.994379,0.995841
2023-11-09,1.007532,1.001757,1.01399,1.006574,1.004474,1.013353,0.994737,1.012579,1.007194,1.001887,1.010221,1.01083,1.01477,1.016453,1.027815,0.990667,1.016461,1.007469,1.046229,1.018496,1.009498,1.011429,1.009409,1.066946,1.014134,0.998282,1.002545,1.016807,1.007339,0.99708,1.018963,0.990909,1.022071,1.038418,1.017354,1.016616,1.006383,0.990268,0.998983,0.990421,1.00995,1.003521,1.005575,1.006135,1.005814,1.007892,0.993471,1.004651,1.008058,0.995763,0.99375,1.03915,1.0,1.006237,1.004399,0.986258,1.003247,0.994854,0.993169,1.060478,1.002674,1.0,1.003571,1.027799,1.004527,0.981211,1.022026,0.994197,1.031936,0.999459,1.01633,1.005025,0.990826,0.991803,0.995775,1.008791,0.988277,1.006582,1.0,1.014764,0.993898,1.011307,1.009547
2023-11-10,1.02516,1.021053,1.012141,1.036284,1.013363,1.038067,1.007937,1.02236,1.019048,1.030132,1.026981,1.003571,1.009418,1.019784,1.027062,1.016151,1.024291,1.018946,1.032558,1.026634,1.038978,1.011299,1.013316,1.037908,1.041812,1.005164,1.002538,1.014876,1.023679,1.029283,1.013648,1.027523,1.009967,1.031556,1.031983,1.028232,0.993658,1.007371,1.028513,1.021277,1.009852,1.044912,1.04851,1.002033,1.009634,1.038031,1.081051,1.018519,0.998401,1.042553,1.027254,1.023681,1.013333,1.014463,1.011679,1.038585,1.084142,1.038793,0.990371,1.01061,1.022667,1.043584,1.02847,1.022661,1.032676,1.020213,1.044335,1.038911,1.065764,1.030878,1.052793,0.998333,1.027778,1.015152,1.057992,1.013072,1.022539,1.037223,1.005618,1.021339,0.998465,1.029193,1.02305
2023-11-13,1.017123,1.006014,1.011996,1.032213,1.002198,1.023272,0.994751,1.026731,1.014019,1.02925,1.022989,1.003559,1.010178,0.998236,0.996236,0.986755,0.996047,1.005659,0.993243,0.948113,1.001294,1.022346,1.024967,0.994962,1.058528,1.035959,1.026582,1.032573,1.014235,1.051209,1.004896,1.026786,0.996711,1.033755,1.028926,1.023121,1.010638,1.065854,0.965842,0.986742,0.992683,1.011417,1.033047,0.98783,0.965649,1.021552,1.010132,0.969697,0.998399,1.036735,0.993878,1.016824,1.018797,0.96945,1.02886,1.002064,1.056716,1.034025,0.970833,1.019685,1.04824,1.046404,1.027682,1.112938,1.01473,1.044838,1.006486,1.001873,0.994555,1.047819,1.053052,0.991653,1.055856,1.008141,1.036096,0.995699,1.013921,1.037827,1.001117,1.02754,1.033051,1.02414,1.014443
2023-11-14,0.983501,1.001708,0.981681,0.99118,0.97807,0.970365,0.984169,0.963314,0.97235,0.969805,0.971108,0.989362,0.984047,0.977032,0.982368,0.987919,0.970899,0.976688,0.963719,0.980721,0.963824,0.961749,0.970513,0.959494,0.957346,0.97686,0.970407,0.968454,0.950877,0.963464,0.962241,0.977174,0.973597,0.996939,0.981928,0.960452,0.976842,0.955378,0.975397,0.984645,0.987715,0.990704,0.987204,1.010267,1.005929,0.959916,0.952859,1.001562,0.995188,0.970472,0.985626,0.989659,0.979705,1.006303,0.973352,0.970134,0.968927,0.995185,1.027182,1.018018,0.973881,0.977827,0.968013,1.001285,0.978495,0.981038,0.951377,0.958879,0.95438,0.986961,0.991718,1.005051,0.985495,0.986541,0.987097,0.969762,0.97254,0.97757,0.979911,0.983364,0.987351,0.979965,0.990888
2023-11-15,0.994245,0.994032,0.9764,0.983573,0.995516,0.986506,0.994638,0.945946,0.988152,0.97619,0.985124,1.0,0.989761,0.987342,0.989744,0.997283,0.997275,0.982716,0.992941,0.989854,1.00134,0.994318,0.996037,1.013193,1.067657,1.006768,0.983482,1.001629,1.016605,1.088483,0.993671,0.997775,0.998305,0.978506,1.00818,1.001471,1.00431,1.001198,1.000525,0.990253,0.995025,0.989276,0.999352,0.997967,0.978389,0.995604,1.052632,0.975039,0.996777,0.997972,0.995833,0.961338,0.983051,1.0,1.010086,1.02017,1.040816,0.991129,0.973538,1.020228,1.006386,0.99093,1.003478,0.957665,1.010989,1.03764,0.99569,1.007797,0.996176,0.990854,0.983994,0.976549,0.995671,1.005457,1.019608,0.997773,1.0,0.991396,1.010251,0.990602,0.986436,0.992183,0.998851
2023-11-16,0.996746,0.986278,1.001124,0.998608,1.004505,1.007919,1.0,0.987013,1.004796,0.990619,0.998322,1.0,1.003448,0.990842,0.998705,1.008174,0.991803,0.997487,0.990521,0.997438,0.994645,1.0,0.972149,1.028646,0.945904,0.969748,0.996124,0.943089,0.983666,0.923871,0.998726,0.983278,0.988115,0.998954,0.971602,0.994126,1.0,0.983254,1.007878,1.003937,1.005,1.004065,0.994812,1.01222,0.995984,1.002208,0.984,1.0064,1.008084,0.997967,0.979079,0.986957,1.009579,1.012526,0.977175,0.989594,0.983193,1.000814,1.008584,1.023544,0.975888,0.97254,0.991334,1.037508,0.98913,0.988235,1.013605,0.967118,0.959693,0.982564,0.978076,1.006861,1.0,0.985075,0.976923,1.0,0.98,0.984571,0.99549,0.993359,1.002292,0.995758,1.017261
2023-11-17,0.98241,0.996522,0.974172,0.984669,0.988789,0.990714,0.991914,0.977632,0.980907,0.975379,0.981513,0.992832,0.989691,0.979667,0.992218,1.033784,0.991736,0.968934,0.988038,0.987797,0.978466,0.980952,0.9809,0.975949,0.970588,0.979203,0.984436,1.008621,0.946494,0.969274,0.989796,0.935374,0.984536,0.970681,0.985386,0.982275,0.991416,0.967153,0.975508,0.984314,0.99005,0.97166,0.986962,0.993964,0.995968,0.98348,0.950203,1.00159,0.988773,0.92057,0.931624,0.996696,0.97723,1.006186,0.99708,1.006309,0.980057,0.980488,1.001418,0.970944,0.983095,0.964706,0.979021,0.935442,0.992308,0.969246,0.990848,0.962,0.986,0.987474,0.986262,0.979557,0.962609,0.979339,0.989501,0.995536,0.9988,0.969638,0.994337,0.967526,0.99314,0.968959,0.99095
2023-11-20,1.01296,1.007853,1.006916,1.010616,1.013605,1.016583,1.01087,1.004038,1.014599,1.017476,0.991438,1.01444,1.013889,1.018868,1.011765,1.002614,1.023611,0.993068,1.024213,1.006502,1.019257,1.019417,0.994437,0.989624,1.021886,1.0,1.007905,1.006838,1.023392,0.981268,1.009021,1.002424,1.019197,1.002157,1.019068,1.034586,1.006494,1.028931,1.019231,1.01992,1.017588,1.025,1.023118,1.004049,1.022267,1.021277,1.042781,1.02381,1.009732,1.066372,1.018349,1.046409,1.025243,1.0,1.005857,1.009404,1.061047,1.004146,1.002833,1.011222,1.007937,1.017073,1.014286,1.026915,1.009413,0.998976,1.022167,1.029106,0.983773,0.995243,1.02566,1.013913,1.00813,1.001406,1.01061,0.995516,1.009615,1.018182,1.012528,1.032577,1.033001,1.013191,1.021689
2023-11-21,0.998316,1.01039,1.006297,0.9993,1.004474,1.011348,1.005376,1.017426,1.007194,1.017176,1.006908,1.0,1.001712,1.011111,1.007752,1.011734,1.008141,1.025305,1.016548,1.00646,1.002699,1.017143,1.012587,1.015727,1.014827,1.037168,1.005229,0.989813,1.011429,1.016153,1.011494,1.004837,1.005137,1.001076,1.0,1.005814,1.010753,0.992665,1.002096,1.005859,1.002469,1.00271,0.993544,0.995968,1.005941,0.987939,1.020513,0.993798,0.998394,1.024896,0.993243,0.995776,1.028409,0.991803,0.994178,1.014493,1.0,1.003303,1.011299,0.977805,1.010499,1.007194,1.019366,1.016129,0.950631,0.979508,0.994578,0.993939,0.981443,0.979288,1.01787,0.987993,0.97043,0.992978,1.007874,1.004505,0.996429,0.987599,0.993251,0.992352,1.010401,0.982021,0.976536
2023-11-22,1.039211,1.026564,1.039249,1.033637,1.03118,1.035063,1.032086,1.042161,1.028571,1.060038,1.053173,1.024911,1.02735,1.02381,1.029487,1.023196,1.044415,1.034043,1.046512,1.036585,1.049798,1.06367,1.046961,1.056774,1.058442,1.049488,1.028609,1.070326,1.050847,1.066474,1.031566,1.039711,1.037479,1.041935,1.035343,1.044798,1.008511,1.03202,1.021444,1.009709,1.034483,1.10473,1.048083,1.022267,1.025591,1.057714,1.045226,1.028081,1.020113,1.074899,1.013605,1.037116,1.034991,1.02686,1.054173,1.003061,1.046575,1.030453,1.023743,1.059269,1.038961,1.035714,1.036269,1.051587,1.021927,1.060669,1.04361,1.054878,1.044118,1.043926,1.066011,1.052083,1.046168,1.022631,1.050781,1.029148,1.003584,1.063787,1.041903,1.044316,1.022794,1.050505,1.029748
2023-11-23,0.986383,0.991653,0.975369,0.988475,0.991361,0.984417,0.989637,0.986094,1.00463,0.980531,0.991857,0.993056,0.996672,0.992844,0.987547,1.006297,0.98067,0.96214,0.968889,0.988854,0.992308,0.978873,0.989446,0.985348,0.984663,0.980488,0.99115,0.961538,0.967742,1.01355,0.986536,0.993056,0.988506,0.985552,0.983936,0.997234,0.993671,0.959427,0.983103,0.982692,1.0,1.0,1.00682,0.990099,0.998081,0.992655,0.966346,0.986343,0.998423,0.966102,0.977629,0.973415,0.987544,1.014085,0.940278,0.97762,0.984293,1.003195,0.952251,0.934524,0.965,0.995402,0.98,0.957862,0.960474,0.941815,0.952409,0.961464,0.949698,0.972987,0.958498,0.988449,0.985878,0.998617,0.95539,1.002179,0.997619,1.01983,0.98913,1.00369,0.982746,0.977764,0.976111
2023-11-24,0.978768,0.994108,1.003367,0.978738,0.986928,1.003441,0.981675,0.976923,0.981567,0.98556,0.970443,0.98951,0.994157,0.992793,1.003783,0.987484,1.003942,0.964927,1.002294,0.984972,0.985788,0.991007,0.976,0.987608,0.995327,0.961857,0.979592,0.973333,0.981481,0.954545,0.997519,1.004662,0.983389,1.0,0.936735,0.975035,0.995754,0.965174,0.984375,0.976517,0.978571,0.992661,0.970443,0.984,0.982692,0.9926,0.958209,0.978462,0.985782,0.97076,0.988558,1.012605,0.998198,0.986111,1.011817,0.972945,1.018617,0.972134,0.975645,1.015287,0.985751,0.988453,0.984694,1.031517,0.960024,0.989529,0.993297,0.981964,0.978814,0.994127,1.006873,0.983306,0.960609,1.01662,0.981842,0.982609,0.961814,0.975926,0.99011,0.951287,1.002195,0.90043,1.021059
2023-11-27,1.018556,1.019475,1.017897,1.023826,1.019868,1.004801,1.021333,1.02231,1.014085,1.027473,1.028765,1.021201,1.020151,1.014519,1.006281,1.010139,1.01178,1.049645,1.009153,1.021615,1.015727,1.014519,0.998634,0.973651,1.018779,1.032759,1.016927,1.027397,1.024528,1.030812,1.008706,1.018561,1.013514,1.001047,1.023965,1.065434,1.01919,1.025773,1.018519,1.024048,1.014599,0.998152,1.036168,1.010163,1.013699,1.017039,1.041018,1.02044,1.00641,1.052209,1.037037,1.021784,1.036101,1.020121,1.024818,1.045989,0.997389,1.000819,0.997063,1.015056,1.045992,1.011682,1.018998,1.024188,1.016534,1.015873,1.028221,1.042857,1.030303,1.034909,0.999317,1.008489,1.015843,0.998638,1.054161,1.026549,1.05335,1.030361,1.014428,1.009662,1.023358,1.016382,1.021182
2023-11-28,0.997515,0.995847,0.997802,0.993155,0.991342,0.991126,0.989556,0.998716,0.99537,0.996435,0.991776,1.0,0.994239,1.001789,0.993758,0.996236,0.994825,0.971284,1.006803,0.987554,1.012903,1.021467,1.010944,1.023196,1.047619,1.010017,1.003841,1.016667,1.007366,1.019022,1.002466,1.006834,0.988333,0.988494,0.993617,1.001335,1.012552,0.996231,0.994286,1.015656,0.995204,1.009259,0.994489,1.01006,1.0,0.990576,0.967581,0.996918,0.999204,0.979008,0.96875,0.966497,1.0,0.990138,0.981481,1.001022,0.994764,0.990998,0.991163,0.950556,0.977387,0.993072,0.994915,0.991299,1.0,1.011458,0.979714,0.990215,0.997899,1.006746,0.976093,1.018519,1.013761,0.997271,0.984962,0.987069,0.990577,1.020258,0.997812,1.027751,0.982882,1.020819,0.980349
2023-11-29,1.00004,0.996664,0.999449,1.002757,1.002183,1.00551,1.002639,0.996144,1.006977,1.001789,0.995025,1.0,1.006623,0.992857,1.003769,0.992443,1.0013,0.993043,1.009009,1.005041,1.007643,1.0,1.009472,1.007557,1.008798,1.0,1.007653,0.993443,1.001828,1.022667,1.00246,0.99095,1.005059,0.98836,0.991435,0.984,0.991736,0.983607,0.981191,0.988439,1.0,0.993884,0.998768,1.015936,1.005792,0.987315,0.970103,0.998454,1.000797,0.97271,0.988479,1.008403,1.0,1.003984,0.994194,1.009193,0.992105,0.990917,1.001486,0.983095,0.996144,0.988372,1.005111,0.994357,0.991566,0.976313,0.98782,1.003953,0.989474,0.969072,0.960112,1.006612,1.008145,0.994528,0.998728,1.008734,0.997622,0.994585,0.998904,1.044693,0.959361,1.011184,1.010022
2023-11-30,0.990122,1.00251,1.00551,1.003436,1.010893,1.006164,1.013158,1.021935,1.006928,1.017857,1.008333,1.00346,1.010691,1.003597,1.007509,1.002538,1.011688,1.023643,1.006696,1.008777,0.841972,0.998249,1.044236,1.0075,1.133721,1.029752,1.010127,1.033003,1.00365,1.121252,1.007362,0.998858,1.003356,1.020343,1.015119,1.02168,1.008333,1.020513,1.010117,1.007797,1.007229,0.967385,1.014797,1.003922,0.996161,1.03212,1.068013,1.004644,1.011943,1.008016,1.016317,1.00625,1.017422,1.013889,1.029197,1.009109,1.029178,1.0075,0.979228,1.021164,1.0,1.0,1.020339,1.037831,1.013366,0.987342,1.021578,1.037402,1.006383,1.010106,1.046647,0.988506,1.007181,1.028886,1.029299,1.019481,1.011919,1.021779,1.008782,1.067736,1.046899,1.005205,0.999449
2023-12-01,0.998043,0.992487,0.985205,0.984932,0.982759,0.97209,0.984416,0.982323,0.988532,0.977193,0.975207,0.989655,0.992677,0.985663,0.990062,0.979747,0.98973,0.975192,0.988914,0.986327,0.989489,0.992982,0.983312,0.987593,0.975641,0.971108,0.989975,0.998403,0.974545,0.97093,0.98173,0.990857,0.991639,0.962225,0.97234,0.984085,0.991736,0.957286,0.998419,0.980658,0.983254,0.993639,0.975699,0.990234,0.992293,0.977178,0.933333,0.990755,0.996853,0.960239,0.988532,0.986542,0.981164,0.988258,0.985816,1.003009,0.971649,0.944582,0.975758,0.971503,0.974194,0.976471,0.892027,0.978736,0.974221,0.959402,0.947495,0.969639,0.964059,0.97841,0.971448,0.983389,0.972371,0.987968,0.970297,0.972399,0.977621,0.98135,0.983678,0.986644,0.99711,0.986408,0.966354
2023-12-04,0.990247,1.006728,0.991101,0.997914,1.0,0.985994,0.997361,0.98072,0.990719,0.980251,0.983051,1.003484,0.995082,0.998182,1.005019,0.997416,0.996109,0.995614,0.988789,0.989918,0.936267,0.984099,0.981723,0.987437,0.959264,0.986777,0.989873,0.9776,0.994403,0.962874,0.996278,0.991926,0.989882,0.992366,1.017505,0.998652,1.004167,0.969816,1.011088,1.003945,0.995134,1.019846,1.004981,0.994083,1.0,0.985138,0.984009,1.004666,1.000789,0.99793,1.030162,1.020986,1.001745,1.00396,0.989928,0.971,0.994695,0.972855,1.0,1.009333,0.970861,0.985542,1.027933,0.982619,1.003077,1.025612,1.012739,0.992172,0.973684,1.000538,1.02724,0.998311,0.995417,0.993234,1.019133,0.991266,0.993976,1.00181,1.003319,1.013536,1.013043,0.998688,1.007991
2023-12-05,0.979215,0.996658,1.002245,0.990244,0.997807,0.996449,0.994709,0.972477,1.0,0.996337,0.967241,0.993056,0.992586,0.979964,1.0,0.998705,1.003906,0.989427,0.995465,0.991088,0.990276,0.992819,0.99734,0.98855,0.983562,0.991625,0.992327,0.983633,0.971857,0.978856,0.992528,0.983721,0.988075,0.994505,1.002151,0.991903,0.995851,0.979702,1.007833,0.976424,0.99022,1.014438,0.990087,0.994048,0.992233,1.001078,1.005417,0.993808,0.985804,0.975104,1.024775,1.002055,0.989547,0.988166,1.03343,1.019567,1.021333,0.985599,0.981366,1.025099,0.964529,0.976039,0.998188,0.997473,0.988344,0.989142,1.000629,0.982249,0.995495,1.01291,1.047453,0.998308,0.948435,1.064033,0.998748,1.006608,0.986667,0.97832,0.996692,1.001669,0.983548,0.977004,1.00453
2023-12-06,1.002909,0.997485,0.979843,0.983814,0.984615,0.986458,0.989362,0.963612,0.985948,0.970588,0.975045,0.993007,1.00249,0.98513,0.995006,0.961089,0.988327,0.947462,0.968109,0.981374,0.959083,0.958409,0.961333,1.001287,0.949861,0.954392,0.983247,0.97005,0.96332,0.937738,0.982434,0.951537,0.968966,0.967956,0.991416,0.986395,1.022917,0.962707,0.976684,0.960765,0.990123,0.98948,0.991865,0.988024,0.992172,0.956943,0.976293,1.001558,1.0,0.953191,0.993407,0.984615,0.985915,1.00998,0.984529,0.959596,0.976501,0.967123,0.977848,0.997423,0.963225,0.953908,1.00726,0.965801,1.000621,0.981339,0.980515,0.973896,0.966063,0.990972,0.978681,1.035593,0.878155,0.96799,0.928571,0.989059,0.944717,0.984303,0.96792,0.959167,0.992,0.977808,0.996618
2023-12-07,0.987527,0.994958,0.988571,0.991416,1.008929,0.973988,1.005376,1.006993,0.992874,1.001894,0.998172,1.010563,1.005795,1.013208,1.022585,1.016194,1.015748,1.018797,1.0,1.003272,0.991468,0.984906,1.001387,0.992288,1.014663,1.012389,0.971166,1.013722,0.987976,1.0,1.0,1.003727,0.996441,0.971461,0.961039,1.015172,1.022403,1.010043,0.996817,1.029319,1.002494,0.99187,1.031546,1.020202,1.011834,1.011249,1.032009,1.015552,1.0128,1.002232,0.980088,1.005208,1.017857,1.009881,1.007143,1.02,1.026738,0.991501,1.030744,1.009044,1.014684,1.006303,1.021622,0.956066,1.010546,0.973154,1.005128,1.010309,1.018735,0.980707,1.00953,1.013093,1.001658,1.046296,1.005398,1.002212,1.010403,1.000938,1.019429,1.008688,1.006598,1.000688,0.997172
2023-12-08,0.989052,1.0,0.990751,1.00938,0.986726,0.99184,0.986631,1.001389,0.992823,0.992439,0.978022,0.986063,0.975309,0.988827,0.992638,0.989376,0.972868,0.97048,1.0,0.992172,0.95525,1.005747,0.984765,0.997409,0.989884,0.977273,1.012146,0.964467,1.006085,0.96206,1.011494,1.012376,0.998214,0.965922,0.984234,0.97962,0.988048,0.987216,0.995742,0.979654,0.997512,0.991173,0.975535,0.990099,0.996101,0.96218,0.939037,0.981623,0.984992,0.979955,0.959368,0.993782,0.985965,0.982387,1.015603,0.98968,0.971354,0.980952,0.962323,0.970551,0.988423,1.022965,0.978836,1.005487,0.968692,1.0,1.008291,0.965306,1.0,1.0,0.977073,0.980614,0.970199,1.003793,0.973154,0.960265,0.957529,0.991565,0.992152,0.989664,0.980335,0.987629,0.997164
2023-12-11,0.980885,1.008446,1.0,0.959257,1.002242,0.990277,1.0,0.979196,1.004819,0.980952,0.986891,1.003534,0.999156,1.007533,0.997528,0.990604,1.025232,0.981939,1.002353,1.001972,0.978378,1.0,0.980309,1.002597,0.975182,0.9839,1.013333,0.987719,0.995968,0.98169,1.001263,0.996333,0.998211,0.992701,0.990847,1.008322,1.012097,0.978417,1.010155,0.989616,0.995012,1.015267,0.993103,0.996,1.001957,0.996532,1.002278,1.00312,1.008019,0.993182,0.983529,1.03024,0.994662,1.01992,0.959497,0.98853,0.954424,1.002913,0.980424,1.003958,0.980966,1.022959,1.003604,0.966576,0.961977,0.762069,0.996837,0.966173,0.951724,0.912022,0.94893,1.037891,0.983504,0.974811,1.011034,0.995402,0.986559,0.981096,1.013559,0.971279,0.980684,0.985386,0.947668
2023-12-12,1.008293,0.991625,0.990082,0.944858,0.988814,0.95997,0.98374,0.974504,0.978417,0.982524,0.982922,0.989437,0.996622,0.985047,1.0,1.00271,1.001295,0.979671,0.983568,0.996063,0.976059,0.984762,0.97561,0.977979,0.962575,0.981818,0.984211,0.957371,0.97166,0.964132,1.0,1.013497,0.985663,0.98652,1.004619,0.986245,0.972112,0.977941,0.98836,0.966422,0.982456,0.969925,0.974747,0.977912,0.982422,0.980278,1.002273,0.998445,0.988067,0.981693,0.992823,0.897773,0.987478,0.980469,0.985444,1.00211,0.985955,1.005808,0.980033,0.971091,0.964179,1.007481,0.987433,0.987297,0.988142,0.915535,0.975254,0.967177,1.02657,0.970641,0.948364,0.966667,0.979179,0.984496,1.015007,0.997691,0.941417,0.983622,1.0,0.975806,0.977273,0.995763,0.948379
2023-12-13,0.992871,1.005912,1.019446,1.012618,1.004525,0.994493,1.002755,1.00436,1.009804,1.007905,1.025097,1.003559,1.008475,1.013283,1.016109,1.013514,1.012937,1.007905,1.031026,1.011199,1.041509,1.029014,0.992647,1.011921,0.990669,1.005556,1.010695,1.003711,1.041667,1.004464,1.013871,0.992736,1.023636,1.007453,0.988506,1.015342,1.002049,0.998496,1.005353,0.995657,0.997449,1.026486,1.009067,1.010267,0.988072,1.022485,1.005669,0.996885,1.012882,1.020979,1.016867,1.100338,1.003623,0.992032,1.011817,1.0,0.982906,1.025987,1.006791,1.006766,0.99226,1.039604,1.014545,1.012152,1.013333,1.011532,1.026025,0.975113,1.037647,1.024691,1.031442,1.0,1.020673,0.994751,0.991935,1.0,1.044863,1.012733,0.993311,1.03214,0.99845,0.995035,1.04557
2023-12-14,0.999295,1.005038,1.006936,0.976636,1.002252,0.991297,1.0,0.97974,0.997573,0.990196,0.973635,1.0,1.021008,0.994382,1.007317,1.001333,1.003831,1.002941,0.988426,1.009121,0.996377,0.986842,0.998519,0.98822,0.981162,0.992634,0.988095,1.003697,1.004,0.988148,0.992537,1.00122,0.991119,0.981504,0.995349,0.979396,0.989775,0.995482,0.978701,1.016358,0.992327,0.983638,0.987805,0.99187,0.977867,0.984954,0.978579,0.973438,0.995231,0.954338,0.983412,0.977459,0.994585,0.993976,0.963504,0.996842,0.97971,0.999062,0.971332,0.986559,1.01248,1.002381,0.996416,0.985876,0.974342,0.97557,0.991756,0.993039,1.002268,0.983735,0.993309,0.985222,0.996528,0.957784,1.02168,0.988426,0.987535,1.005803,0.997755,0.991103,0.994565,0.993585,0.995763
2023-12-15,0.991865,1.002506,0.985649,0.990431,0.997753,1.019154,0.997253,0.997046,0.995134,0.987129,0.982592,1.0,1.007407,1.007533,1.007264,0.997337,1.012723,0.977517,0.995316,0.996772,1.001818,0.992381,0.961424,1.003974,0.984,0.953618,1.002677,0.977901,1.005976,0.98051,1.007519,1.020706,1.0,0.983668,0.992991,1.004208,0.995868,1.018154,1.014146,0.988197,1.005155,0.992322,0.992853,1.018443,1.0,0.99765,0.982719,1.006421,0.996006,0.985646,0.990361,1.002096,0.989111,0.99596,1.004545,0.987328,0.997041,0.989671,0.982639,0.995913,0.996918,1.0,0.926259,0.972063,0.991222,0.979967,1.000639,0.976636,0.966063,0.993876,1.020958,0.97,1.006388,0.991736,0.982759,0.997658,1.01683,1.007692,1.011249,1.003591,1.017955,1.011478,1.00304
2023-12-18,1.010679,1.005,1.000582,0.987118,0.997748,0.995301,0.99449,0.995556,0.992665,0.976931,0.982283,0.996454,0.993464,1.003738,1.009615,1.008011,1.0,1.008,1.016471,1.003886,1.005445,1.011516,0.996914,1.009235,0.986992,0.988327,1.001335,0.981168,0.992079,0.990826,0.981343,0.9821,1.005376,0.987229,1.0,0.990223,0.983402,0.97474,1.011266,0.997828,0.987179,1.01354,1.005236,0.983903,0.997942,1.005889,0.966002,0.987241,0.998396,0.990291,1.014599,1.031381,1.012844,1.008114,0.993967,1.016043,0.970326,0.987666,0.980565,0.995896,0.989181,1.004751,1.007767,1.012528,0.989782,0.974446,0.971246,1.0,0.857143,1.002465,0.999267,1.001718,0.963647,0.980556,0.977058,0.995305,0.966897,0.9375,0.993326,0.9678,0.98773,0.975887,0.995758
2023-12-19,0.991099,1.005804,1.009313,1.017945,1.015801,0.988985,1.01108,1.017857,1.007389,1.0154,1.028056,1.010676,1.010691,1.013035,1.016667,0.996026,1.025126,1.003968,1.016204,1.001935,1.016245,1.005693,1.027864,1.005229,1.049423,1.059055,1.0,1.03071,1.005988,1.03858,1.003802,1.0,1.01426,1.018111,1.0,1.023977,1.008439,1.004573,1.03183,1.006529,1.005195,1.022901,1.013672,1.006135,1.004124,1.012881,1.01699,1.003231,0.999197,1.009804,1.0,0.994929,1.014493,0.991952,1.0,1.0,1.015291,0.996158,1.045045,1.041209,1.003125,0.995272,1.038536,1.009461,1.015829,1.0,1.026316,1.014354,1.043716,0.988937,1.024211,0.996569,1.013174,1.069405,1.013812,0.997642,1.031384,1.020865,0.99776,1.021257,1.028727,1.018895,1.007304
2023-12-20,1.010687,0.998351,0.987889,0.990385,0.995556,1.003978,1.008219,0.976608,0.987775,0.974722,0.959064,1.003521,0.995118,0.992647,0.971897,1.003989,0.974265,0.982213,1.015945,1.003863,0.989343,0.986792,0.96988,1.0013,0.974882,0.968401,0.997333,0.964618,0.952381,0.985141,0.996212,1.001215,1.001757,1.003812,0.983529,0.993113,1.0,0.971168,0.958355,0.961081,0.98708,0.985697,0.98587,0.989837,0.989733,0.943353,0.990453,0.971014,0.995981,0.966019,0.985612,1.014271,0.996429,0.995943,1.010622,0.996842,1.003012,0.980714,0.965517,1.025066,0.984424,0.995249,0.996289,0.97765,0.974255,0.979021,0.996154,0.978774,0.983246,0.984462,1.010745,0.984509,0.971631,1.021192,0.979564,0.971631,0.970954,0.976072,1.011223,0.990045,0.999245,0.990014,1.016918
2023-12-21,1.023777,1.007432,1.005838,1.006472,1.0,1.035658,1.0,0.997006,1.012376,1.006224,0.995935,1.007018,1.037612,1.046296,1.062651,1.0,1.086792,1.076459,1.033632,1.033996,1.034111,1.042065,1.015528,1.046753,0.99839,1.017274,1.01738,1.015444,1.014583,1.0181,1.015209,1.008495,1.012281,1.010127,1.023923,1.016644,1.039749,1.021875,1.013412,1.017998,1.005236,1.099685,0.998046,0.997947,1.002075,1.011029,1.009639,0.993367,1.00565,1.027638,0.987835,1.035176,1.021505,0.995927,1.036036,1.012672,1.021021,1.00885,1.023214,1.027027,1.041139,1.011933,1.007449,1.011799,1.00765,1.033929,1.055341,1.016867,1.017039,1.006944,1.043232,0.991259,0.994526,0.972763,1.03338,1.0,0.992877,1.009193,0.99889,0.97989,0.986405,0.995677,0.968509
2023-12-22,0.990295,1.005738,1.040627,1.044212,1.013393,1.039021,1.005435,1.027027,1.02445,1.020619,1.055102,1.017422,1.002364,1.030088,1.005669,0.997351,1.001157,1.024299,1.023861,1.039082,1.03125,0.994495,1.038226,1.042184,1.062903,1.058491,1.011827,1.026616,1.00616,1.035556,1.031211,1.022864,1.032929,1.012531,1.023364,1.04502,1.014085,1.030581,1.0937,1.014365,1.018229,1.017785,1.02611,0.987654,1.020704,1.008485,1.054893,1.023372,0.997592,1.06846,1.014778,0.994175,0.998246,1.018405,1.021739,1.001043,1.020588,1.016569,1.052356,1.001253,1.051672,1.011792,1.038817,1.017493,1.033816,1.018998,1.04878,1.028436,0.994764,1.006897,0.97962,1.049383,1.039144,1.032,1.040377,1.019465,1.047346,1.069838,1.003333,1.041045,1.020674,1.036903,1.002454
2023-12-25,0.992529,0.9837,0.984941,0.996151,0.993392,0.987482,0.997297,0.976608,0.98568,0.994949,0.990329,0.989726,0.998428,0.987973,1.006764,1.0,1.0,1.00365,0.978814,0.98209,0.981481,0.976015,0.985272,0.996429,0.971168,0.97148,0.996104,0.961111,0.993878,0.989986,0.998789,0.988235,0.974832,0.982673,0.977169,0.964752,0.994048,0.995549,1.041626,0.989107,0.997442,1.036077,0.991094,0.979167,0.997972,0.991587,0.978507,1.0,0.991955,0.940503,0.987864,0.998047,0.998243,1.014056,0.991489,0.997917,0.942363,0.973154,0.985075,0.994994,1.007225,0.997669,0.978648,0.97063,0.979306,0.99322,0.97093,0.965438,0.981053,0.97198,0.994452,1.001681,0.978811,0.983204,0.989651,0.997613,0.963014,0.998108,0.994463,0.982975,0.985746,1.006281,0.981028
2023-12-26,1.006593,0.999171,0.983579,0.991499,0.995565,0.991051,0.99458,0.989521,0.98063,0.979695,0.986328,1.0,0.99685,0.989565,0.985442,1.002656,0.997688,0.961818,1.0,0.998784,1.0,1.0,1.001495,1.016726,0.945312,0.987156,0.968709,0.980732,0.963039,0.882948,0.992727,1.002381,1.008606,0.994962,0.96729,0.998647,1.0,0.983607,0.990706,0.987885,1.0,0.998368,1.000642,0.985106,0.993902,1.001212,0.980347,1.008157,0.996756,0.992701,1.004914,1.003914,0.994718,0.994059,0.987124,0.971816,0.954128,0.994089,1.006734,1.015094,1.004304,1.002336,0.994545,0.999262,0.995228,0.969283,1.004192,0.976134,1.012876,0.98911,0.996513,1.001678,0.943476,0.986859,0.988235,0.997608,0.98293,0.97346,1.002227,0.996354,1.006849,0.993759,1.007486
2023-12-27,1.000441,1.014925,1.002879,1.002338,0.997773,1.012792,0.99455,1.004539,1.002469,0.996891,1.009901,0.99308,0.994471,1.008787,0.996591,1.019868,0.993048,1.012287,0.995671,0.998783,1.001715,0.988658,1.007463,1.0,1.02314,1.007435,1.024226,0.998035,1.01919,1.052373,0.993895,1.017815,1.001706,1.005063,0.990338,1.00542,0.986028,1.006061,1.00469,1.00223,1.005128,1.019074,1.007697,0.989201,1.0,1.0,0.992925,1.006472,1.001627,1.014706,1.002445,1.011696,1.0,1.007968,0.994203,1.017186,1.012821,0.99108,1.0301,0.998761,1.015714,1.048951,1.005484,1.0,1.019178,1.010563,1.02266,0.982885,1.020127,1.0,0.9993,1.030151,1.004461,1.001332,0.984127,0.995204,1.0,1.033106,0.997778,1.011894,1.003779,1.012561,1.003715
2023-12-28,0.983111,1.000817,1.008037,1.000778,1.006696,0.984398,1.008219,1.0,1.004926,1.008316,1.019608,1.010453,1.006354,1.008711,1.006842,1.007792,0.996499,1.045752,1.013043,1.007922,1.018836,1.011472,1.0,1.019976,1.004847,0.998155,1.003942,1.027559,1.039749,1.013997,0.998771,0.991832,1.001704,0.993703,1.002439,1.005391,0.993927,1.00753,1.014939,1.014461,0.992347,0.976471,0.994908,1.00655,1.002045,1.009685,0.980998,0.991961,1.000812,1.036232,0.997561,1.001927,1.00885,1.001976,0.998542,0.995776,0.987342,1.007,1.006494,0.990074,1.016878,1.011111,1.010909,0.951256,0.995968,0.991289,0.985423,0.997512,1.030114,1.010363,0.983894,1.0,1.011421,0.888298,1.016129,1.016867,1.001447,0.99246,0.996659,1.014467,1.005271,1.011027,0.998149
2023-12-29,1.0,1.00898,1.015945,0.99223,1.0,1.006038,1.0,0.990964,1.007353,0.996907,0.992308,1.0,0.999211,1.0,1.007928,0.979381,0.997658,0.991071,0.995708,1.000605,0.989916,0.990548,0.988148,0.995392,0.996785,0.985213,0.994764,0.990421,0.991952,0.93865,1.00615,0.998824,1.008503,0.987326,0.963504,0.990617,1.014257,0.992526,1.039558,1.005482,1.010283,1.013143,0.87652,0.980477,1.010204,1.003597,0.98063,1.006483,1.002435,0.972028,0.98533,0.990385,0.998246,1.023669,1.00292,1.012725,1.016026,1.005958,1.014516,0.982456,0.995851,0.989011,0.998201,0.995342,0.997976,0.947276,0.923077,0.993516,0.997984,0.982692,0.998577,1.00813,0.961104,1.053892,0.978836,1.009479,0.989884,1.004748,0.998883,0.988414,0.987266,0.97955,0.754017
2024-01-01,1.017407,1.012136,1.008969,1.01018,1.011086,1.003001,1.016304,1.013678,1.009732,1.010341,1.007752,1.013793,1.011058,1.010363,1.002247,1.003947,1.0,1.009009,1.010776,1.01148,1.018676,1.0,0.985007,1.008102,0.974194,1.001876,1.011842,1.005803,1.014199,0.99183,1.012225,0.996466,1.005059,1.016688,0.994949,1.035183,0.995984,0.983434,0.969912,1.007634,1.025445,1.006486,1.040146,1.030973,1.036364,1.002389,1.076543,1.032206,1.02753,1.031175,0.979653,1.036893,1.003515,1.013487,1.0131,1.019895,1.031546,1.012833,0.992051,1.040816,0.984722,0.993333,1.012613,1.067863,0.985125,1.020408,1.001282,1.006526,0.993939,1.005219,0.98717,1.024194,1.022193,1.021307,1.002703,1.014085,0.99562,1.013233,1.005593,1.00541,1.008346,1.02714,1.118852
2024-01-02,1.025185,1.009592,1.016667,1.037209,1.015351,1.018699,1.010695,1.056972,1.016867,1.046059,1.044231,1.010204,1.007031,1.020513,1.007848,1.014417,1.011737,1.022321,1.027719,1.01374,1.006667,1.024809,1.041096,1.006889,1.059603,1.048689,1.023407,1.034615,1.052,1.074135,1.013285,1.034279,1.011745,1.066919,1.06599,1.023529,1.002016,1.059724,0.998175,1.024892,1.009926,1.004296,1.02807,1.036481,1.005848,1.041716,1.073394,1.01248,1.011032,1.065116,1.023303,1.026217,1.022767,1.001901,1.037356,1.029261,1.036697,1.040936,1.025641,0.997549,1.026798,1.022371,1.02669,1.055515,1.046671,1.050909,1.041613,1.037406,1.061992,1.03634,1.034657,1.007874,1.051724,1.030598,1.060647,1.020833,1.06305,1.050373,1.005562,1.030493,1.040632,1.027778,1.0337
2024-01-03,1.000226,0.997625,0.995082,1.001495,1.00432,0.999266,1.010582,1.002837,1.004739,0.990215,1.001842,1.003367,1.0,1.001675,1.006674,1.010336,1.00232,1.004367,0.997925,0.995286,1.003311,1.013035,1.005848,1.0,0.976562,1.0,0.996188,1.035316,1.003802,1.035276,0.997616,1.0,1.004975,1.016568,1.009524,0.996169,1.014085,0.988439,0.996344,1.00528,1.004914,0.995187,1.002048,1.014493,1.0,1.002288,0.997863,1.001541,1.010133,0.995633,0.983168,0.99635,0.994863,1.01518,1.00554,1.01995,1.023599,1.003745,0.998438,0.958231,1.004121,1.0,1.006932,1.017993,0.993443,1.024221,0.988322,1.009615,1.0,0.994991,0.988835,0.99375,0.994536,1.063428,0.993647,1.0,1.002759,0.999112,0.998894,1.010444,1.003615,0.996704,0.996456
2024-01-04,0.984816,0.999206,0.971993,0.979104,0.976344,0.964732,0.979058,0.964639,0.981132,0.977273,0.974265,0.989933,0.991466,0.991639,1.001105,1.012788,1.008102,0.977391,0.97921,0.988751,0.966997,0.996324,0.957849,0.997719,0.9296,0.946429,0.982143,0.967684,0.945076,0.965926,0.985663,1.016,0.985149,0.972061,0.983491,0.982051,0.984127,0.916667,1.011927,0.97479,0.99511,0.996239,1.010218,0.967347,1.007752,0.961187,0.949679,1.015385,0.991512,0.936404,0.976838,1.010989,0.979346,1.028037,0.986226,0.987775,0.965418,0.976679,0.989045,0.992308,0.957592,1.039387,0.979346,0.947655,0.968977,0.969595,0.979478,0.945714,0.941627,0.945249,0.954834,1.011006,0.969475,0.96066,0.976982,0.981859,0.961486,0.976,0.980066,0.993109,1.009366,0.988095,1.039118
2024-01-05,0.991534,0.996029,0.99322,0.987043,1.006608,0.987814,1.0,0.998534,0.992788,1.0,1.001887,1.0,0.99687,0.984823,0.990066,1.0,1.0,0.993772,0.95966,0.974251,0.974403,0.97048,0.995448,0.994286,0.974182,0.979245,0.998701,0.994434,0.977956,0.989264,1.002424,0.994376,0.958124,0.994012,0.959233,0.990862,1.0,1.030303,1.015413,1.001078,1.004914,0.959008,1.013486,1.012658,1.005769,1.015439,0.985344,0.984848,0.996109,0.978923,0.976289,0.95471,1.012302,1.005455,0.993017,0.997525,0.997015,1.005731,0.981013,0.9677,0.994286,0.983158,0.991213,0.982783,0.983651,0.994774,0.978413,0.997986,0.968496,1.006658,0.961567,0.990669,0.982368,0.994716,0.941099,0.988453,1.015737,0.968124,0.984181,0.975716,1.004996,0.981258,1.009582
2024-01-08,0.999974,0.992026,0.993743,0.995367,1.006565,0.990748,1.010695,0.997063,0.987893,0.982811,1.003766,1.00678,1.003925,1.003425,1.006689,1.0,0.995408,1.017905,1.00885,0.994468,0.984238,0.98289,1.004573,0.986207,0.985866,1.028902,0.993498,1.005597,0.985656,0.975194,0.991536,0.997738,0.987762,1.003614,0.9875,1.018445,1.014113,0.989164,1.034821,0.992465,0.99511,0.985939,0.994012,0.997917,1.026769,0.997661,0.961098,1.027692,1.000781,1.004785,0.99472,1.01518,0.996528,1.019892,1.030942,0.992556,1.008982,0.995252,0.974194,1.006676,0.982759,0.989293,0.998227,1.022628,0.973684,0.989492,0.993511,1.004036,1.006296,0.994709,0.983859,0.992151,0.99359,0.990704,0.979138,1.0,0.960563,1.006585,0.983927,1.019556,1.019176,1.010232,1.008136
2024-01-09,0.993353,1.002412,0.999428,0.992242,0.993478,1.002335,0.992063,0.998527,0.997549,0.989712,1.009381,1.0,0.998436,1.006826,0.996678,0.998737,0.997693,1.036939,1.0,0.99691,0.985765,0.996132,0.996965,1.008159,1.001792,1.009363,0.993455,0.975881,1.012474,0.99841,0.995122,0.971655,0.99469,1.010804,0.979747,0.988357,0.994036,0.954617,1.014668,1.009761,1.002457,0.990302,0.977912,1.010438,1.013035,1.005862,0.97619,1.016467,1.027322,0.980952,0.97983,0.960748,1.012195,0.996454,0.978172,0.996,0.982196,0.993321,0.985099,0.990716,1.005848,0.991342,0.982238,0.962884,0.997866,0.975221,0.990856,0.986935,0.982273,0.96875,0.983594,0.996835,1.003226,0.932976,0.977273,1.028037,1.005865,0.984112,0.989498,1.005231,1.028571,0.967589,0.982515
2024-01-10,0.981199,1.004812,0.994273,0.968726,0.984683,0.978261,0.981333,0.960177,0.990172,0.964657,0.973978,0.983165,0.989037,0.99322,0.987778,1.0,0.986127,0.960136,0.984649,0.986981,0.990975,0.976699,0.969559,0.983815,0.991055,0.972171,0.986825,0.963878,1.0,0.97293,0.996324,0.967328,0.994662,0.965558,0.96124,0.979058,0.974,0.980328,0.992347,0.970999,0.987745,0.980991,0.985626,0.985537,0.996324,0.924242,0.937805,1.007364,0.993921,0.985437,0.96533,0.988327,0.972461,1.003559,0.969317,0.97992,0.978852,0.98367,0.97479,0.961178,0.985465,0.984716,0.976492,0.975537,0.99216,0.956443,0.972973,0.961303,0.955414,0.990391,0.978554,0.988889,0.951125,0.966954,0.956395,0.979545,0.963557,0.961064,0.972877,0.980052,0.981707,0.981856,0.963723
2024-01-11,0.997878,1.012769,0.996544,0.989508,1.004444,1.009524,1.0,0.989247,0.997519,0.978448,0.986641,1.006849,1.003959,1.010239,1.003375,0.997472,1.007034,1.019435,1.006682,0.996231,0.985428,1.025845,0.993721,1.0047,0.99639,0.986641,0.989319,1.001972,1.00616,1.00982,1.00984,0.99035,0.994633,1.00246,1.0,1.002674,1.008214,1.006689,0.928021,0.995575,0.992556,1.01057,0.984722,1.006289,0.99262,0.977301,1.035111,0.986842,1.003058,0.987685,0.988777,1.045276,0.99646,1.010638,1.0,1.027152,1.024691,1.013672,0.996552,0.998607,1.00295,1.002217,1.02037,0.995441,1.013649,1.0,1.00271,1.011653,0.976667,1.003465,0.995942,1.00321,0.954023,1.010401,0.987842,1.00464,1.007564,0.968379,1.003636,1.00531,1.022774,0.991471,0.995739
2024-01-12,0.994272,0.991332,0.987861,1.000816,1.0,0.981918,1.0,0.984472,0.9801,0.982379,0.998066,0.993197,0.990536,0.996622,0.998879,1.001267,0.996508,0.985269,0.995575,0.998739,1.014787,1.0,1.00316,0.994152,0.980072,0.998066,1.006748,0.992126,0.963265,0.988655,0.99391,0.98782,0.989209,0.991411,0.986559,0.994667,1.00611,1.019934,0.98615,0.955556,0.98,1.021499,0.988011,0.99375,0.992565,1.0,1.005025,0.98963,0.994665,1.01995,0.977299,0.977401,0.978686,1.005263,0.992806,1.014963,1.018072,0.985549,1.012111,0.983264,0.966176,0.984513,0.990926,0.955725,1.010631,1.062619,1.022973,0.99267,1.009101,1.02279,0.99348,0.9936,1.017009,1.023529,0.978462,1.006928,1.084084,1.002041,0.993961,1.001761,1.00135,0.993548,0.999287
2024-01-15,1.01272,1.00159,1.009362,1.018745,1.004425,1.009608,1.0,1.028391,1.007107,1.017937,1.015504,1.003425,1.005573,0.99661,1.005612,1.001266,1.01285,1.034301,1.006667,1.008838,1.030965,1.01938,1.009449,1.001176,0.988909,1.00969,1.020107,1.003968,1.038136,1.006557,1.003676,1.009864,1.009091,1.008663,1.008174,1.004021,1.012146,1.022801,1.008427,1.004651,0.994898,0.989761,1.025696,1.008386,0.981273,0.997419,0.99,0.989521,0.996935,1.007335,1.030197,1.019268,1.018149,0.970332,0.937681,1.022113,0.982249,1.038123,1.001709,1.02695,1.006088,0.982022,1.012821,1.04393,1.025947,1.0875,0.999339,1.005274,1.003382,1.066847,0.990976,0.983897,1.053659,0.978448,1.023585,1.0,0.99169,1.017312,1.001215,1.006151,0.989218,1.022367,1.008565
2024-01-16,0.996475,0.97619,0.990725,1.004,1.002203,1.006344,1.002717,1.003067,0.96875,1.002203,1.0,1.0,1.000792,1.001701,0.991071,1.018963,0.997693,0.985544,1.004415,0.991865,0.980565,1.0,0.982839,1.00235,0.953271,0.978887,0.99343,0.988142,0.983673,0.969055,0.992674,0.990232,1.0,0.991411,0.991892,1.008011,1.022,1.007962,1.042711,0.997685,1.007692,0.991954,1.003479,1.006237,1.009542,0.987063,1.02904,1.018154,1.000769,1.019417,0.978579,0.99811,1.001783,1.021583,1.010819,0.975962,0.96988,0.993409,1.023891,0.987569,0.996974,1.0,0.998192,0.964805,1.009569,0.968801,1.009253,1.005247,1.011236,0.989873,1.022351,1.008183,0.99537,0.997063,0.990783,1.004587,0.98324,0.983984,1.001214,0.99214,1.006812,0.995766,0.995046
2024-01-17,0.97669,0.991057,1.003511,1.003187,0.995604,1.021277,1.00271,1.0,0.990635,0.998901,1.007634,1.0,1.0,1.006791,1.024775,1.006203,1.035838,1.004314,0.993407,0.989905,0.985586,1.013308,0.980952,0.998828,0.998039,0.976471,1.003968,0.996,1.008299,0.978151,1.00984,0.986436,0.996396,0.993812,1.0,0.992053,0.992172,0.990521,1.027605,0.981439,1.005089,1.0,1.003467,1.033058,0.99811,0.993447,0.986503,1.008915,1.009985,0.964286,0.982719,0.996212,1.012456,1.005282,0.970948,1.014778,0.968944,0.980095,1.0,0.993007,0.984825,1.002288,1.021739,0.957177,1.003385,1.033898,0.994761,0.985386,0.991111,1.003197,0.961943,1.003247,1.005316,0.979381,0.996899,1.006849,0.992898,0.983215,1.007273,0.884683,0.981732,0.992204,1.00569
2024-01-18,0.962875,0.969647,0.970845,0.958697,0.98234,0.965278,0.983784,0.974006,0.987395,0.981298,0.981061,0.993174,0.995253,0.976391,0.976923,1.0,0.991071,0.963918,0.980088,0.99044,0.972578,0.958724,0.969256,0.992958,0.934185,0.971888,0.972332,0.943775,0.979424,0.955326,0.979294,0.9975,0.980108,0.995019,0.953678,0.967957,0.988166,0.982456,0.995667,0.943262,0.979747,0.98146,0.975812,1.008,0.988636,0.977573,0.9801,0.994109,1.006084,0.97284,0.982415,0.943916,0.961336,0.996497,0.962205,0.985437,0.964744,0.992263,0.98,0.973239,0.956857,0.984018,1.003546,0.974316,0.965587,0.998361,0.981567,0.975636,0.975336,1.004461,0.976431,0.982201,0.976867,1.006015,0.931571,0.986395,0.984263,0.966374,0.960289,1.00199,0.999311,0.977143,0.990099
2024-01-19,1.007521,0.980541,0.978979,0.963546,0.975281,0.952838,0.975275,0.945055,0.976596,0.955157,0.967181,0.975945,0.963434,0.960276,0.978628,0.956843,0.966216,0.926916,0.950339,0.967181,0.943609,0.928571,0.936561,0.953901,0.931651,0.956612,0.95935,0.951064,0.94958,0.93705,0.960199,0.972431,0.95572,0.963705,0.914286,0.950345,0.974052,0.964286,0.94691,0.944862,0.971576,0.985832,0.97238,0.952381,0.967433,0.960864,0.935279,0.976296,0.981104,0.959391,0.948687,0.963746,0.956124,0.977153,0.98036,0.961576,0.966777,0.951754,0.940476,0.950796,0.961353,0.960557,0.966431,0.969388,0.938505,0.947455,0.942321,0.954397,0.937931,0.966371,0.958621,0.940692,0.930311,0.944694,0.929883,0.988506,0.959302,0.939507,0.964912,0.961271,0.96069,0.959795,0.963571
2024-01-22,0.994601,1.010354,1.022086,0.99742,1.006912,0.994128,1.005634,1.009967,1.01634,1.012911,1.011976,1.014085,1.013201,1.01259,1.013793,1.005155,1.026807,1.020192,1.002375,0.999335,1.041833,1.022129,1.030303,1.009913,1.007901,1.00216,0.992938,0.993289,1.022124,1.005758,1.012953,1.024485,0.998069,1.015584,1.00625,1.014514,0.97541,1.018519,1.05239,0.985411,1.00266,0.99521,1.010925,1.0125,0.986139,1.02809,0.991859,1.007587,1.002311,1.050265,0.996226,1.011494,1.00956,1.0,1.016694,0.991803,1.044674,1.005632,1.019892,1.013699,1.018425,1.012077,1.007313,0.992982,0.996277,1.008666,1.007829,0.996587,0.98652,1.029547,1.006295,1.0,1.015273,1.017405,1.0,0.988372,1.015152,0.983476,1.009091,1.030475,1.016511,1.015232,1.016308
2024-01-23,0.9773,1.001708,0.990396,0.989655,1.004577,1.020253,1.005602,0.998355,0.994641,0.989571,0.99211,1.0,0.988599,0.994671,0.997732,0.979487,0.986379,0.990575,0.995261,1.005326,0.998088,0.995876,0.986159,0.992638,0.991041,0.993534,1.004267,1.0,0.989177,0.967557,0.993606,1.006289,1.0,1.003836,0.984472,0.995708,1.002101,1.006612,0.983406,0.967699,0.994695,1.018652,0.976945,1.002058,0.997992,0.961749,0.989056,0.993976,0.998463,0.974811,0.986111,1.008264,0.994318,0.971223,0.970443,0.97624,0.963816,0.995927,0.980496,0.989489,0.993421,1.00716,0.987296,0.973498,0.98281,0.974227,0.981638,0.98516,1.004969,1.012117,1.012511,1.003503,0.983524,0.96112,1.025135,1.009412,0.976119,0.975087,1.023166,0.994486,0.984463,0.983496,1.013129
2024-01-24,1.026255,0.997442,0.960606,0.965157,0.984055,0.977667,0.986072,0.981878,0.971983,0.97541,1.007952,0.975694,0.987644,0.983929,1.0,0.977749,1.001151,0.958135,0.966667,0.981457,0.957854,0.942029,0.942105,0.961681,0.894915,0.889371,0.978754,0.936937,0.986871,0.942801,0.981982,0.9575,0.990329,0.955414,0.946372,0.974138,0.989518,0.945813,0.997336,0.994437,0.981333,0.97342,0.966814,0.983573,0.985915,0.973011,0.947441,0.992424,0.982294,0.956072,0.960307,1.006148,0.96,0.987037,0.959391,0.940741,0.976109,0.975971,0.954792,0.984825,0.955298,0.964455,0.954044,0.950091,0.975665,0.952381,0.974101,0.945539,0.934487,0.991178,0.950574,0.966841,0.952658,0.935275,0.931699,0.988345,0.932722,0.980392,0.996226,0.96371,0.964849,0.998474,0.992801
2024-01-25,1.035554,1.011966,1.01388,1.053249,1.020833,1.036379,1.019774,1.050336,1.023282,1.033613,1.061144,1.010676,1.001668,0.99274,1.019318,1.017403,1.029885,1.004965,1.014778,1.005398,1.016,1.024176,1.050279,1.006427,1.092172,1.080488,1.013025,1.057692,1.019956,1.058577,1.014417,1.005222,1.015625,1.038667,1.043333,1.029499,1.004237,1.015625,1.043633,1.011189,1.005435,1.071602,1.037376,1.004175,1.010204,1.029197,1.062774,1.012214,1.000784,1.091892,1.013333,1.014257,0.998016,1.018762,1.017637,1.038245,1.041958,1.031954,1.026515,1.01849,0.982669,1.007371,1.013487,1.064947,1.042089,1.053704,1.01551,1.029412,1.029101,1.016529,1.050139,0.99639,1.013761,1.039792,1.06015,1.007075,1.052459,1.046667,1.010101,1.030335,1.023792,1.033613,1.060189
2024-01-26,1.019628,1.012669,1.038581,1.02485,1.038549,1.026939,1.036011,1.054313,1.030336,1.04878,1.02974,1.035211,1.014155,1.010969,1.014493,1.055263,1.020089,1.090909,1.029126,1.019463,1.023622,1.026824,1.044326,1.011494,1.027746,1.038375,1.015714,1.047727,1.01087,1.059289,1.023256,1.046753,1.021154,1.016688,1.038339,1.037249,1.029536,1.0,1.024744,1.015214,1.043243,1.010193,1.036029,1.08316,1.060606,1.035461,1.012363,1.039216,1.035239,1.042079,1.019737,1.008032,1.023857,1.049724,1.025997,1.032503,0.983221,1.012183,1.051661,1.036309,1.017637,1.05122,1.055133,1.003587,1.045625,1.033392,1.050182,1.013095,1.069409,0.989994,1.057471,1.047101,1.060332,1.016639,1.031915,1.039813,1.029595,1.046902,1.025,1.067005,1.036311,1.073171,1.065663
2024-01-29,0.983979,1.007506,0.994008,1.024247,1.017467,1.034181,1.024064,1.048485,1.010515,1.036545,1.041516,1.017007,1.017241,1.016275,1.010989,1.0,1.006565,1.124094,0.995283,1.001317,1.009615,1.028213,1.037351,0.989899,1.08099,1.056522,1.005626,1.017354,0.989247,1.074627,1.015152,1.007444,0.986817,1.002525,1.003077,1.030387,0.993852,1.030769,0.982515,1.038147,1.072539,0.997758,1.031938,1.046065,1.08,0.982192,1.036635,1.047896,1.023449,0.940618,1.034839,1.021912,0.976699,1.036842,1.030405,1.049318,1.003413,0.994985,1.035088,1.00292,1.032929,0.99768,1.027027,0.994638,1.01073,1.020408,1.01108,1.014101,1.039663,0.976627,1.004181,1.069204,0.987198,1.01964,1.001718,1.009009,1.025719,1.034292,1.028049,1.016175,1.016819,1.010331,1.036585
2024-01-30,1.007837,1.004967,1.005425,0.995918,1.0,0.998463,0.997389,0.975434,1.0,0.988248,1.003466,0.993311,0.991929,0.992883,0.994565,0.988778,1.0,0.961322,1.0,1.009862,0.984762,0.994919,1.00491,1.005102,0.98231,0.995885,1.004196,0.995736,1.006522,0.961806,1.0,1.019704,0.98855,0.978589,0.972393,0.991957,0.960825,0.975124,1.005932,0.988189,0.980676,1.0,0.97249,0.976147,1.007055,0.951185,0.909686,1.009695,0.995565,0.979798,0.970075,0.900585,0.982107,1.003384,0.981967,1.0025,0.982993,0.958669,0.986441,0.960699,0.994966,1.002326,0.989474,0.960467,0.9908,0.818333,0.976027,1.0,0.989595,0.835705,0.941715,0.972492,0.961095,0.963082,0.957118,1.0,0.964602,0.977005,0.994069,0.965356,1.0,0.966599,0.974613
2024-01-31,0.97675,1.010708,1.010791,1.008197,1.006438,0.997691,1.010471,1.002963,1.003122,1.008649,1.022453,1.006734,1.012205,1.02509,1.005464,0.997478,1.002174,1.013412,1.021327,0.996094,1.005803,1.009193,1.004886,0.991117,1.002119,1.020661,1.009749,1.023555,1.021598,1.00361,1.028607,1.007246,1.017375,0.993565,0.987382,1.043243,1.019313,1.022109,1.001685,1.042497,1.024631,0.996629,0.997171,1.024436,1.014011,0.998534,1.034532,1.00823,1.005197,0.997423,0.989717,0.952381,1.012146,1.005059,0.991653,1.027431,1.017301,0.978444,1.005155,1.007576,1.065767,1.00464,1.0,1.022451,1.030714,0.942974,1.02807,1.042874,1.035047,0.893963,0.979664,1.006656,1.008996,1.005,0.992832,1.013393,1.025994,1.021894,1.01074,1.019399,1.028946,1.023977,1.013342
2024-02-01,0.986094,1.0,0.972123,0.97561,0.991471,0.95679,0.987047,0.960118,0.988589,0.969989,0.962838,0.986622,0.988746,0.987762,0.98587,0.981037,1.0,0.97105,0.974478,0.969935,0.959615,0.915992,0.969206,1.008963,0.936575,0.975709,0.977931,0.968619,0.957717,0.96223,0.981862,0.979616,0.971537,0.968912,0.958466,0.953368,0.976842,0.963394,0.989066,0.997452,0.983173,0.961105,0.970922,1.005505,0.984456,0.961821,0.961057,0.986395,0.993353,0.937984,0.936364,0.971591,0.98,0.971477,0.986532,1.002427,0.97619,0.955938,0.988034,0.969925,0.996835,0.969977,0.95922,0.984446,0.95842,0.965443,0.927645,0.971111,0.96614,0.974892,0.975632,0.968595,0.971768,1.011609,0.965704,0.971366,0.955291,0.959293,0.998819,0.983825,0.944407,0.980028,0.956113
2024-02-02,1.00524,0.99837,0.991458,0.985833,0.997849,0.983065,1.002625,1.006154,0.982162,0.992265,1.001754,0.99661,1.010569,0.982301,1.009923,1.018041,1.007592,0.984668,0.969048,0.981806,0.95992,1.003315,0.983278,0.994924,0.971783,0.979253,0.994358,0.974082,1.011038,0.960748,0.995074,0.99388,0.992188,0.986631,0.953333,1.021739,0.991379,0.972366,0.989796,0.99106,0.992665,0.975953,0.988313,0.978102,0.991228,0.984733,0.950796,0.997241,0.988104,0.986226,0.976422,0.955556,0.987755,1.020725,0.979522,0.995157,0.979094,0.979764,0.989619,0.955039,0.974603,0.97619,0.97597,0.98513,0.949385,0.917226,1.02649,0.98627,0.969626,0.959147,0.883441,0.988055,0.956422,0.960656,0.957009,1.0,0.956318,0.969291,1.001182,0.980658,0.994326,0.977512,0.993443
2024-02-05,0.997903,0.994286,1.002462,1.000845,0.99569,1.003281,0.992147,0.996942,0.991453,1.010022,0.980736,0.996599,1.014481,1.001802,0.995633,0.991139,1.001076,1.024221,1.007371,0.995882,1.024008,1.002203,0.982993,1.008929,0.982578,0.985169,0.995745,1.008869,1.039301,0.990272,1.001238,1.059113,0.994094,0.99458,1.024476,0.992021,0.997826,1.044405,1.011168,1.009021,1.0,1.022236,1.003695,0.979478,0.989381,0.984496,1.045662,0.990318,0.988713,0.988827,1.014205,1.0,1.012397,0.99154,1.015679,1.002433,1.035587,1.005737,0.996503,1.00487,1.030945,1.041463,1.035985,1.030189,0.993145,1.031707,0.989247,1.025522,1.061446,1.026852,1.005236,1.017271,1.02478,1.011945,1.039062,1.00907,1.045677,1.008065,0.998819,1.013807,1.031384,1.021567,1.028383
2024-02-06,0.998484,1.007389,0.99202,0.985642,0.997835,0.977105,1.0,0.97546,1.001078,0.98677,0.983929,0.993174,1.019826,0.998201,1.015351,0.998723,1.010753,0.984797,1.007317,1.0,0.978593,1.003297,1.017301,1.006321,1.028369,1.010753,1.009972,0.995604,1.008403,1.0,1.004944,1.006977,1.013861,1.043597,0.972696,0.990617,1.004357,0.967687,0.959218,0.988506,1.004926,1.012346,1.028719,1.020952,1.025045,0.993701,1.017467,1.00419,1.012177,0.99435,0.985994,0.97552,0.995918,1.015358,1.0,0.987864,0.979381,0.985739,0.992982,0.98546,0.987362,1.028103,1.005484,1.02381,1.021472,0.793381,0.988406,0.996606,1.005675,0.788097,0.969792,1.008489,0.986739,0.959528,0.983083,1.002247,0.979719,0.982857,0.997636,0.992218,1.007607,0.995074,1.0
2024-02-07,1.040416,0.99511,0.992574,0.988003,1.0,1.008368,1.002639,1.003145,0.987083,0.991061,1.00726,1.0,0.998445,0.996396,1.00216,0.982097,1.012766,0.969983,0.987893,0.984149,0.977083,0.96276,0.991497,0.987437,0.958621,0.989362,0.990127,0.97351,0.9875,0.998035,0.99754,0.995381,1.005859,0.994778,0.985965,0.993234,0.989154,0.991213,1.015943,0.985788,1.004902,0.974448,1.000716,0.981343,1.001745,0.979398,0.985694,1.0,0.993233,0.982955,1.002841,0.989962,0.995902,1.0,0.986278,1.009828,0.975439,0.993634,0.978799,0.993443,1.0016,1.002278,0.967273,0.992844,1.015015,1.030989,0.98607,0.978434,1.01693,1.040046,0.973147,0.973064,1.028458,1.026362,1.003824,1.0,0.990446,1.000581,1.003555,0.989216,0.997255,0.999293,1.010911
2024-02-08,0.996593,1.010647,1.01808,1.056375,1.032538,1.034025,1.031579,1.067398,1.022901,1.067644,1.064865,1.037801,1.049065,1.0434,1.006466,1.033854,0.983193,1.050398,1.026961,1.004202,1.025586,1.01934,1.048027,1.002545,1.100719,1.058065,1.017094,1.018141,1.016878,1.100394,1.020962,0.99884,1.015534,1.074803,1.078292,1.072207,1.017544,1.06383,1.030514,1.060288,1.021951,1.003576,1.040057,1.024715,0.996516,1.050162,1.033382,1.022253,1.010598,1.066474,1.086402,1.074778,1.037037,1.008403,1.067826,1.036496,1.068345,1.053582,1.034296,1.064356,1.038339,1.013636,1.058271,1.072072,1.048077,1.049711,1.024535,1.080046,1.054384,1.078108,1.069536,1.010381,1.064566,1.09589,1.078095,1.080717,1.057878,1.077862,1.031877,1.048563,1.05437,1.075725,1.050794
2024-02-09,0.987326,1.007293,1.001837,1.0,0.991597,1.014446,0.992347,0.997063,0.998934,0.998944,0.981387,0.996689,0.982183,0.994801,0.994647,1.011335,0.99359,0.98064,1.0,1.016039,0.990644,0.987723,0.94108,1.002538,0.969499,0.95935,1.001401,0.973274,1.016598,1.003578,1.006039,0.997677,1.003824,0.981685,1.049505,0.997459,1.019397,0.991667,0.990694,0.976514,0.997613,1.02019,1.004814,0.996289,0.996503,1.010786,0.984551,0.993197,0.998502,1.0,0.920469,0.957547,0.996032,1.016667,0.983713,1.028169,1.010101,1.010503,1.010471,0.984496,1.007692,1.0,1.010657,0.984034,0.992237,1.056167,0.981858,0.978518,0.984211,1.05,1.012384,1.0,0.98556,0.985938,1.001767,0.985477,0.992401,0.974124,0.995423,0.97448,0.982376,0.985526,0.987311
2024-02-12,0.991719,0.991955,0.99022,0.993432,0.983051,0.995253,0.989717,0.995582,1.004269,0.990486,1.001724,0.980066,0.986395,0.989547,0.987083,0.995019,0.978495,0.956223,0.997613,0.993137,1.011542,0.979661,1.001739,0.972152,1.026966,1.014831,0.99021,1.022883,1.012245,1.012478,0.985594,0.994179,0.980952,1.0,1.015723,0.971975,0.985201,0.979832,0.984629,1.006329,0.992823,0.980792,0.982888,1.003724,0.987719,1.015244,0.988588,1.00274,1.006002,1.01897,1.022663,1.009852,0.99004,0.981967,0.991722,0.96347,0.996667,1.007112,1.003454,0.993701,0.980153,1.008969,0.991213,1.017079,0.989331,0.923879,0.953437,1.009879,0.993583,0.927114,0.998981,0.993151,0.998535,1.007924,1.008818,0.976842,1.012251,0.97399,0.991954,0.99806,1.010631,0.938585,1.007956
2024-02-13,1.0,0.995134,0.991358,1.002479,0.993534,0.99841,0.994805,0.974852,0.992561,0.983991,0.991394,0.99661,0.990805,0.998239,1.004362,0.982478,0.989011,0.98833,1.004785,0.988252,0.974066,0.959631,0.986111,0.997396,0.93326,0.981211,0.997175,0.966443,0.971774,0.933099,0.995128,1.003513,0.992233,0.978856,0.972136,0.993447,0.991416,0.982847,0.915004,0.973585,0.992771,0.985757,1.0,0.992579,1.001776,0.965465,0.994228,0.989071,0.990306,0.994681,0.98615,0.990244,0.987928,0.998331,0.978297,0.981043,0.973244,0.993482,0.97074,0.985737,0.996885,1.015556,1.005319,0.981528,1.015816,0.977427,0.996124,0.984783,1.003229,0.990566,0.982653,0.987931,0.987528,0.959119,0.97028,1.006466,0.990923,0.977841,0.987254,0.983479,0.998685,0.985775,0.996357
2024-02-14,1.0,0.991035,1.008717,1.004122,1.010846,0.998408,1.007833,1.015175,1.022484,1.011931,1.050347,1.006803,0.996906,1.003527,0.988056,0.971975,0.996667,0.97911,0.995238,0.998601,0.998935,0.986779,1.0,0.975196,0.978898,1.004255,1.0,1.006944,1.014523,1.054717,1.007344,1.035006,0.984344,1.016518,1.006369,1.019789,0.993506,1.015707,1.037915,0.988372,0.990291,1.018663,1.009749,1.0,0.994681,1.029549,0.975327,1.002762,0.999247,1.02139,1.022472,1.004926,0.985743,0.994983,1.022184,1.0,1.006873,1.0,0.994681,1.009646,1.007812,1.015317,1.017637,1.023097,1.02477,0.907621,1.031128,0.993377,1.02897,0.813757,1.022845,0.994764,1.056464,1.054098,1.018018,1.010707,1.01374,1.035445,1.019953,1.013834,1.044108,1.021645,1.018282
2024-02-15,1.008434,1.009046,1.003704,1.013957,1.006438,1.009569,1.007772,1.00299,1.013613,1.01179,1.001653,1.010135,0.989139,1.012302,0.992308,0.994758,0.994426,0.98423,1.0,0.996499,0.987207,0.98782,0.989437,1.017403,1.019162,0.995763,1.001416,0.974713,0.993865,1.0,1.0,1.003382,0.99006,1.01,1.012658,0.993532,1.0,0.996564,0.998174,1.015686,1.012255,0.998227,0.984138,0.992523,0.998217,1.015106,0.994048,1.001377,0.997739,1.010471,1.001374,1.022059,1.006198,1.005042,1.0,0.995169,1.006826,1.0,0.98574,1.012739,1.0,1.006466,1.006932,1.001672,1.019337,0.980916,1.01434,1.0,1.055787,1.015605,1.013198,1.001754,1.003516,1.007776,1.019469,1.006356,1.006024,1.02413,1.009206,1.010721,1.003153,1.007062,1.008977
2024-02-16,1.004109,1.00978,1.01968,1.019433,1.006397,1.015798,1.010283,1.040238,1.014463,1.032839,1.016502,1.006689,1.007059,1.027778,1.003322,1.019763,1.011211,1.093308,1.028708,1.026001,1.038877,1.038224,1.062278,1.015789,1.102233,1.059574,1.018388,1.087264,1.053498,1.085868,1.030377,1.025843,1.02008,1.02599,1.0625,1.022135,1.03268,1.091379,1.034767,1.029601,1.012107,1.00296,1.022425,1.011299,1.0125,1.065476,1.053892,1.005502,1.005287,1.054404,1.037037,1.004796,1.036961,1.0,1.036728,1.048544,1.067797,1.038819,1.047016,1.055031,1.037209,1.049251,1.043029,1.057596,1.062331,1.120623,1.044643,1.074444,1.049383,1.044814,1.013026,1.028021,1.046251,1.040123,1.050347,1.016842,1.062874,1.049315,1.022805,1.030858,1.02137,1.023843,1.0172
2024-02-19,1.024794,1.007264,0.977081,0.97776,1.002119,0.998445,0.997455,0.972779,0.98167,0.971282,0.975649,1.006645,0.998442,1.003378,1.015453,1.033592,1.02439,0.982759,0.981395,0.983562,0.976091,0.975059,0.974874,0.979275,0.948827,0.987952,0.9875,0.958785,0.992188,0.942339,0.983491,0.969332,0.992126,0.977081,0.970588,0.991083,0.991561,0.958926,1.022989,0.9375,1.019139,0.972255,0.976011,1.027933,1.026455,0.960894,0.9375,1.031464,1.012772,0.953317,0.962963,0.998807,0.980198,1.041806,0.983897,0.990741,0.984127,0.981053,1.027634,0.962742,0.977578,0.963265,0.978548,0.985004,0.966837,0.960648,0.985755,0.953464,0.913882,1.028186,0.980218,1.051107,0.974548,0.980712,0.930579,0.962733,0.973239,0.959269,0.971014,0.96913,1.007385,0.979452,0.987755
2024-02-20,0.994342,1.004006,1.010494,0.994314,1.014799,0.992991,1.015306,0.994109,1.006224,1.01056,0.993344,1.013201,1.015601,1.008418,1.019565,1.04125,1.012987,1.05,1.009479,1.009053,0.996805,1.007308,1.010309,1.005291,1.030337,0.99187,0.997187,1.011312,1.033465,1.001748,1.010791,1.020339,1.027778,0.998765,1.042424,1.017995,1.010638,1.003295,0.994814,1.030667,1.018779,1.009107,0.997893,1.005435,1.013746,1.02907,1.006061,1.033156,1.004451,1.0,0.98489,0.984468,1.00202,0.993579,1.011457,1.016355,1.0,0.977468,1.016807,1.004644,1.007645,0.995763,1.010118,1.00641,1.00066,1.037349,0.958092,1.021692,0.988671,1.078665,0.973764,1.004862,1.008935,1.003026,1.033748,1.023656,1.001447,0.998367,1.016073,1.003861,0.999389,1.009091,1.007084
2024-02-21,1.015731,0.961692,1.09102,1.021242,1.014583,1.022745,1.022613,1.063704,1.024742,1.047022,1.053601,1.016287,0.993856,1.013356,0.998934,1.006002,1.002137,1.022556,1.028169,1.037267,1.04594,1.048368,1.045918,1.006579,1.094875,1.04918,1.015515,1.042506,0.99619,1.024433,1.010676,0.998893,1.025097,1.016069,1.020349,1.027778,1.014737,1.054187,1.025195,1.018111,1.002304,1.046931,1.016186,0.992793,1.00678,1.021186,1.045181,0.987163,1.002216,1.020619,1.048815,1.038835,1.024194,0.993538,1.014563,0.997701,1.012903,1.022503,1.018182,1.029276,1.018209,0.993617,0.979967,1.040605,1.019776,1.051103,1.039216,1.032909,1.035417,1.047514,1.037306,1.027419,1.049046,1.012066,1.042955,1.016807,1.015896,1.027263,1.00452,1.018269,1.012836,1.010395,1.004689
2024-02-22,1.014534,0.989212,1.019037,1.016,1.01848,1.003067,1.007371,1.02507,1.021127,1.017964,1.009539,1.009615,0.996909,0.996705,0.997866,1.034606,0.992537,1.012255,1.006849,1.012641,1.013279,1.001153,1.004878,1.003922,1.021912,1.009766,1.005556,1.023605,1.024857,1.015332,1.0,0.982262,1.016949,1.015815,1.014245,1.013514,1.012448,1.040498,1.026271,1.045743,1.034483,0.982759,1.009003,1.039927,1.057239,1.047026,1.074928,1.058518,1.016949,1.012626,1.007979,1.03271,0.992126,1.050407,1.015949,1.039171,1.009554,1.005368,1.022727,1.002994,1.013413,1.008565,1.02385,1.048967,1.009696,1.01768,0.996372,1.02261,1.031187,1.028481,1.016983,1.023548,1.035714,1.007452,1.011532,1.014463,1.038407,1.012208,1.011249,1.010387,1.073024,1.026749,0.990665
2024-02-23,0.998979,0.994128,0.995604,0.99685,1.004032,0.990061,1.009756,1.016304,1.007389,1.0,1.001575,1.003175,0.985271,0.998347,1.005348,0.99308,1.005371,1.041162,0.995465,0.999343,0.981855,0.990783,1.003236,1.002604,1.046784,1.001934,1.009669,1.004193,0.966418,1.010067,0.99061,0.980813,0.975926,0.991617,0.994382,0.993939,0.991803,1.041916,1.032205,1.014581,0.995556,0.999415,0.997941,0.986038,0.996815,0.972259,0.981233,1.004914,0.983333,1.014963,0.988127,0.967195,0.994048,0.978328,0.992151,0.988914,0.990536,0.988788,0.995238,0.986567,1.013235,1.0,1.0,1.014588,1.016005,0.990228,1.003642,1.042714,1.019512,0.990769,1.004912,1.029141,1.021944,0.983728,0.998371,0.985743,0.984932,0.98322,0.994438,1.027103,1.030371,0.995992,0.998233
2024-02-26,0.994552,1.007595,0.988962,0.993681,0.981928,0.985328,0.985507,0.97861,1.007335,0.979412,0.988994,0.984177,1.004721,0.996689,0.998936,0.979094,0.991453,1.007752,1.004556,1.007232,0.98152,0.996512,0.985484,1.005195,0.988827,0.996139,0.998632,1.048017,0.980695,1.053156,0.988152,1.004603,1.001898,1.016908,0.997175,0.991463,0.997934,0.989943,0.9744,0.980838,0.993304,1.014043,0.98762,0.980531,0.988818,1.004076,1.012295,1.026895,0.984525,0.977887,1.006676,1.040936,1.005988,0.987342,0.995253,0.988789,1.006369,1.014579,0.977671,0.990923,0.976778,0.985138,0.986689,1.005751,0.979206,1.028509,0.989115,1.012048,0.961722,1.02381,1.017595,0.976155,0.995706,0.98797,1.0,1.004132,0.997218,0.992533,0.997763,0.978162,1.012555,0.994634,0.988791
2024-02-27,1.009382,0.999162,1.001674,0.995231,1.010225,1.000784,1.004902,1.006831,1.0,0.995996,1.00159,1.006431,1.043853,1.006645,1.01278,1.001186,1.001078,0.998462,1.006803,1.011749,1.025105,0.991832,0.99509,0.988372,1.007533,0.982558,1.00411,0.976096,1.015748,0.992114,0.984412,0.986254,1.007576,1.024941,1.008499,1.00123,0.993789,0.991292,1.0,1.031746,0.995506,0.980958,0.990947,1.00722,1.001616,1.031123,0.99865,0.99881,1.002994,1.005025,1.102122,1.001124,0.984127,1.001603,1.012719,1.006803,0.993671,1.05322,1.009788,1.029008,0.994056,0.976293,1.016863,1.254467,1.009653,1.007463,0.973588,0.964286,1.024876,1.006067,1.020173,1.0,1.006161,1.013699,1.009788,1.0,1.020921,1.007523,1.003363,1.009302,0.975741,1.018206,1.008353
2024-02-28,0.984876,1.001676,0.9961,0.976038,0.98583,0.990603,0.990244,0.964722,1.007282,0.977889,0.977778,0.98722,0.996249,1.006601,1.009464,1.016588,1.020452,0.987673,1.038288,1.006452,1.028571,0.995294,0.975329,1.019608,0.929907,0.956607,1.0,0.967347,1.007752,0.934817,0.986602,0.976771,1.00188,0.977984,0.957865,0.97543,0.99375,0.973646,0.990148,1.0,0.986456,0.988824,0.973296,0.987455,0.993548,1.001312,0.974324,0.979738,0.996269,0.9575,0.953069,0.967452,0.987903,1.0,0.957614,0.993243,0.974522,0.974735,0.977383,0.970326,1.014948,0.988962,1.001658,1.007977,0.951562,0.97672,0.996986,0.967901,0.943689,0.962814,0.964218,0.970992,0.959584,1.001502,0.954766,0.979424,0.95082,0.9728,0.985475,0.982488,0.965193,0.983444,1.045562
2024-02-29,1.004067,1.008368,1.0,0.993453,1.002053,1.005534,0.995074,0.987342,0.995181,0.991778,0.991883,0.996764,0.982681,0.993443,0.98125,0.984848,0.971519,1.0039,0.980477,1.012179,0.979167,1.0,0.98145,0.998718,0.992965,0.993814,0.986357,1.0,1.005769,1.018707,0.981481,1.016647,0.97561,1.014218,1.008798,0.996222,0.989518,1.021053,1.009121,1.033136,0.990847,1.008328,1.000722,0.987296,1.001623,1.048493,0.995839,0.978102,0.985768,1.24282,1.059343,1.0058,0.987755,0.968,1.003279,0.995465,1.022876,1.002074,1.006612,1.010703,0.933726,0.995536,0.970199,1.002261,1.028131,1.031419,0.975813,1.004082,1.004115,1.016701,0.992188,0.995283,1.018507,1.034483,1.00846,1.004202,1.030172,0.976425,1.006803,0.933865,1.021179,0.981818,0.99717
2024-03-01,0.999117,1.015768,0.994966,0.988468,1.0,0.983491,1.002475,1.005698,0.990315,0.998964,0.993453,1.0,1.0,1.0,1.0,1.010651,0.998914,0.994561,0.99115,1.006333,0.932118,1.002364,0.982818,0.976893,0.988866,0.989627,0.986169,0.976793,0.965583,0.998331,0.993711,0.982456,0.988462,1.009346,1.005814,0.993679,1.006356,0.9838,0.995892,0.998855,1.0,0.974041,1.000722,1.069853,0.990276,1.005,1.001393,1.004975,0.995441,1.031513,1.015495,1.048443,0.985537,1.009917,0.996732,1.029613,0.99361,1.007243,1.024631,1.007564,1.018927,0.988789,0.981229,1.010716,0.992182,0.987395,0.993029,0.998984,1.027152,1.031828,1.001969,1.014218,1.107769,0.986957,0.989933,1.016736,0.997211,1.016844,0.966216,1.016575,0.995516,1.002058,0.980704
2024-03-04,1.000394,0.991013,1.024733,1.0,0.993852,1.011191,0.992593,0.984419,1.02934,0.977178,0.981878,1.0,1.001533,1.006601,1.008493,1.042155,1.003261,0.984375,1.0,1.016992,0.953261,0.996462,0.961538,0.992116,0.983623,0.945493,1.030856,0.984881,0.994059,0.961538,1.002532,0.958333,0.984436,0.991898,1.017341,0.998728,1.021053,0.979042,1.012376,1.020642,1.011547,1.0957,0.995674,0.967354,1.018003,1.002488,0.988873,1.033416,1.021374,1.050916,0.992958,1.071507,0.979036,1.022913,0.978689,0.995575,1.012862,0.989214,1.003205,1.001502,0.998452,0.938776,0.97913,0.892857,0.996717,1.117021,0.99766,0.976602,0.973566,1.125373,1.019646,1.020249,1.035068,1.069016,1.023729,1.018519,0.977622,0.988404,0.988345,0.999012,0.980293,0.986995,1.016204
2024-03-05,0.973889,0.990107,0.936369,0.974167,0.989691,0.961265,0.992537,0.976978,0.976247,0.981953,0.988255,0.99026,0.986993,0.965574,0.983158,0.988764,0.991333,0.972222,0.977679,0.981436,0.972634,0.984615,0.963636,0.970861,0.969823,0.984479,0.968707,0.969298,0.962151,0.975652,0.991162,0.968944,0.976285,0.968495,0.920455,0.975796,0.97732,0.987768,0.971475,0.965169,0.986301,0.964621,0.971035,1.001776,0.975884,1.002481,0.926864,0.997605,0.999253,1.01938,0.968085,0.992813,0.970021,0.9856,0.971524,0.96,0.92381,0.992212,0.979233,0.956522,0.967442,0.985507,0.98579,0.95,0.971014,0.949524,0.982017,0.953125,0.959016,0.960212,0.950867,1.01374,0.943716,0.940934,0.918874,0.979798,0.969957,0.924581,0.979953,0.942631,0.955198,0.966713,0.954442
2024-03-06,1.017042,1.007494,1.001172,1.02053,1.008333,0.990954,1.010025,1.019146,1.017032,1.019459,1.018676,1.016393,1.017054,1.01528,1.006424,1.032955,1.005464,1.023673,1.0,0.993695,1.012896,1.016827,0.996226,0.998636,1.033262,1.006757,1.007022,1.027149,1.026915,1.010695,1.014013,1.016667,1.016194,1.021687,1.030864,1.030026,1.0,1.060372,1.011745,1.016298,1.011574,1.057307,1.023863,1.007092,1.0,1.063119,1.027314,1.004802,1.017951,1.001901,1.013431,0.992761,1.022075,1.012987,1.013793,0.993056,1.010309,1.009419,1.060359,1.021944,1.020833,1.022059,1.032432,1.006579,1.022388,1.090772,1.027866,1.024044,1.037393,1.043278,1.009119,1.061747,1.027215,0.994161,1.048649,0.997938,1.047198,1.077946,1.015644,1.018888,1.016837,1.030846,1.01074
2024-03-07,0.987328,0.966942,1.002926,0.981559,0.995868,0.990871,1.0,1.001445,1.007177,0.991516,0.996667,1.003226,0.994665,0.989967,1.005319,0.9956,1.002174,0.984051,1.002283,0.999365,0.997685,0.975177,0.975379,1.0,0.970924,0.979866,0.997211,0.969163,1.056452,0.962963,1.008794,1.002522,0.998008,0.987028,0.973054,0.993663,1.018987,0.99562,1.0,1.009164,1.0,1.015176,0.98689,0.989437,1.011532,1.005821,0.936484,1.027479,0.991183,1.024668,0.987952,0.994792,0.99784,1.003205,0.993197,0.990676,0.993197,0.976672,1.032308,0.981595,0.946625,1.01199,1.006981,0.942484,0.966158,0.785287,0.972115,0.96905,0.963955,0.794351,0.968876,1.032624,0.962796,0.991189,0.991409,1.0,0.960563,1.059978,0.991706,0.984037,0.998817,0.983994,0.959858
2024-03-08,1.007616,1.005128,1.008168,1.0,1.008299,1.030151,1.004963,1.011544,1.002375,1.014973,0.991639,1.019293,0.976245,1.006757,0.983069,1.00884,0.986985,1.019449,1.01139,0.992381,1.035963,1.007273,1.015534,1.002732,1.003209,1.006849,1.016783,0.988636,1.020992,1.018315,1.008717,0.98239,1.005988,1.008363,0.996923,1.017857,1.039337,0.97654,1.038972,1.00454,1.011442,1.008009,0.99631,1.005338,1.008143,1.047454,1.025237,1.044186,1.003706,1.094444,1.013415,1.005236,1.012987,0.995208,1.018836,1.0,0.993151,0.997877,1.050671,1.021875,0.991708,0.990521,1.012132,1.003467,1.028159,1.021077,1.011952,1.0,1.026709,1.04,1.033161,1.008242,0.991803,1.037037,0.991334,1.004132,1.030792,0.979376,0.991637,1.006803,1.013025,1.007779,1.025215
2024-03-11,1.01432,0.992347,1.0,1.029035,1.0,1.012195,1.002469,1.015692,1.016588,1.011591,1.013491,1.009464,0.99843,1.006711,0.993541,1.004381,0.997802,1.00318,1.022523,1.007038,1.045913,1.032491,1.011472,1.006812,1.012793,1.015873,1.006878,1.055172,1.009346,0.991007,1.008642,1.008963,1.02381,1.018957,1.027778,0.996241,1.021912,1.03003,1.006385,1.013559,1.0,1.054555,1.031852,0.99115,1.011309,1.047514,1.026154,0.964365,0.997046,1.111675,1.026474,0.976042,1.019231,0.959872,1.010084,1.009412,1.027586,1.05,0.987234,1.024465,1.033445,1.026316,1.032534,0.996545,1.012692,1.014908,1.011811,1.035242,1.063996,1.047009,1.028084,0.99455,1.053129,1.004286,1.04021,1.004115,1.044097,1.064255,1.012048,1.014033,1.013442,1.021754,1.013797
2024-03-12,1.030501,1.006855,1.019097,1.036515,1.014403,1.036145,1.012315,1.057584,1.009324,1.05,1.053245,1.009375,1.022799,1.015,1.006501,0.994547,1.0,1.042789,1.037445,1.013342,1.062099,1.04662,1.096408,1.016238,1.141053,1.104911,1.032787,1.084967,1.040741,1.088929,1.017136,1.030457,1.021318,1.027907,1.069069,1.047799,1.015595,1.062682,1.007137,1.039019,1.00905,0.988448,1.04379,0.985714,0.995208,1.012658,1.037481,1.003464,1.0,0.989346,1.010551,1.023479,1.069182,1.011706,1.058236,1.032634,1.07047,1.061803,1.0,1.113433,1.048544,1.020979,1.058043,1.019417,1.048813,1.050847,1.045914,1.071809,1.080685,1.056122,1.067317,0.989041,1.047085,1.064011,1.067227,1.022541,1.13624,1.07864,1.014286,1.045618,1.000577,1.028159,1.010651
2024-03-13,0.999334,1.009362,1.007382,1.003203,0.989858,1.005426,0.982968,0.98008,1.002309,0.984127,0.982622,0.990712,0.996925,0.986864,1.003229,1.027412,1.020925,0.991641,1.0,1.001881,0.961694,0.983296,0.975862,0.98269,0.987085,0.993939,1.001323,0.97992,0.998221,0.983333,1.0,1.011084,0.98482,0.997738,0.974719,0.997599,1.023033,0.994513,0.976378,1.003219,1.011211,1.009654,0.999312,0.998188,1.0,0.975,0.962428,1.011507,0.991852,1.027692,0.99652,1.025026,0.982353,1.009917,1.014151,0.961625,1.003135,0.999046,1.015805,1.0,1.007716,1.0,1.004702,1.031973,0.997484,0.994624,1.0,0.979653,0.966063,0.988406,0.997258,1.034626,1.010171,1.02139,0.981102,0.97996,1.002398,1.0,0.992958,1.021569,1.002882,0.988644,1.00644
2024-03-14,0.992949,0.995784,0.994363,0.989625,0.993852,0.959907,0.99505,0.985095,0.986175,0.988911,0.991961,1.00625,0.986122,0.993344,0.994635,1.008538,1.0,0.970115,0.997877,0.986233,0.998952,1.007928,1.001767,1.006775,1.020561,1.03252,1.0,1.026639,0.967914,0.988136,1.001203,0.996346,0.990366,0.997732,0.982709,0.986763,1.015009,1.006897,1.012097,1.003209,1.022173,1.009562,0.995182,0.994555,1.020867,0.985043,1.033033,1.007964,0.997013,0.935629,0.976717,0.974568,1.001996,1.001637,1.018605,0.995305,1.03125,1.015282,1.005658,0.989276,0.958652,0.997717,0.99688,0.98352,0.998108,0.869189,1.034226,0.99696,1.007026,0.878788,0.970669,1.034806,0.984632,0.984293,0.988764,1.00409,1.0311,1.000941,1.009456,0.995202,1.0,0.992568,0.993019
2024-03-15,0.985805,0.991533,1.001134,0.985484,0.985567,0.97992,0.99005,0.977992,0.983645,0.9684,0.982172,0.996894,1.0,0.9933,0.995685,0.993651,0.996764,1.025276,0.987234,0.993655,0.982162,0.968539,0.968254,0.983849,0.965201,0.992126,0.988111,0.982036,1.016575,0.984563,0.986779,0.984108,0.988327,0.989773,0.985337,0.985366,0.988909,0.994521,0.969721,0.958422,0.986985,1.021934,0.981328,0.992701,1.012579,0.993492,0.969477,0.986456,0.99176,0.9904,1.004768,0.991649,0.992032,0.982026,1.019787,0.978774,0.987879,0.988711,1.005626,0.985095,0.980831,0.970252,1.0,0.987265,0.989261,0.89801,0.977698,0.995935,0.962791,0.912125,0.999056,1.025873,0.962325,1.018617,1.00487,0.96334,1.0,0.982143,0.991803,0.976856,0.98908,0.978897,0.996485
2024-03-18,1.000971,1.017933,0.984711,0.991817,1.0,0.968033,0.994975,1.002813,1.007126,1.011579,1.00165,0.996885,0.999218,1.006745,0.998917,1.007455,0.991342,1.009245,0.961207,0.973819,0.994658,0.99652,0.992714,0.990424,0.954459,0.980159,0.97861,0.969512,0.983696,0.987805,0.990256,0.993789,1.011811,1.016073,1.044643,1.001238,0.971963,1.045455,1.004108,1.014461,0.995604,1.000976,1.021142,1.022059,0.982919,0.978166,1.017991,0.998856,0.997734,1.009693,1.00949,1.003158,1.03012,0.981697,0.976119,1.009639,1.003067,1.031399,1.00979,1.02751,1.001629,1.007075,0.98748,0.943652,0.992976,1.022161,1.0,1.022959,0.964251,1.042683,1.035917,0.983607,1.011186,0.989556,1.066236,0.995772,1.00348,1.026794,1.002361,1.008885,1.0,1.001391,0.977072
2024-03-19,0.987594,0.998322,0.991374,0.980198,0.98954,0.972058,0.989899,0.978962,0.990566,0.980229,0.988468,0.99375,0.989045,0.98325,0.996746,0.985201,1.002183,0.977863,0.997758,1.005246,0.987111,0.983702,0.961468,0.987569,0.982107,0.979757,0.97541,0.981132,0.972376,0.964727,0.99385,0.99375,0.986381,1.00226,0.965812,0.987639,0.994231,0.980237,0.944354,1.001096,1.002208,0.995127,0.983437,1.001799,1.011058,0.976562,0.966127,1.014891,1.0,1.024,0.976498,0.987408,1.0,1.008475,0.981651,0.973747,0.963303,0.986162,0.987535,0.994645,0.973984,0.990632,0.96355,0.920144,1.0,0.943089,0.986019,0.989526,1.017034,0.925146,0.982664,0.984615,0.986726,0.967018,0.974242,0.991507,1.010405,0.993476,0.982332,0.994129,0.993027,0.9875,0.979543
2024-03-20,1.000822,1.001681,1.00406,1.010943,0.997886,0.97561,0.997449,0.998567,0.992857,1.002123,1.005,1.009434,0.990506,1.018739,0.996736,0.961373,0.991285,1.017955,0.988764,0.979778,0.958651,0.985799,1.009542,0.99021,1.018219,1.006198,1.002801,1.008547,0.982955,1.010969,0.987624,0.988679,1.009862,0.99549,1.0059,0.998748,1.003868,0.986559,1.032929,0.992333,1.004405,0.992165,1.013333,1.021544,1.004688,1.0,1.012195,1.020316,1.0,1.004688,1.002407,0.998937,1.003899,0.994958,0.998442,1.012255,1.0,1.005613,1.009818,0.975774,0.981636,1.0,0.993421,1.045348,1.019936,1.0,1.0,1.010585,1.05665,0.997472,1.001857,0.992188,0.995516,1.0191,0.99689,0.995717,0.977117,1.002814,0.98801,1.002953,1.011118,1.00211,1.012899
2024-03-21,1.019345,1.021812,1.032351,1.007494,1.027542,1.01875,1.017903,1.018651,1.023981,1.027542,1.026534,1.024922,1.019968,1.056856,1.027293,1.003348,1.008791,1.005368,1.045455,1.016644,1.026107,1.026411,1.045369,1.014124,1.055666,1.036961,1.027933,1.027542,1.034682,1.014467,1.012531,1.038168,1.011719,1.052095,1.038123,1.026316,1.009634,1.03951,1.004195,1.014349,1.004386,1.031589,1.00831,0.994728,1.021773,1.006857,1.052711,1.007743,1.012112,0.982893,1.003601,1.028723,1.009709,1.035473,1.01248,1.016949,1.012698,1.007442,1.058333,1.017931,1.018707,1.035461,0.998344,1.010471,1.035309,1.020115,1.023881,1.029925,0.990676,1.017744,0.868397,1.026247,1.039414,0.994645,1.00156,0.995699,1.055035,1.023386,1.021845,0.991168,1.024306,1.018246,1.024864
2024-03-22,0.978436,1.000821,0.982652,0.984298,0.989691,0.980719,0.994975,0.942254,0.983607,0.974227,0.975767,0.990881,0.982772,0.984177,0.992561,0.997775,1.015251,0.987033,1.023913,0.97315,0.943584,0.964912,0.962025,0.966574,0.958569,0.960396,0.892663,0.969072,0.964618,0.959002,0.97401,0.974265,0.982625,0.990312,0.929379,0.976801,0.984733,0.942333,0.832916,1.006529,0.971616,0.994258,0.991758,0.989399,0.975647,0.950057,0.961373,0.972558,1.005984,0.998418,0.944976,1.006205,0.955769,0.982055,0.990755,0.983333,0.956113,0.987996,0.969816,1.00271,0.963272,1.011416,0.9801,0.891192,0.968331,0.91831,0.928571,0.945278,0.962353,0.92279,0.932764,0.973146,0.956121,0.986541,0.873832,0.980562,0.975583,0.946984,0.965558,0.972277,1.00226,0.978635,0.986982
2024-03-25,0.998434,1.004102,0.982916,0.972292,0.997917,0.979446,0.997475,0.976084,0.997619,0.959788,0.993377,0.993865,1.003187,1.014469,1.003212,0.995541,1.012876,0.949768,0.96603,1.002692,1.004689,0.989091,1.016917,0.991354,1.047151,1.002062,0.990868,1.03617,1.003861,1.016729,0.982211,0.992453,1.005894,0.965217,0.972644,0.99625,0.992248,0.995828,0.964393,0.982703,1.008989,1.0077,0.999307,0.994643,1.0078,0.988053,0.977679,1.01693,0.992565,0.976228,0.981013,0.913669,0.991952,1.013289,0.986003,0.987893,1.009836,0.985981,1.133965,1.001351,1.006932,0.995485,0.98308,0.988372,1.018868,1.075153,1.018053,0.993852,0.987775,1.048583,0.983982,1.014455,1.057224,1.004093,1.012478,1.002203,0.971559,0.997104,1.00738,1.025458,0.997745,0.990141,0.980216
2024-03-26,1.008783,1.008987,1.009849,1.006045,1.016701,0.989964,1.012658,1.01072,1.009547,1.00882,1.043333,1.006173,1.001589,0.982567,0.991462,0.99776,0.98411,0.983727,1.006593,1.016107,0.995333,0.987745,1.012939,0.984012,1.030019,1.022634,0.986175,0.969199,1.0,1.009141,0.98577,1.008872,1.021484,1.03491,1.0125,1.016311,1.005859,0.998603,0.976599,0.970297,0.995546,1.031519,1.037422,1.014363,1.006192,0.989117,0.951294,0.99667,1.011236,0.965909,0.993548,1.035996,1.014199,0.990164,1.001577,0.978431,1.00974,1.023697,1.0,1.032389,1.012048,1.006803,0.984509,1.023529,1.031481,0.96719,1.014649,0.97732,0.99505,0.980695,0.966279,0.974093,1.001072,1.01087,0.998239,1.0,0.996487,1.013553,1.018315,1.036743,1.0,1.0,0.993272
2024-03-27,0.986432,0.989474,0.981641,0.981974,0.985626,0.968664,0.9925,0.989394,0.995272,0.975956,0.988818,0.996933,0.99207,0.990323,0.990312,1.003367,0.986006,0.959471,0.997817,1.004624,0.974209,0.991315,0.968978,1.013294,0.983607,0.98994,1.006231,1.059322,0.996154,0.95471,0.989501,0.994975,1.0,0.992383,0.978395,0.935802,1.023301,0.987413,1.021832,0.988662,0.98434,1.010185,1.008684,0.984071,0.995385,0.98044,0.984,0.979955,0.994074,1.006723,0.968831,0.988056,0.982,1.006623,0.987402,1.022044,0.967846,0.938889,1.01074,0.964706,0.97449,0.977477,1.006993,0.964696,0.981448,1.014749,1.104863,0.900844,0.991045,0.967192,0.951865,1.019947,0.975375,1.040323,0.959436,0.989011,0.990599,0.976122,0.989209,0.952586,0.981356,0.978663,0.994458
2024-03-28,1.009064,1.000818,1.001169,0.995629,0.983333,1.0,0.992443,1.012251,0.995249,1.051512,1.0,0.993846,0.996803,0.965798,0.995652,1.021253,1.0,1.039655,0.97593,0.99211,0.993983,1.003755,1.060264,0.98105,1.024074,1.006098,0.996904,0.99,0.982625,0.950664,1.002653,0.992424,0.986616,1.013158,1.003155,0.992084,0.979127,1.021246,0.974466,0.983945,1.009091,0.972502,1.00596,1.016187,1.034003,1.033666,1.102439,1.029545,0.997019,1.011686,1.016086,0.996703,1.004073,1.011513,0.980861,0.982843,1.003322,0.994083,1.038961,1.012195,1.005236,1.016129,1.001736,1.03234,1.014634,1.039244,1.019257,0.983607,1.044177,1.006784,1.010114,1.018253,1.062569,1.0,1.018382,1.082222,1.04745,1.055773,1.024242,1.03268,0.993667,1.021076,1.00805
2024-03-29,1.0,1.012265,1.052539,1.027217,1.027542,1.023787,1.022843,1.025719,1.095465,1.014909,1.016155,1.018576,1.010425,0.996627,0.998908,1.008762,1.0131,1.019071,1.035874,1.014579,1.029056,1.003741,1.062167,0.992571,0.985533,1.018182,1.007764,1.084848,1.009823,0.98004,1.035714,1.043257,1.007752,1.022727,0.965409,1.035904,1.040698,1.004161,1.052406,1.012821,1.04955,0.987747,1.017775,1.015929,1.067265,0.996381,1.045723,1.057395,1.012706,1.042904,1.005277,0.987872,1.004057,1.027642,1.034146,1.014963,0.983444,1.00496,1.017045,1.089692,1.008681,1.043084,1.025997,1.019786,1.065505,0.993007,1.011471,1.030952,1.03125,0.990566,1.008761,1.038412,1.047521,1.027132,1.001805,1.030801,1.02265,1.007414,1.043787,1.021422,1.092121,1.010676,0.931204
2024-04-01,1.023583,0.991922,0.99279,0.976068,0.993814,0.98513,0.995037,0.99115,0.978214,0.992655,0.982512,0.987842,0.994444,0.996616,0.985792,1.017372,0.992457,0.978031,0.987013,0.977139,0.991765,1.004969,0.993311,1.016467,0.959633,0.970238,0.992296,1.001862,0.990272,1.00611,0.993614,0.990244,0.982692,0.980952,0.967427,0.933248,0.981378,0.983425,1.004573,0.988493,0.995708,0.978053,0.997413,0.993031,1.004202,1.039952,0.995769,0.998956,0.997048,0.971519,0.994751,0.966518,0.993939,1.0,0.97327,1.009828,0.983165,0.978282,1.052514,0.955774,0.979346,0.993478,0.998311,0.949879,0.979695,0.988732,0.97465,1.013857,0.974359,1.012245,0.976427,1.036991,0.975838,0.98239,0.951351,0.996016,0.972315,0.960442,0.995465,0.99142,1.003714,0.990845,0.986807
2024-04-02,0.987809,1.021987,1.007821,0.991243,0.997925,1.012264,0.990025,0.979167,1.0,0.984144,1.0,0.996923,0.984038,0.996604,1.002217,0.96158,1.0,1.002496,0.997807,0.993984,1.008304,0.991347,1.010101,1.0,0.967495,0.99182,1.004658,0.97026,0.976424,0.95749,0.98329,1.0,0.988258,1.014024,0.942761,0.994498,0.97723,1.0,0.97218,0.994179,0.976293,1.019512,1.005188,0.980702,0.993026,1.004657,0.966006,1.008359,0.994078,1.045603,0.984169,1.0,0.977642,0.992089,0.993538,0.973236,0.965753,0.998486,0.994692,0.998715,0.98594,0.993435,0.993232,0.988085,1.022453,0.951567,0.996578,0.961276,0.992823,0.944892,0.969504,0.997622,1.014654,1.015365,0.958333,1.026,0.979499,0.985632,1.014806,1.010577,0.989958,0.995736,1.001337
2024-04-03,1.0,1.007171,1.011086,1.007951,1.008316,0.974837,1.012594,0.989362,1.004454,0.996778,1.016181,1.009259,0.998378,1.010221,0.998894,1.034406,0.984799,1.020747,0.997802,1.001345,1.012941,1.013716,0.993333,1.017673,1.013834,0.97732,1.003091,1.021073,0.997988,1.035941,1.002614,1.0,1.005941,1.001064,1.003571,0.993084,1.029126,0.952247,1.033819,1.003513,1.00883,1.013397,0.985161,1.023256,1.01264,0.994206,1.020528,0.990674,1.011169,0.961059,0.97319,1.020785,1.004158,1.017544,1.0,0.987,1.003546,1.020718,1.043757,0.997426,0.942959,0.984581,1.011925,1.040482,0.994932,1.053892,0.982143,1.00237,0.975904,1.034139,1.010485,0.998808,0.99004,0.972257,1.0,0.988304,0.998837,0.994169,0.987654,0.984776,1.00267,1.004996,1.010013
2024-04-04,0.999929,1.011076,1.03125,1.013146,1.006186,0.998088,1.0,0.993856,1.011086,1.002155,1.004777,1.003058,1.008123,1.013491,1.015504,0.998927,1.007718,1.034146,1.030837,1.0,1.031359,1.01353,1.013423,0.995658,1.003899,1.006329,1.0,1.009381,1.0,0.991837,1.0,1.006158,1.011811,1.018066,1.02847,1.004178,1.026415,1.004425,0.992451,1.019837,0.991247,1.028329,0.99869,1.005245,0.994452,1.041958,1.028736,0.986402,1.002209,1.053485,1.03168,0.99095,1.010352,0.998433,1.011382,1.012158,1.007067,1.025743,0.986708,1.030968,1.034026,1.0,1.001684,1.009106,0.996604,1.022727,1.002098,1.024823,0.992593,1.031637,1.022049,1.002387,1.003018,1.023346,1.003953,1.009862,1.026775,0.993157,1.006818,0.96715,1.016507,1.00142,1.040978
2024-04-05,1.000534,1.014085,1.060074,1.014706,1.008197,0.996169,1.014925,1.006182,1.019737,1.007527,1.015848,1.015244,1.019339,1.008319,1.009815,1.034372,1.012035,1.073899,1.014957,1.011417,0.994369,1.014563,1.014901,1.0,1.015534,0.993711,1.004622,0.996283,1.016129,1.002058,1.001304,1.001224,1.009728,1.025052,1.0,1.016644,1.011029,1.01909,1.028398,1.003432,1.01766,1.011019,1.030164,1.010435,1.029289,0.998881,1.072626,1.015907,1.013226,0.984615,0.981308,1.0,1.012295,1.023548,1.0,0.990991,1.0,1.02027,1.010363,1.001252,0.990859,1.0,1.021849,1.033634,1.007382,0.995833,1.046755,0.991926,1.0,0.981333,1.030457,1.052381,1.041123,1.017744,1.029528,0.984375,1.012472,1.047244,1.006772,1.018981,1.00681,1.048936,1.008254
2024-04-08,1.005691,1.000772,0.985958,0.997442,0.993902,0.992308,0.997549,0.998464,0.991398,0.987193,0.99532,0.996997,0.986561,1.00165,0.982721,1.016615,0.997838,1.013177,0.995789,0.98672,0.956965,1.009569,0.985318,0.969477,0.984704,1.016878,0.990798,1.009328,0.986111,0.979466,0.985677,0.992665,0.990366,0.996945,0.982699,0.983629,1.023636,1.001441,0.989152,1.003421,0.997831,1.000908,1.002546,1.008606,1.00271,0.986562,0.9375,1.010438,0.996374,0.98125,0.982313,0.98516,1.004049,1.009202,0.983923,1.00303,0.978947,1.000946,1.033846,1.005,0.99262,1.0,0.957237,0.978571,0.98478,0.983264,0.976,0.988372,0.989055,0.95788,1.020936,1.004525,1.006744,1.007472,0.988528,1.019841,0.992161,0.994361,0.98991,0.988235,1.002601,1.003381,0.969773
2024-04-09,1.018487,0.983809,1.002035,0.975214,0.981595,0.94186,0.980344,0.943077,0.986985,0.96,0.990596,0.98494,0.985577,0.976936,0.979121,0.986721,0.964247,0.960983,0.993658,0.983176,0.959763,0.959716,0.960265,0.965517,0.913592,0.975104,0.986068,0.972274,0.965795,0.955975,0.984148,0.980296,0.972763,0.966292,0.96831,0.970874,0.980462,0.959712,1.000997,0.979545,0.993478,1.005445,0.982857,0.993174,0.989189,0.965948,0.951389,0.98657,0.988355,0.966561,0.981994,0.966396,0.975806,0.981763,0.970588,0.978852,0.978495,0.993384,1.015873,1.026119,0.960967,0.982103,0.975945,0.957015,0.974814,0.985816,0.976093,0.947059,0.955734,0.995745,0.991556,1.004505,0.977033,0.992583,0.945841,0.98249,0.978555,0.967864,0.989807,0.967758,1.010898,0.965633,0.981169
2024-04-10,0.997425,1.000784,0.988832,0.983348,1.004167,0.972222,1.010025,0.990212,0.995604,1.004505,1.004747,0.996942,0.998374,0.983137,0.988777,1.003106,0.976404,0.975188,0.997872,0.976044,0.986436,0.996296,0.984483,1.001553,0.998937,0.991489,0.99686,1.003802,0.991667,0.989035,0.985235,0.972362,0.99,0.978858,0.989091,0.992857,0.980072,0.998501,0.983566,0.988399,1.017505,0.983755,0.983204,1.017182,1.021858,0.968273,0.960584,1.01466,1.0081,0.973641,1.023977,1.026379,1.016529,1.012384,0.988215,1.014403,0.981685,0.990485,1.003906,1.001212,0.996132,0.954442,0.920775,0.984746,0.978274,0.976978,0.991603,0.981366,0.953684,0.97151,0.96472,0.994395,0.995103,1.008717,0.993865,1.009901,0.99308,0.988281,0.991991,0.991799,1.006674,0.982554,0.9636
2024-04-11,0.978161,0.977291,0.976899,0.969697,0.987552,0.973545,0.992556,0.985173,0.993377,0.983184,0.987402,0.993865,0.989414,0.974271,0.981839,0.988648,0.980437,0.962992,0.989339,0.975456,0.99375,0.995043,1.001751,0.968992,0.980851,0.991416,0.985827,0.969697,0.953782,0.97561,0.975477,0.950904,0.975758,0.964363,0.963235,0.981295,0.990758,0.966967,0.961519,0.974178,0.980645,0.955963,0.991459,0.989865,1.006684,0.974515,0.957447,0.980392,0.991234,0.947547,0.965565,0.961449,0.989837,1.001529,0.989779,0.990872,0.947761,0.985591,0.962062,0.96368,0.972816,0.940334,0.973231,0.950947,0.97419,0.960236,0.974594,0.974684,0.963576,0.961877,0.935687,0.977452,0.971457,0.97284,0.95679,0.998039,0.952381,0.976779,0.986159,0.973127,0.972463,0.972301,0.977335
2024-04-12,0.99275,0.995994,1.004204,0.990809,1.004202,1.017391,1.005,1.008361,1.002222,1.006842,1.012759,1.012346,0.995062,1.0,1.009249,1.02714,1.016432,0.995196,0.963362,1.005751,0.932075,1.0,0.98951,0.9936,0.997831,1.002165,1.0,1.011719,1.017621,0.988636,0.994413,0.929348,0.981366,0.99776,1.007634,1.007331,1.011194,0.996894,0.988942,0.998795,0.991228,0.992322,0.996687,1.020478,0.98672,1.026152,1.020635,0.990526,1.014738,0.964286,1.011412,1.003645,1.014374,0.99542,1.0,1.015353,0.968504,0.993177,1.007078,1.022613,0.986028,0.966497,1.011788,1.039819,1.005545,1.021472,1.010862,0.992208,0.9874,1.04878,1.009434,1.001153,0.988349,1.001269,0.993548,1.001965,1.003659,0.998988,0.994152,0.988848,1.004195,0.993426,0.991567
2024-04-15,0.978826,1.008045,1.003663,1.013915,1.016736,1.022436,1.022388,1.041459,1.013304,1.026048,1.028346,1.021341,0.992556,1.001761,0.9874,0.99187,0.982679,1.011263,0.997763,1.000715,1.021592,1.009963,1.015901,0.996779,1.0,1.028078,0.995208,0.988417,0.984848,0.988506,1.004213,0.995614,0.995781,1.015713,1.003788,1.018923,0.998155,1.023364,1.041534,1.00965,1.013274,1.00677,1.011968,0.994983,0.985195,0.956311,1.041991,0.977683,0.998548,1.005556,1.023977,0.992736,1.018219,1.003067,1.008606,0.996976,0.987805,1.007851,0.980924,1.006143,1.01417,0.991597,1.003883,0.99913,1.041054,0.993994,1.05086,1.018325,1.0,1.001453,1.001335,1.019585,1.00205,0.992395,1.006494,1.043137,1.012151,0.992911,1.011765,1.004834,1.0047,0.998529,1.012757
2024-04-16,1.000177,0.987231,1.001564,0.981702,1.002058,0.986416,1.0,0.992038,0.991247,0.993377,0.996937,1.002985,0.995,0.994728,1.00464,1.009221,1.001175,0.976929,0.993274,1.0,0.984148,1.01233,1.001739,0.996769,0.98913,0.987395,0.998395,0.982422,0.984615,1.032558,1.002797,0.988253,0.993644,0.973481,0.984906,0.99,0.996303,0.983257,1.043967,0.991637,1.015284,0.975024,0.998029,1.008403,1.023224,0.992386,0.970149,1.011957,1.003636,0.972376,0.986226,1.0,0.974155,1.004587,0.984642,1.005056,0.962963,0.979552,0.997953,0.964591,1.001996,0.95339,1.005803,0.925958,0.986463,0.953172,0.998637,0.976864,0.970998,0.956459,0.950667,1.00226,0.974936,0.98212,0.982796,0.979323,0.957983,0.992351,0.993023,0.988776,0.985967,0.982327,0.9993
2024-04-17,1.008247,1.025061,1.009891,1.025163,1.00616,1.020127,0.997567,1.028892,1.015453,1.042222,0.99232,1.011905,1.022613,1.012367,1.017321,1.003046,1.019953,1.040717,1.022573,1.007857,1.013423,1.01827,1.013889,1.025932,1.013187,1.017021,1.011254,1.021869,1.015625,1.004505,1.020921,1.026746,1.025586,1.003405,1.019157,1.025974,1.016698,1.035604,1.025465,1.012048,0.993548,1.012808,1.054641,0.998333,0.973298,1.005115,1.030769,0.975295,1.01087,0.996212,0.994413,0.990244,1.018367,0.96347,1.039861,1.056338,1.08547,0.998012,1.001026,1.001266,1.033865,1.006667,1.030769,0.916745,1.02148,1.014263,1.0,1.022368,1.0454,1.01214,1.02805,0.950395,1.055614,1.042913,1.028446,1.005758,1.003759,1.032888,1.035129,1.015676,1.002109,1.026237,1.02521
2024-04-18,0.99013,1.013407,1.016495,1.049091,1.002041,1.012461,1.004878,1.029641,1.01087,1.013859,1.004644,1.011765,1.007371,1.015707,1.010216,0.989879,1.005754,1.00313,1.015453,1.014883,1.02649,0.994019,1.010274,1.041074,1.013015,1.020921,1.006359,1.021401,1.026374,1.0,1.010929,1.01013,1.010395,1.007919,1.011278,1.005626,1.058394,1.046338,0.985673,1.016667,1.019481,1.021401,1.037453,0.998331,0.993141,1.002545,0.997015,1.014317,0.997133,0.980989,1.007022,1.01601,1.014028,0.99684,1.008333,0.995238,1.015748,0.983566,0.993852,1.022756,1.015414,1.019868,1.011194,1.009236,1.019276,1.014063,1.007509,1.020592,1.057143,1.031484,0.975443,0.969158,1.079523,1.018703,1.025532,1.003817,1.038702,1.060697,1.002262,1.025546,1.029984,1.019722,0.995902
2024-04-19,1.017724,1.007004,1.014199,1.035529,1.004073,1.034872,1.004854,1.042424,1.006452,1.055731,1.01849,1.005814,1.010569,1.020619,1.004494,1.006135,1.014874,1.022621,1.008696,1.00419,1.027097,1.01083,1.028814,1.027314,1.011777,1.036885,1.018957,1.028571,0.985011,1.042601,1.021622,1.002865,1.020576,1.021324,1.022305,1.022378,1.005172,1.024286,1.016473,1.005855,1.0,1.01619,1.035499,0.998328,1.004144,1.031726,1.025449,1.016287,1.01294,1.005814,1.036262,1.048485,1.001976,1.004754,1.028099,1.033493,1.03876,1.018734,1.070103,1.029666,1.017078,0.998918,0.994465,0.981698,1.024069,0.993837,1.039295,1.008827,1.074595,0.994186,0.963636,1.039168,1.046041,1.028152,1.03527,0.996198,1.0,1.043152,1.006772,1.016087,1.02145,1.038682,1.015775
2024-04-22,1.019213,1.000773,1.016,1.032636,1.01217,1.021804,1.007246,1.024709,1.014957,1.007968,1.03177,1.008671,1.008045,1.013468,1.016779,1.007114,1.006764,1.003814,1.015086,1.001391,0.993719,0.996429,1.062603,1.001477,1.037037,1.029644,1.015504,1.009259,1.002174,1.008602,1.010582,1.001429,1.008065,1.010989,1.0,1.01368,0.994854,0.987448,1.007626,1.005821,1.012739,0.998126,0.986055,1.011725,1.01238,1.00861,0.994161,1.014957,1.004968,1.007707,1.016151,1.019653,1.009862,1.012618,1.048232,1.006944,1.022388,1.012922,1.038536,0.996399,1.0,0.985915,0.996289,0.96841,0.996083,0.987597,0.98957,0.9875,1.001006,0.986842,1.030479,1.004711,0.981514,1.0,0.993988,1.009542,1.014423,1.000899,1.004484,1.0,0.9865,1.006897,0.989872
2024-04-23,1.022125,1.003089,1.00689,1.013776,0.995992,1.047527,0.995204,1.015603,0.997895,1.017787,1.002933,0.991404,0.998404,0.993355,0.992299,0.990918,1.003359,1.015957,1.008493,1.011806,1.029077,1.003584,1.082171,1.0,1.122449,1.067179,1.019847,1.034862,1.034707,1.046908,1.001309,1.015692,1.006,1.020652,1.072727,1.012146,1.005172,1.026836,1.013245,1.020833,1.006289,1.021596,1.026517,1.013245,1.024457,1.02439,1.064611,1.035789,1.003531,1.013384,1.029139,1.02381,1.023438,0.995327,1.01227,0.990805,1.010949,1.044161,1.025974,1.045783,1.020522,1.028571,1.01676,1.057754,1.011236,1.058085,1.019104,1.020253,1.060302,1.042963,1.074648,1.032825,1.036771,1.025,1.072581,1.018904,1.065166,1.057502,1.001116,1.030644,1.030411,1.031507,1.017735
2024-04-24,1.004841,1.009238,1.014663,1.019185,1.020121,1.061111,1.012048,1.022346,1.004219,1.023301,1.02193,1.049133,1.0,1.001672,0.995565,0.986762,0.99442,1.009723,1.004211,0.997941,1.034398,1.034524,1.040115,0.99705,1.070909,1.028777,1.002994,1.005319,1.016771,1.10998,1.010458,1.011236,1.033797,1.017039,1.027119,1.010667,1.0,0.983494,1.014939,0.987528,0.972917,0.96875,0.997704,0.96732,0.96817,1.038095,1.030345,1.004065,0.980296,1.050943,1.011583,0.996678,1.009542,1.00626,1.0,0.937355,1.01444,1.016917,0.96745,1.003456,1.02011,1.022436,1.009158,1.024267,0.992778,1.035608,0.985133,1.011166,0.990521,1.03125,1.02228,0.990919,0.963668,1.015099,1.033835,1.005566,0.996663,1.002549,1.023411,1.023786,0.95032,0.987384,1.012064
2024-04-25,1.02121,1.022121,1.000963,0.986667,1.005917,1.008726,1.007143,0.98224,1.014706,0.988615,0.982833,0.972452,0.986411,0.996661,1.003341,1.006192,0.994388,1.002222,0.997904,1.000688,0.995249,1.002301,1.004132,1.001479,1.001698,0.994755,1.004478,0.982363,1.008247,0.968807,0.989651,0.984722,0.994231,0.997906,0.976898,0.985488,0.981132,1.006993,1.051518,0.995408,1.010707,1.037951,0.998849,1.005068,1.010959,0.965596,0.962517,1.027328,1.003589,0.980251,0.987277,0.992222,0.99811,1.017107,0.981818,0.982178,0.960854,0.996303,1.018692,0.994259,0.985663,0.975967,0.976407,1.026654,1.003917,0.984241,1.026247,1.007362,0.997608,0.976584,0.984615,0.990836,0.982944,0.995423,0.987273,1.079336,0.997768,0.972881,1.006536,1.013553,0.997412,1.0,0.995364
2024-04-26,1.005425,1.033582,1.010587,1.052464,1.005882,1.026817,1.0,1.057024,1.008282,1.038388,1.037846,0.985836,1.012156,1.0,1.00222,0.978462,1.0,1.028086,1.016807,1.017182,1.046539,1.032147,1.030178,1.005908,1.076271,1.045694,1.010401,1.050269,1.022495,1.130682,1.030065,1.021157,1.009671,1.034627,1.108108,1.014726,0.998252,1.001389,0.987752,1.021915,0.978814,0.967093,1.038018,0.996639,0.96206,1.029691,1.08484,0.995074,0.997139,1.038462,1.020619,1.017917,1.00947,0.996942,1.035494,0.978831,1.066667,1.043599,1.029358,1.018476,1.021818,1.033191,1.003717,1.034615,1.013935,1.05968,1.026215,1.026797,1.038369,1.090268,1.040365,1.006936,1.087671,1.044828,1.106814,1.015385,1.07047,1.04878,1.037879,1.007641,1.009341,1.023537,0.998669
2024-04-29,1.000908,1.001444,1.0,1.015106,1.009747,1.033698,1.01182,1.040789,0.995893,1.036969,1.014025,1.002874,1.001601,1.015075,0.99557,1.006289,1.0,1.023005,1.006198,1.008784,1.028506,1.005562,1.037284,1.004405,1.007874,1.015126,1.0,1.015385,1.01,1.018425,0.997462,1.035912,1.017241,1.01217,1.0,1.006596,0.991243,1.030513,1.014172,1.004515,1.012987,0.999055,1.011099,0.989882,1.001408,1.021915,0.997436,1.00495,0.999283,1.0,1.010101,1.008801,1.015009,1.018405,1.007452,1.010299,0.996528,1.006222,0.998217,1.030612,1.008897,1.049223,1.02037,1.031599,1.028587,0.958791,1.034268,0.994069,1.013857,0.94696,1.036295,0.989667,1.005038,1.0033,1.014975,1.001684,0.99791,1.054817,0.993743,1.042654,1.034447,1.040736,1.046636
2024-04-30,1.0,0.997837,1.002857,1.002232,1.007722,1.018745,1.002336,0.989886,0.995876,0.996435,0.997234,1.017192,1.007994,1.018152,0.998888,1.0125,1.009029,0.988756,0.997947,1.003349,0.980044,0.983407,0.958922,1.011696,0.975,0.981788,1.0,1.001684,0.966337,0.957237,0.997455,0.998667,1.016949,0.992986,0.969512,1.007864,1.037102,1.010767,1.014847,1.034831,1.017094,1.035951,1.015917,1.005111,1.007032,1.116253,0.991003,0.971429,1.0,1.015873,1.0,1.004362,0.990758,1.010542,1.002959,1.03211,1.006969,0.998233,1.028571,0.9956,1.007055,1.002469,0.967332,1.061261,0.997328,1.06447,1.003614,1.034606,0.972665,1.036885,0.991546,1.00232,1.005013,1.003289,0.980328,1.031933,1.010471,1.003937,0.970619,1.006364,1.04175,1.003788,1.022915
2024-05-01,1.025001,1.007225,1.006648,0.987379,1.003831,0.98,1.004662,1.011494,1.004141,1.001789,1.006935,1.005634,1.010309,0.998379,1.001114,0.99177,1.010067,1.017768,1.00823,1.004005,1.007919,0.984252,1.001339,1.007225,0.996795,1.037099,1.010294,0.988235,1.0,0.998282,1.010204,0.993324,1.005556,0.996973,0.959119,1.005202,0.979557,1.009321,1.035284,1.009772,1.010504,1.021005,0.988115,1.008475,1.011173,1.011122,0.996109,1.005071,1.002154,1.013889,0.98375,1.026059,1.009328,1.010432,0.982301,1.009877,0.99654,1.006195,0.993056,0.99116,1.001751,0.984236,0.984991,0.976231,1.006967,0.97039,1.0006,0.988466,0.997658,0.981555,1.013398,0.998843,0.9601,1.001093,0.979933,0.985342,0.977202,0.978824,1.0,0.97832,0.991889,0.981761,0.950218
2024-05-02,1.014763,1.009326,1.00566,0.969925,0.992366,1.0,0.99536,0.962121,0.991753,0.975,0.979339,1.002801,1.000785,0.99026,0.994438,1.009336,1.001107,0.979749,0.983673,0.980718,0.962963,0.893714,0.973262,0.994261,0.924437,0.947967,0.979622,0.962585,0.995902,0.943201,0.986111,0.990591,0.979742,0.98583,1.003279,0.980595,0.989565,0.970976,1.004988,0.992473,1.004158,0.968694,0.987972,1.001681,1.005525,0.972,0.977865,1.0,1.004298,0.94863,0.972046,0.994709,1.012939,1.016224,0.998498,1.01467,1.010417,0.980651,0.972028,1.06466,0.961538,0.990991,0.980952,0.951304,0.974454,0.979196,0.9976,0.964994,0.981221,0.977181,0.977163,0.996524,0.982684,0.982533,0.981229,1.009917,0.992577,0.996795,0.996757,0.987073,0.991342,0.975657,0.988867
2024-05-03,1.005541,0.962331,0.996248,1.029457,1.015385,1.025306,1.013986,1.023622,1.002079,1.009158,1.018284,1.011173,1.004706,1.004918,1.006711,1.02261,1.00885,1.032074,1.002075,1.008136,1.026807,1.005115,1.010989,1.004329,1.036522,1.027444,1.007429,1.012367,1.020576,1.043796,1.014085,1.005427,1.024436,1.013347,1.035948,1.023747,1.0,1.048913,1.061208,1.013001,1.0,1.029548,1.023243,1.006711,1.008242,1.032922,1.013316,1.005045,1.007133,1.057762,1.047059,1.087234,1.016423,0.998549,1.016541,1.0,1.054983,1.012556,1.043165,1.003141,1.04,1.012626,1.009709,0.97989,1.004915,1.032578,1.024654,1.019347,1.050239,1.024725,1.055351,1.02093,1.038767,0.981111,1.038261,0.998363,1.013889,1.01045,1.001085,1.004677,0.994663,1.008536,1.019868
2024-05-06,0.994675,1.004431,1.027307,1.076054,1.068182,1.022293,1.041379,1.057692,1.043568,1.049002,1.04558,1.033149,1.022639,1.02447,1.037778,1.060302,1.030702,1.058702,1.026915,1.035642,1.054484,1.033079,1.046196,1.017241,1.053691,1.071786,1.022124,1.026178,1.022177,1.048951,1.039141,1.006748,1.022018,1.002026,1.0,1.059278,1.008787,0.988342,1.009353,1.042781,1.05383,1.004484,1.003245,1.038333,1.046322,1.003984,0.986859,1.029116,1.048159,0.984642,1.014981,0.990215,1.025135,1.061047,1.014793,1.036145,1.013029,0.989371,1.006897,1.012526,0.98951,1.0,1.023077,0.984142,1.002174,1.005487,1.011737,1.005931,1.015945,1.021448,0.982517,1.031891,1.005937,1.024915,0.988275,1.019672,1.048472,1.00716,0.99675,0.998138,1.026341,1.014974,0.995455
2024-05-07,0.991044,1.001471,1.001833,0.990903,0.998227,1.003115,1.002208,0.996364,1.0,1.017301,1.01321,0.997326,1.006107,1.006369,1.005353,1.018957,1.020213,0.998695,1.014113,1.012987,1.006459,1.019704,0.992208,1.022599,0.992038,0.978193,1.023088,1.006803,1.017751,1.0,1.019441,1.02681,1.02693,1.005056,1.006309,1.018248,1.015679,1.003932,1.059459,1.020513,1.005894,1.019643,1.019407,0.998395,0.992188,1.02381,0.989348,0.97561,0.996622,0.996534,1.00861,1.003953,1.012259,0.990411,1.0,1.034884,0.983923,0.996419,1.011986,0.997938,1.003534,1.042394,1.0,0.995261,0.98102,0.964529,0.99768,1.002358,0.964126,1.044619,0.995255,1.001104,1.031197,0.98453,1.032203,1.0209,1.007538,1.021327,1.007609,1.001866,1.000951,1.041052,1.00848
2024-05-08,1.012228,1.012482,0.986276,1.004237,0.987567,0.976708,0.984581,0.976886,0.998012,0.989796,0.967405,0.989276,1.001517,1.006329,0.99361,1.013953,0.987487,1.003919,0.99006,0.998077,0.975401,0.963768,0.989529,0.997238,0.998395,0.980892,0.992948,1.02027,0.992248,0.978333,0.988081,0.960836,0.998252,1.028169,1.003135,0.986858,0.975986,0.98564,1.011662,1.031156,0.986328,0.990368,1.009519,1.003215,0.989501,0.90407,1.013459,0.977,0.999322,0.989565,0.993902,1.007874,0.99308,0.983402,0.98105,1.013483,1.0,1.001797,0.998308,1.032025,0.985915,0.978469,1.00188,0.97619,0.992261,1.02546,0.984302,0.989412,1.004651,1.037688,1.020262,1.01323,0.996729,1.003367,0.990148,0.981102,1.002494,0.998453,0.993528,1.01676,1.002374,1.018484,1.015524
2024-05-09,1.022973,1.016679,1.036178,1.026723,1.061151,1.004769,1.053691,1.070984,1.027888,1.063574,1.053908,1.04878,1.011364,1.017296,1.009646,0.981651,0.998944,1.017567,1.048193,1.023121,1.036184,1.016291,1.046296,1.009695,1.109325,1.035714,1.004261,1.056291,1.03125,1.057922,1.008444,1.063859,1.017513,1.0,1.0,1.026634,0.975395,0.98543,0.971182,1.025341,1.011881,0.938108,1.039811,1.0,0.990716,1.038585,1.015936,0.988741,0.997286,1.00703,1.019632,1.011719,1.008711,1.007032,0.994056,0.988914,1.019608,0.994619,1.010169,0.991992,1.008929,1.01956,1.001876,0.972683,1.005014,1.004138,0.979917,1.0,1.00463,0.997579,1.010514,1.004353,1.030353,1.006711,1.026534,0.99679,1.014925,1.025562,1.002172,0.992674,1.020369,0.964307,1.008917
2024-05-10,1.007983,0.977889,1.006267,1.010274,0.991525,1.033228,1.0,1.056977,1.001938,1.050081,1.007673,0.997416,0.993258,0.990726,0.993631,1.004673,1.001057,0.984655,1.01341,1.00565,1.033862,1.01233,1.044248,1.0,1.108696,1.029781,1.01273,1.037618,1.035985,1.098229,1.010766,1.019157,1.001721,1.0,1.021875,1.008255,1.014414,0.995968,1.0,0.994297,1.019569,1.009425,0.994962,1.011218,1.013387,1.038184,1.045752,1.00207,1.011565,0.919721,1.013237,0.986486,1.0,1.001397,0.989537,0.984305,0.990385,1.003607,0.998322,1.006054,1.024779,1.007194,1.018727,0.961886,0.988914,0.965659,0.9783,0.998811,1.013825,0.981796,1.016185,1.015168,0.995223,1.013333,0.978998,1.004831,0.977451,1.01284,1.005417,1.023063,1.017642,1.075282,1.027778
2024-05-13,0.997837,1.004376,1.006228,1.002712,1.008547,0.997703,1.004246,0.988999,1.001934,0.973846,0.983503,1.015544,1.003771,1.018721,1.010684,1.02093,1.0,1.02987,1.030246,1.011236,1.035824,1.013398,0.989104,1.026063,0.983007,0.996956,1.011173,0.989426,0.985375,0.980938,1.004734,1.033835,1.017182,1.041096,1.021407,1.018713,0.998224,1.020243,1.005935,0.99044,0.994242,1.008403,1.0,0.988906,1.019815,1.015905,1.00375,1.015496,0.992603,1.009488,0.991686,1.0,0.998273,1.011158,1.022659,1.002278,1.012945,1.019766,1.035294,0.996991,1.006908,1.014286,1.034926,1.04171,1.028027,0.998578,1.008626,1.019048,1.072727,1.001236,1.003413,1.049093,0.992,1.007675,1.024752,0.958333,1.020562,1.020134,1.005388,0.96844,0.995438,0.995916,1.012899
2024-05-14,1.0,0.996369,1.003537,0.964165,0.994915,0.961627,1.006342,0.985539,0.994208,0.973144,0.976774,1.010204,0.995492,0.984686,0.997886,0.98861,0.997888,0.959016,0.983486,0.983951,0.959486,0.983173,0.984088,0.971925,1.00266,0.98626,0.973757,0.977099,0.977737,0.986547,0.989399,0.96,0.969595,0.962406,0.931138,0.987371,0.996441,0.970899,0.981563,0.965251,0.992278,0.95,0.971139,0.988782,1.0,0.963796,0.995019,0.97762,1.0,0.966165,0.960479,0.996086,0.951557,1.016552,0.970458,0.975,0.942492,0.955947,0.983766,0.970825,0.969125,0.971831,0.966252,0.807307,0.958015,0.938746,0.986561,0.955607,0.978814,0.954321,0.99093,0.942014,0.979032,0.964091,0.916264,0.983278,0.952334,0.964912,0.978564,0.957169,1.008249,0.988869,0.961189
2024-05-15,1.015876,1.01312,1.014978,0.995091,1.003407,0.994413,1.0,0.998871,0.994175,1.008117,1.002642,1.0,1.003774,1.0,1.005297,0.995392,1.005291,1.011834,1.0,0.999373,1.023687,0.997555,1.003731,0.955983,0.977454,1.0,0.992908,1.00625,1.001898,1.075758,1.00119,1.017677,1.006969,1.013672,1.016077,1.001163,1.003571,0.953678,0.987979,0.995,1.0,0.991228,1.002086,1.009724,0.992228,1.017259,0.998748,0.990635,0.998645,1.066148,1.002494,1.121807,0.990909,0.989145,0.990868,1.002331,0.99661,0.987097,0.976898,1.007254,0.948673,0.990338,0.994485,1.019219,1.015936,0.998483,0.99257,1.00978,1.041126,1.010349,1.021739,0.979482,0.99341,0.970655,0.996485,0.988095,0.998968,0.977273,1.001095,0.980545,0.979091,0.983412,0.969085
2024-05-16,1.009139,0.992806,0.974826,0.978858,0.993209,0.989567,0.987395,0.962712,0.990234,0.977456,0.977602,0.987374,0.998496,0.992224,0.997893,0.997685,0.994737,0.989604,0.975746,0.994978,0.950704,0.977941,0.992565,0.964029,0.971506,0.978328,0.987143,0.962733,0.986742,0.973239,0.989298,0.988834,0.986159,0.967245,0.971519,0.989547,1.001779,0.971429,1.002281,0.980905,0.996109,0.977384,0.993236,0.99679,1.001305,0.962076,0.953634,1.007353,0.994573,0.972628,0.970149,0.991243,1.00367,1.005487,0.989247,0.997674,0.996599,0.987862,0.964527,0.97428,0.990672,0.974634,0.97597,0.959854,0.978151,0.978723,0.981909,0.968523,0.943867,0.964149,0.974244,0.963616,0.990879,1.004651,0.977072,0.994836,0.977273,0.958915,0.979212,0.982639,0.971216,0.94759,0.921224
2024-05-17,1.004225,0.992754,0.98041,0.986321,0.993162,0.980535,0.991489,0.987089,0.988166,0.970346,0.977089,0.994885,0.981175,0.979624,0.990496,1.027842,0.989418,0.984242,0.971319,0.973502,0.966138,0.957393,0.97628,0.991045,0.944134,0.966772,0.985528,0.974194,0.973129,0.917511,0.991587,0.977415,0.92807,0.98506,0.957655,0.973005,1.0,0.998529,1.009105,0.978484,0.996094,0.991952,0.987428,0.99839,1.0,0.982365,0.910644,1.022941,0.998636,0.954972,0.983333,0.977032,0.989031,0.989086,0.992236,0.993007,0.979522,0.982987,1.028021,0.966209,0.975518,0.972973,0.986742,0.991762,0.995418,0.965839,0.972681,0.95625,0.938326,0.974768,0.971264,1.0,0.973222,0.962963,0.969314,0.99308,0.977801,0.966855,0.968715,0.98839,0.970363,0.993643,1.00424
2024-05-20,0.978835,1.005839,1.02634,1.018248,1.003442,1.021505,1.0,1.003567,1.013972,0.998302,1.022069,0.994859,1.013814,1.0096,0.953092,1.031603,0.963636,1.010007,0.996063,0.99676,0.996714,0.977749,1.014066,1.003012,1.007396,1.0,1.001468,0.991722,1.005917,1.006309,1.004848,0.996149,1.022684,1.008089,1.044218,1.010856,1.005329,1.035346,1.031579,1.051309,1.009804,1.005578,1.001061,1.016129,1.035202,1.021119,1.027417,1.042304,1.022541,1.02947,1.074316,1.088608,1.009242,1.016552,1.078247,1.018779,0.989547,0.995192,1.042589,1.00765,1.011583,0.992798,1.003839,1.038978,1.003452,0.953376,1.025474,1.022222,1.032864,0.990463,0.989349,1.033181,1.020636,1.016827,1.048417,1.036585,1.017297,0.993311,1.008074,1.002043,1.024631,1.014075,0.980296
2024-05-21,0.998698,1.0,0.99823,0.990681,1.001715,0.998381,0.995708,1.0,1.0,1.0,0.990553,0.997416,1.000757,0.990491,1.019016,0.989059,1.026637,0.990753,0.998024,0.9987,0.987912,0.983936,0.97604,1.004505,0.982379,0.998363,0.947214,0.989983,1.0,0.99373,0.965018,1.011598,0.983364,1.005015,1.100977,1.0,1.001767,0.987198,1.045918,0.992032,1.0,1.002521,1.007419,1.004762,1.021411,1.004137,1.015449,1.007335,0.995324,0.996183,0.987864,0.981728,0.996337,1.02171,1.020319,0.986175,1.014085,0.998068,1.013072,0.983731,1.003817,1.009326,1.005736,0.99016,1.005734,0.989882,0.986624,0.988491,0.997727,0.998624,1.002392,0.996678,1.002527,0.98227,1.023091,0.994958,0.993624,0.995791,0.994279,0.997452,0.991827,1.003785,1.005025
2024-05-22,0.982971,0.994194,0.978723,0.981187,0.974315,0.979724,0.980603,0.976303,0.982283,0.97619,0.976839,0.979275,0.978064,0.9904,0.961581,0.995575,0.968649,0.981333,0.982178,0.983073,0.984427,1.013605,0.989664,1.037369,0.986547,0.985246,0.978328,0.96796,0.958824,0.955836,0.98,0.988535,0.992481,0.987026,1.050296,0.966587,0.96649,0.981268,1.0,0.971888,0.998058,0.970322,0.975802,1.00158,1.0,1.007209,0.988935,1.01699,0.991946,1.01341,0.986486,0.98308,0.983456,1.014608,0.960171,0.981308,0.972222,1.053243,1.029032,0.980154,0.98289,0.98152,0.975285,0.992547,0.980046,0.972743,0.989671,0.98577,0.95672,0.979339,1.022673,0.997778,0.947059,0.978339,0.946181,0.984797,0.967914,0.967878,0.979287,0.979561,0.965584,0.965431,0.992143
2024-05-23,0.986233,0.994891,0.980978,0.971239,0.984183,0.990066,0.982418,0.976942,0.983968,0.979094,0.981869,0.981481,0.973705,0.988691,0.988584,0.995556,0.993304,1.008152,0.991935,0.998675,0.983051,0.975839,0.984334,0.978386,0.963636,0.968386,0.984177,0.97561,0.957055,0.971947,0.970663,0.984536,0.981061,0.975733,1.011268,0.985185,0.983577,0.942731,0.947038,0.989669,0.976654,0.989114,0.991914,1.003155,0.981504,1.006135,0.977622,0.976134,0.991204,1.034026,1.048568,0.991394,0.998131,0.981675,1.011852,1.0,1.0,1.008272,1.00627,0.995501,0.978723,0.993724,0.984405,0.974343,0.972659,0.980736,1.009785,0.973753,0.985714,0.974684,1.056009,0.945434,0.966282,0.98401,0.988991,1.001715,0.983425,0.990393,0.991774,0.989045,1.000502,0.99349,1.00576
2024-05-24,1.011404,1.007337,1.00277,0.997722,0.989286,1.01087,0.988814,0.982609,0.997963,0.985765,0.988636,0.997305,0.982526,0.99183,1.0,0.988839,1.013483,0.966307,0.987805,0.998674,0.972414,0.980743,0.977454,0.966127,0.966981,0.975945,0.991961,0.971429,0.967949,0.966044,1.001314,0.981675,1.023166,0.981347,0.913649,0.989975,0.987013,0.976636,0.977189,0.996868,0.988048,1.003145,0.977717,1.009434,1.001256,0.982724,1.011445,1.022005,1.025256,0.939671,0.982185,0.973958,1.018727,1.012,0.970717,1.009524,1.014286,1.000912,1.004673,0.987571,0.976285,0.981053,0.994059,1.003854,0.995813,0.994643,1.010336,0.967655,0.983092,0.982684,0.949171,0.974087,0.965106,1.00375,0.970315,0.969178,0.975281,1.004409,0.985782,0.986287,0.982439,0.981651,0.984968
2024-05-27,0.981715,1.007283,1.003683,1.018265,1.01444,0.990074,1.011312,1.020228,1.014286,1.023466,1.012931,1.008108,1.019402,1.01318,1.020785,1.020316,1.014412,1.012552,1.018519,0.989376,0.998818,1.023843,1.029851,1.032012,1.021138,1.022887,1.012966,1.029412,0.980132,1.001757,1.011811,1.02,0.990566,1.034847,1.027439,1.025316,1.0,0.998405,1.048193,0.989529,1.010081,1.00209,1.042246,1.014019,1.008783,1.01758,1.033946,1.007177,1.014647,1.023346,1.009674,1.010695,0.990809,1.003953,1.012066,0.997642,0.982394,1.050091,1.012403,1.024027,1.004049,1.013948,0.99004,1.053103,1.024024,1.016158,1.004476,1.02507,1.019656,1.001468,1.023283,1.013301,1.037108,1.027397,1.011472,1.022968,1.043779,1.025461,1.008413,1.016043,1.036772,1.023364,1.022529
2024-05-28,0.986642,0.9906,1.009174,1.012706,0.998221,0.984127,0.991051,1.011152,1.002012,1.012346,1.005674,0.997319,1.022205,1.004878,1.002262,1.017699,0.986885,1.00551,1.006061,0.997987,1.002367,1.031507,1.006588,1.002954,1.038217,1.039587,0.9952,1.025,0.984234,1.036842,1.003891,1.019608,1.001905,0.989796,1.026706,1.006173,1.009398,1.007987,0.998563,1.013757,0.982036,1.003128,1.0064,1.003072,0.982587,0.952236,1.069767,0.980998,1.000656,0.954373,1.003593,0.998236,0.985158,0.988189,1.029806,1.01182,1.017921,1.000867,1.024502,0.993296,1.00504,1.0,1.01006,0.966586,1.022874,1.040636,1.075748,1.005435,1.004819,1.036657,1.01934,0.99642,1.041284,1.047273,0.988658,1.017271,1.007726,1.003425,0.992849,0.992632,1.005419,0.996738,0.995736
2024-05-29,0.99174,0.994161,0.989091,1.01107,0.998217,1.004244,0.995485,1.003676,0.991968,0.993031,0.992948,1.005376,0.991466,0.991909,0.987585,0.991304,0.997785,0.987671,0.923695,1.001345,0.988194,1.005312,0.98822,1.001473,0.98773,0.980132,0.993569,0.97561,1.022883,0.98308,1.01292,1.023077,0.990494,1.013402,1.026012,0.997546,1.014898,0.987322,0.984173,1.026096,0.989837,0.99896,1.009009,0.949464,0.979747,1.017076,0.930946,0.983051,0.992787,0.992032,1.020286,0.978799,1.009416,1.010624,0.991317,1.007009,1.003521,1.011265,0.958146,0.995501,0.980943,0.995767,1.003984,0.994343,1.006307,1.0,0.968047,0.997297,0.98801,0.983027,1.046875,0.982036,0.99207,1.012731,1.011472,1.001698,0.979189,1.018771,0.995198,0.996288,0.980892,1.007199,1.018558
2024-05-30,1.017889,1.005874,1.006434,0.99635,0.998214,0.998309,0.99093,0.990232,1.002024,0.992982,1.005682,1.005348,1.014085,0.96248,1.002286,1.037281,0.994451,1.004161,0.997826,1.007388,0.995221,0.989432,0.998675,1.002941,0.964286,0.976351,0.990291,0.985714,1.006711,0.979346,0.991071,1.013784,1.003839,0.997965,1.064789,0.99262,0.985321,1.0,1.021199,1.01119,1.008214,1.038502,1.002101,0.996774,1.009044,1.023085,0.976648,1.039409,0.985469,0.945783,1.05614,1.030686,0.992537,1.031537,1.014599,1.025522,0.996491,0.982005,1.00468,1.014689,1.010225,0.98831,0.953373,0.998104,0.992593,0.981324,1.001222,0.99458,1.0,0.985612,1.04371,1.039024,1.000888,1.020571,1.003781,1.020339,0.988814,0.98325,1.008444,1.007451,1.017483,1.001949,1.033637
2024-05-31,1.002232,1.00365,0.988128,0.991941,1.012522,0.988146,1.011442,0.939581,1.008081,0.998233,1.001412,1.007979,1.012346,1.001695,1.004561,0.997886,1.017857,0.976519,0.991285,0.981333,1.0012,0.991989,1.018568,0.994135,1.008052,1.00692,0.995098,1.021739,0.982222,0.980668,0.994852,0.988875,0.99044,0.993884,1.021164,0.995043,0.990689,1.004815,0.99141,0.985915,0.995927,0.972445,0.98218,1.011327,0.992318,0.945641,0.977496,1.007109,1.004692,0.940552,1.017719,0.931699,0.984962,1.014013,1.010072,1.020362,1.003521,0.994764,1.0,0.981069,0.979757,0.998925,1.015609,0.989234,1.001722,0.984429,1.017094,0.974114,1.012136,0.981022,0.971399,1.026995,0.979592,0.99776,0.952919,0.990033,0.937783,0.98552,0.989234,0.999472,0.979381,1.0,0.995932
2024-06-03,0.998962,0.996364,0.986137,0.983013,0.978799,0.980291,0.986425,0.98294,0.98998,0.980531,0.978843,0.98153,1.004573,0.996616,0.975028,0.972458,0.969298,0.95686,0.967033,0.988451,0.966427,0.921938,0.989583,0.955752,0.971246,0.991409,0.990148,0.998227,0.954751,0.989247,0.981889,0.98875,0.965251,0.958974,0.984456,0.972603,0.969925,0.958466,0.906137,0.982653,0.985685,0.981968,0.997332,0.9984,0.989677,0.941432,0.972662,1.002353,0.985991,0.972912,1.014146,1.020677,0.980916,0.969849,0.982906,0.966741,0.954386,1.001754,0.93323,0.982974,0.971074,0.982777,0.964139,0.971191,0.973639,0.964851,0.996399,0.976224,0.990408,0.986607,0.976866,0.950857,1.044384,0.989899,0.980237,0.988255,0.987937,1.0,0.977025,0.980444,1.010526,0.991569,0.997958
2024-06-04,1.002814,0.994891,0.99344,0.986476,0.990975,0.984266,0.990826,0.978638,0.983806,0.98556,0.975504,0.994624,0.985584,0.983022,0.984866,1.008715,0.985294,0.981523,0.993182,0.984192,0.965261,1.014599,0.955263,0.99537,0.985197,0.925477,0.991708,0.987567,1.007109,0.969203,0.988142,0.963338,0.996,0.951872,0.934211,0.975672,0.982558,0.988333,0.99761,0.955348,1.0,0.990556,0.991974,1.00641,1.0,0.987327,0.95858,1.023474,0.995264,0.988399,0.958155,0.985267,0.988327,1.025907,0.981159,0.993119,1.007353,0.963222,1.003328,0.989607,0.980851,0.971522,1.005313,0.961767,0.967039,1.142077,1.0,0.95702,0.926877,1.084465,0.980624,1.003606,0.976583,0.984127,0.985887,0.989813,0.986569,0.983578,0.986386,0.984906,0.973214,0.969915,0.995907
2024-06-05,0.994055,0.996332,1.008491,1.005331,1.003643,1.005329,1.0,0.995907,1.006173,0.990842,0.98966,1.008108,1.020015,1.018998,1.015366,1.036717,1.011481,1.044428,1.002288,1.006285,1.012853,1.008633,0.993113,1.012403,0.991653,1.005618,0.991639,0.98741,1.016471,0.943925,0.996,1.02231,1.006024,1.016854,1.016901,1.002625,1.019724,1.005059,0.990415,1.033696,0.993776,1.041843,1.024272,1.009554,1.002608,1.023337,1.003086,0.981651,1.010877,1.007042,1.013438,1.014953,1.011811,1.0,1.019202,1.004619,1.025547,1.058182,0.976783,1.024504,1.009761,1.013529,1.0,1.019877,0.998783,0.979266,1.031325,0.994012,1.008359,0.984701,1.032931,0.980838,1.036412,1.016129,1.014315,0.977702,1.038366,1.019332,1.005019,1.012042,1.002548,1.00472,0.992466
2024-06-06,1.0,0.988954,1.002806,0.975758,0.998185,0.980565,1.00463,0.99863,0.997955,0.998152,1.007463,1.002681,0.98717,1.005085,0.991851,0.98125,0.990919,0.997116,0.979452,0.993754,0.980964,0.987161,1.002774,0.998469,1.040404,1.005587,0.991568,1.020036,0.997685,1.025743,0.986613,1.002567,0.994012,0.98232,0.969529,0.986911,1.0,1.02349,1.008871,0.983176,0.981211,0.972039,1.0,1.011041,0.989597,0.986317,0.989231,0.995327,0.988568,1.013986,0.973481,0.98895,0.984436,1.0,0.988406,1.013793,0.982206,0.985395,1.010187,0.985194,0.991407,0.989989,0.911205,0.991263,0.987812,0.956026,0.980724,0.960843,0.977202,0.949153,1.035069,1.009768,0.982862,0.995465,0.991935,1.008772,0.984505,0.981897,0.996255,0.990806,1.006609,0.977181,0.994479
2024-06-07,0.989622,1.006701,1.001866,1.006988,1.005455,1.0,0.997696,0.995885,0.993852,0.994444,1.017778,1.010695,0.977064,0.984823,0.983568,0.972399,0.995418,0.965293,1.0,0.990223,0.989651,1.001445,0.984786,0.995399,0.966019,1.001852,1.001701,0.982143,0.990719,0.972973,0.993216,0.987196,0.991968,0.99775,0.985714,0.98939,1.011605,0.968852,0.992006,1.02246,0.991489,1.007845,1.003686,0.98752,0.982917,1.003468,0.998445,0.99061,0.987755,0.988506,1.026107,0.996276,0.980237,0.978535,0.978006,0.93424,0.996377,1.017437,0.991597,1.001156,0.989166,0.993258,1.013921,0.995254,1.0,1.013629,1.00536,1.029781,0.97667,0.973214,1.021561,0.986699,1.018309,0.995444,0.997967,0.989565,0.990315,0.992976,0.996241,0.989629,0.988889,0.995879,1.007634
2024-06-10,0.986879,1.005178,0.992551,0.995374,1.014467,0.994595,1.013857,0.99449,1.0,1.003724,1.002911,1.005291,1.008607,0.996575,1.004773,1.0131,1.004603,0.998502,0.995338,0.994358,0.986928,0.997114,0.974719,0.992296,0.968174,0.990758,0.994907,0.990909,1.0,0.994048,1.010929,0.998703,1.004049,1.001127,0.982609,0.995979,1.00956,0.978003,1.039484,1.00523,1.006438,0.996367,0.988982,1.023697,0.974599,0.997696,0.995327,1.016588,1.006887,1.023256,1.03208,1.035514,1.0,1.003871,0.989505,1.01699,1.0,1.000857,1.044068,1.003464,0.990142,0.995475,1.011442,0.969346,0.99198,0.981513,0.983412,1.016743,0.985885,0.961774,1.038191,0.985294,0.984589,0.994279,0.99389,0.996485,0.97555,0.998232,1.006289,0.975179,0.985189,0.994483,0.969008
2024-06-11,1.009744,1.00883,1.012195,1.027885,1.035651,1.019928,1.036446,1.038781,1.010309,1.040816,1.043541,1.031579,1.011637,1.017182,1.010689,1.025862,1.002291,1.024756,1.028103,1.015603,1.029139,1.01013,1.037464,1.015528,1.039792,1.029851,1.022184,1.031193,1.014052,1.043912,1.018919,1.024675,1.014113,1.039414,1.053097,1.032301,0.998106,1.008651,1.016279,1.022893,1.034115,1.006771,1.03183,1.030864,1.045267,1.035797,1.014085,1.058275,1.008892,1.036364,1.010718,1.090253,1.0,1.025707,1.019697,1.057279,1.032727,1.018836,1.00974,1.063291,1.00885,1.0375,1.013575,1.039353,1.024254,1.02226,1.005422,1.02994,1.012115,1.009539,1.006776,1.028607,1.055652,0.996548,1.018443,0.992945,1.022556,1.020372,1.03,1.02319,1.026439,1.029126,1.034115
2024-06-12,0.990567,0.999271,0.995366,0.991711,0.996558,0.993783,1.006593,0.997333,0.997959,1.01426,0.993046,0.992347,0.993865,0.994932,0.989424,1.012605,0.995429,0.998536,0.986333,0.992318,0.965251,0.997135,0.980556,0.989297,0.946755,0.987319,0.978297,0.960854,0.967667,0.959847,0.988064,0.986058,0.994036,0.991333,0.977591,0.994785,0.986717,0.962264,1.031274,0.982706,1.018557,0.972064,0.996401,1.01497,1.023622,1.003344,0.967593,1.035242,1.007458,0.973684,1.014846,0.996689,0.979839,1.010025,0.956909,1.0,0.947183,0.998319,1.012862,1.002165,0.964912,0.978094,1.001116,0.962813,0.968427,0.981575,0.97124,0.972384,0.979325,0.976378,0.985577,1.007255,0.987644,0.957275,0.95171,1.0,0.941176,0.975694,0.997573,0.982311,0.991919,0.989218,0.989691
2024-06-13,0.999685,0.994891,0.955307,0.977964,0.986183,0.997319,0.9869,0.983957,0.985685,0.991213,0.981793,0.976864,0.977623,0.974533,0.980998,0.993776,0.978186,0.972141,0.979215,0.985222,0.964,0.954023,0.988669,0.984544,0.989455,0.987156,0.996587,0.977778,0.983294,1.007968,0.981208,0.98329,0.98,0.97377,1.002865,0.981651,0.975,0.991087,0.961538,0.971014,0.981781,0.980309,0.984004,0.980826,0.984615,0.981111,0.968102,0.968085,1.0,0.945946,0.972832,0.993355,0.983539,0.98139,0.984472,0.988713,0.966543,0.994108,0.969841,0.981641,0.996591,0.978723,0.972129,0.971208,0.97931,0.989761,0.977175,0.983558,0.972222,0.982258,0.960976,0.986795,0.969141,0.984318,0.989429,0.978686,0.983073,0.974199,0.976886,0.983118,0.980652,0.980926,0.973611
2024-06-14,0.998853,0.995598,1.006823,1.001554,1.012259,0.993728,1.00885,0.997283,0.995851,1.003546,1.009986,1.010526,0.999211,1.017422,1.013317,1.004175,1.007042,1.011312,1.014151,0.991429,1.004149,0.998494,1.018625,0.99529,0.989343,0.992565,1.008562,0.981061,0.997573,0.980237,1.005472,0.980392,1.0,0.988777,0.985714,1.00534,1.029586,0.998201,0.988462,1.030917,1.014433,1.0076,0.997378,1.0,1.001302,0.99094,1.01318,0.991209,0.995289,0.97381,0.965628,0.973244,1.006276,1.0,0.995268,0.981735,1.0,1.005927,1.013093,0.991199,1.031927,0.993135,0.989679,1.015907,1.010883,1.02069,1.010101,1.013678,1.018286,0.996716,1.0,1.019465,0.993115,0.982843,0.989316,1.018149,0.972185,1.005479,1.0,0.988552,0.98027,1.000694,1.00214
2024-06-17,1.02343,1.008106,0.982575,0.99069,1.00346,0.991885,1.004386,1.010899,1.008333,0.998233,1.009887,1.0,0.977093,0.996575,0.992832,1.018711,0.990676,1.005966,0.990698,1.0,1.001377,1.015083,0.984529,0.995268,1.028725,1.018727,1.016978,1.025097,1.019465,1.014113,0.994558,0.992,0.997959,1.017026,0.962319,1.005312,0.992337,1.009009,1.001556,1.003102,1.010163,1.005388,1.004206,1.019549,1.007802,1.018286,1.00813,1.006652,1.006761,0.977995,0.956618,0.969072,1.016632,0.998736,1.006339,0.995349,1.015385,1.008418,0.995153,0.986681,1.01105,0.991935,1.006952,1.002847,0.999367,1.003378,1.006875,1.044978,1.007856,1.009885,0.965482,0.991647,1.012132,1.042394,0.976242,1.008913,1.010899,0.993642,0.986301,1.006369,1.012182,1.008328,1.009253
2024-06-18,0.983267,0.998538,1.005911,1.002349,0.998276,0.99,1.008734,0.991914,0.993802,1.00708,0.994406,0.994792,1.022635,1.008591,1.004813,0.987755,1.029412,0.98295,1.002347,1.00072,0.994498,1.004458,1.005714,1.012678,0.989529,1.007353,0.991653,1.022599,1.00716,0.996024,1.023256,1.002688,1.00818,1.021205,1.009036,0.998679,0.994208,1.005357,0.993784,1.035052,1.008048,0.978564,1.0,1.007375,0.996129,1.021324,0.914516,0.993392,1.001343,1.0,1.02907,1.008865,1.010225,1.005063,1.031496,0.976636,1.045455,0.990818,0.977273,1.00225,1.044809,0.981417,1.001151,1.040454,0.987326,1.026936,0.975171,1.050215,0.986637,1.017945,1.033649,0.986763,1.001712,1.007177,1.0,0.978799,0.983827,0.986289,1.011364,1.004603,0.99686,1.002753,1.062059
2024-06-19,0.999955,1.0,0.986288,0.982812,0.98791,0.977961,0.989177,0.976902,0.995842,0.977153,0.998594,0.994764,0.982609,0.988075,0.996407,0.964876,0.986286,0.974359,0.990632,0.972642,1.004149,0.985207,0.963068,0.938967,0.961199,0.968978,0.981481,0.966851,0.988152,0.974052,0.985294,0.982574,0.98783,0.972678,0.949254,0.919312,0.986408,0.966252,0.971853,0.935259,0.986028,1.018072,0.980105,1.013177,0.98057,0.937363,0.978836,0.964523,1.006036,0.975,0.957062,0.982425,0.975709,0.88539,0.966412,0.983254,0.978261,0.972199,0.9701,0.928171,0.986402,0.977515,0.97931,0.984993,0.978177,0.957377,0.973902,0.978142,0.96614,0.963141,0.976602,0.973171,0.971795,0.978622,0.94469,0.945848,0.965753,0.977757,0.926342,0.986254,0.980052,0.982155,0.998008
2024-06-20,1.002507,1.0,0.997021,0.994436,1.008741,0.995305,1.015317,0.984701,1.004175,0.992806,0.998592,1.013158,1.015286,1.024138,1.015625,1.025696,1.022016,0.99613,0.990544,1.0,1.006887,1.0,0.998525,1.011667,0.983486,1.0,1.003431,0.984762,0.992806,0.987705,1.014925,0.993179,1.01232,0.98764,0.984277,1.021583,1.011811,0.965074,1.019308,1.00213,1.024291,0.959656,0.994658,1.036127,1.043593,1.003517,1.028829,1.029885,1.026667,1.007692,1.010626,0.985689,0.987552,1.02276,0.982622,1.009732,0.988889,1.005199,1.011986,0.996372,0.97561,0.985472,0.991784,0.973684,0.984252,0.988014,0.999346,0.977654,0.98715,0.971714,1.005208,1.032581,0.977133,0.990291,0.995316,0.996183,0.995745,0.979147,0.998652,0.990128,1.003214,0.985325,0.992016
2024-06-21,1.000942,0.999268,1.002988,0.994404,1.015598,0.989623,1.023707,1.026836,0.962578,1.016304,1.026798,1.002597,1.009509,0.993266,1.004734,1.029228,0.996599,0.964258,1.00716,0.993338,0.984952,0.989489,1.01034,0.985173,1.029851,1.030132,1.003419,0.980658,0.985507,1.022822,1.01738,0.995879,1.002028,0.964733,0.990415,1.005634,0.998054,1.0,1.046567,1.001063,1.011858,0.997758,0.991407,1.026499,1.041772,0.98014,0.978984,1.044643,1.005195,0.94402,0.996495,1.001815,0.991597,1.031989,1.004823,1.00241,1.011236,0.983621,0.986464,1.010922,1.023913,0.990172,0.95858,1.049787,0.972667,0.968804,0.966645,1.0,0.950296,0.982877,0.962694,1.008495,1.009901,0.973039,0.985882,0.969349,0.990028,0.979671,0.963563,0.984164,0.991458,0.999291,0.997988
2024-06-24,0.979355,0.998535,1.0,1.011254,0.989761,1.013346,0.995789,1.013755,1.00432,0.97148,0.921703,0.992228,1.007064,1.018644,1.002356,1.008114,1.0,1.023368,1.004739,1.000745,1.043056,1.00607,1.032164,1.016722,1.038043,1.034735,1.008518,1.011834,1.036765,1.030426,0.997372,1.02069,1.006073,1.016509,1.032258,1.016807,1.017544,1.017143,0.987179,1.02017,1.027344,1.020787,1.027627,1.025815,1.021871,1.021454,1.0,1.0,1.011628,0.991914,1.028136,0.998188,1.012712,1.004043,0.992,0.997596,1.018519,1.008764,1.0,1.014406,1.019108,1.050868,1.023457,1.053523,1.003427,1.010733,1.034506,1.034286,1.016189,1.020906,1.012917,1.018051,1.043672,1.0,1.031026,0.98419,1.008633,1.020751,0.998599,1.027414,1.020463,1.02484,1.000672
2024-06-25,1.000121,1.010271,1.002979,0.991256,0.955172,0.993415,1.021142,0.994573,1.008602,0.994495,1.017884,1.013055,0.996882,1.0,1.001175,1.006036,1.001138,1.0,1.0,0.992554,1.007989,0.987934,0.971671,1.008224,0.991274,0.987633,1.005068,0.968811,1.002364,0.974409,0.998682,0.985135,1.008048,1.009281,1.00625,1.00551,1.003831,0.988764,1.010695,1.042664,1.026616,1.0,1.007907,0.982781,1.015458,0.992999,0.985689,1.0,0.993614,0.997283,0.996579,1.023593,1.012552,1.012081,0.991935,0.99759,0.992727,1.019114,1.010292,0.99645,0.982292,1.002361,0.978287,1.039228,0.987705,0.989381,0.968607,1.01105,0.96201,0.989761,0.973433,1.023641,1.022203,1.006297,1.002315,1.008032,0.994294,1.000968,0.99439,1.012761,1.043799,1.013158,0.991269
2024-06-26,1.0,0.984749,0.990099,0.981556,0.967509,0.980114,0.973085,0.984993,0.972281,0.98155,0.972182,0.979381,0.98749,1.001664,0.992958,0.988,1.006818,0.995276,0.995283,0.997749,0.996037,1.003053,0.991254,0.995106,0.980634,0.982111,0.989916,0.987928,0.976415,0.965657,0.988127,0.967078,0.99002,0.968966,0.990683,0.99863,0.971374,0.992424,0.970522,1.015968,0.983333,0.998349,0.993201,0.993261,0.98829,0.990599,0.970962,0.99359,0.987789,0.975477,0.990847,0.980496,0.991736,0.990716,1.014634,0.987923,1.03663,1.001705,0.998302,0.986936,1.007423,0.971731,1.007398,0.980817,0.982711,1.007156,0.988521,0.972678,0.988535,1.003448,0.969432,1.01963,0.994987,1.041302,0.983834,0.986056,0.984218,0.99323,0.974612,0.989691,0.973711,0.996582,0.98645
2024-06-27,1.002852,0.989676,0.9855,0.979575,1.001866,0.984541,0.921277,0.976454,0.986842,0.986842,0.99247,0.921053,0.993666,1.003322,1.002364,0.991903,1.006772,1.003165,0.983412,0.989474,0.96817,0.987823,0.972059,0.986885,0.969479,0.970856,0.989813,0.989817,0.954589,0.968619,0.990654,0.957447,0.993952,0.979834,0.978056,0.979424,0.994106,0.975191,0.935358,0.996071,0.962335,0.964719,0.99684,1.010855,0.996445,0.98102,1.029907,0.995699,1.000651,0.96648,1.006928,0.992767,1.016667,0.991968,0.975962,0.99022,0.985866,0.99234,0.994898,0.990373,0.986316,0.978182,1.0,0.987382,1.004222,0.957371,0.986339,0.966292,0.998711,0.962199,0.971847,0.992072,0.982368,0.950721,0.974178,0.989899,0.966472,1.002921,0.963821,1.0,1.005192,0.984911,0.985577
2024-06-28,1.011786,0.994784,1.005074,1.000834,1.001862,1.009814,0.995381,0.991489,1.006667,1.009524,1.004552,0.991429,0.998406,1.006623,1.003538,0.987755,1.006726,0.985016,1.007229,1.016717,1.0,1.007704,0.995461,1.0,0.996296,0.990619,1.003431,0.993827,1.009109,1.0,1.001348,1.008889,1.004057,0.986683,0.990385,0.997199,0.990119,1.013699,0.998335,0.957594,0.986301,1.022857,1.006339,0.985235,0.980975,1.001209,1.059891,0.991361,0.994798,1.0,1.034404,1.034608,1.006148,0.981107,1.0,0.977778,1.014337,1.008576,1.049573,0.996355,1.010672,1.009913,1.0,1.005112,0.976875,1.005566,0.986842,0.991279,0.970323,1.003571,1.077636,1.018265,0.980342,1.010114,0.995181,0.995918,0.998492,0.992233,1.013514,0.998843,1.004649,1.009749,1.006969
2024-07-01,0.990046,0.996255,0.995962,1.005833,1.009294,1.01069,1.00232,1.007153,1.002208,1.018868,1.001511,1.0,1.008779,1.009868,1.0047,0.969008,1.004454,0.98799,1.009569,0.982063,0.994521,1.007645,0.989362,0.998339,0.98513,0.982955,1.008547,0.99793,1.015547,1.00432,0.994616,0.994126,0.993939,1.002454,1.009709,0.988764,0.982036,1.017375,0.983319,0.990731,0.964286,0.986592,0.991076,0.987738,0.970909,1.012077,1.011986,0.965142,0.991503,1.00289,0.984479,0.992958,0.995927,0.950481,0.988506,0.986869,0.982332,1.006803,0.931596,0.982927,1.017951,0.992638,1.001224,0.980292,0.989957,0.983395,1.009123,1.010264,0.985372,0.982206,0.991398,0.967489,1.001744,0.998748,1.0,0.985656,0.983384,1.016634,1.044444,1.10139,1.006684,1.008276,0.980623
2024-07-02,0.984519,1.011278,1.012671,1.028169,1.018416,1.043269,1.009259,1.014205,1.013216,1.024074,1.025641,1.008646,1.02057,1.019544,1.025731,0.98081,1.026608,1.025122,1.030806,1.038052,1.055096,1.015175,1.032258,1.034942,1.026415,1.026975,1.018644,1.029046,1.014815,1.066667,1.047361,1.022157,1.020325,1.015912,1.019231,1.026989,1.012195,1.043643,0.986429,0.99896,1.004115,1.008494,1.019068,1.01931,1.008739,1.038186,1.062606,1.020316,1.009888,1.04611,1.023649,1.01773,1.014315,0.995658,1.016611,1.013306,1.017986,1.019426,1.008741,1.034739,1.014523,1.02843,1.02445,1.070687,1.04058,1.043152,1.009736,1.04209,1.018893,1.050725,1.045553,1.020857,1.010444,1.003759,1.03632,1.024948,1.033794,1.027911,0.984397,1.02262,1.002554,1.032148,1.006351
2024-07-03,0.999953,1.009665,1.03003,1.024174,1.023508,1.024885,1.027523,1.032213,1.017391,1.018083,1.047059,1.025714,1.018605,1.043131,1.028506,0.973913,1.063715,1.011858,1.075862,1.061584,1.04047,1.047833,1.034226,1.064309,1.058824,1.043152,1.054908,1.040323,1.036496,1.032258,1.054264,1.017341,1.031873,1.014458,1.040881,1.041494,1.052209,1.016364,0.988822,1.032258,1.006148,1.069624,1.031705,0.99594,0.992574,1.004598,1.012739,1.011062,1.007833,1.044077,0.9956,0.977352,1.012097,0.99564,1.009804,1.00303,1.021201,1.021541,0.968804,1.009592,1.021472,1.022837,1.031026,1.010902,1.060585,1.030576,1.035124,1.023677,1.074172,1.010345,1.038382,0.99773,1.049096,1.048689,1.063084,1.030426,1.034175,1.048689,1.011527,1.023663,1.007641,1.039099,1.009818
2024-07-04,0.997058,0.994109,0.982507,0.974036,0.992933,0.996403,0.993304,0.97829,0.99359,0.978686,0.983146,0.986072,0.987062,0.983155,1.003326,1.008929,0.992893,0.96875,0.978632,0.995166,0.969887,0.984308,0.969784,0.996979,0.956597,0.973022,0.963722,0.968992,0.981221,0.982422,0.984069,0.980114,0.96332,0.977435,0.975831,0.976096,0.998092,0.980322,0.994783,0.982863,1.01222,1.006299,0.982872,0.998641,0.995012,0.988558,1.031447,0.984683,0.997409,0.984169,1.003315,0.976827,0.972112,1.026277,0.980583,0.986908,0.955017,0.990268,0.960644,0.977435,0.976977,0.964747,0.954861,0.95746,0.975706,0.966841,0.964072,0.983673,0.950678,0.967577,0.977023,1.005688,0.977833,0.979762,0.947253,0.942913,0.974138,0.952679,0.954416,0.944221,0.9818,0.977679,1.00625
2024-07-05,1.020643,0.994074,0.993076,0.976575,0.97331,0.967509,0.982022,0.945908,0.980645,0.983666,0.985714,0.983051,0.998458,0.976636,0.99337,0.980088,0.982618,0.98629,0.980349,0.977099,0.984476,0.988406,0.986647,0.984848,0.987296,0.981516,0.988543,0.968,0.995215,0.996024,0.995019,0.988406,0.98998,0.99757,0.975232,0.989116,1.030593,1.007299,0.953671,0.953846,1.01006,0.995827,0.968734,1.0,0.992481,0.974537,0.989329,0.991111,0.997403,1.018767,0.996696,0.979927,0.993852,0.974395,0.988449,0.980612,1.021739,0.985258,0.990689,0.99271,0.994877,0.989038,0.979394,0.982478,0.990579,0.99639,0.973085,0.995851,0.967575,1.003527,1.06953,1.005656,0.986566,1.00243,0.969838,0.983299,0.995575,0.979381,0.971642,0.970197,0.96241,0.984997,0.993789
2024-07-08,1.025855,1.00149,1.008964,1.004963,0.998172,1.017724,0.997712,1.005865,1.0,1.02583,1.002899,0.988506,1.003861,1.022329,1.025584,0.990971,1.032258,0.990188,1.024499,1.024148,1.021025,1.007331,1.010526,1.007692,1.029412,1.003766,1.004967,1.018595,1.014423,1.011976,1.013767,1.007331,1.006073,1.002436,1.085714,1.006878,0.992579,1.027174,0.992667,1.0,0.956175,1.047669,0.983598,0.963265,0.941919,1.027316,0.969183,0.94843,0.976562,0.976316,0.948066,0.988827,1.004124,0.983942,1.006678,0.992716,1.046099,0.996675,0.953008,1.026928,1.025747,1.006158,1.016089,1.023567,1.014266,1.021739,1.036879,1.054167,1.060322,1.029877,0.966539,0.953881,1.013617,1.044848,1.038278,1.004246,1.014815,1.021053,1.019969,1.005485,0.991974,1.010596,1.013889
2024-07-09,0.984834,1.008929,1.008885,0.993416,1.003663,1.0,1.0,1.005831,1.006579,1.007194,0.991329,1.002907,1.007692,0.99844,1.0141,1.004556,1.029234,1.026424,0.995652,1.000693,1.015444,1.007278,1.011905,0.998473,1.014286,1.009381,1.0,1.024341,1.007109,0.998028,1.008642,1.001456,1.016097,0.99271,0.991228,1.0,1.007477,0.994709,1.012004,1.016129,1.01875,0.989,0.993007,1.011299,1.0,1.011561,1.009539,1.018913,1.011333,1.016173,1.008159,0.992467,1.00616,1.008902,1.00995,1.008386,1.00339,1.007506,1.035503,1.003576,1.026104,0.980416,0.996346,0.984443,1.0,0.996454,0.987004,1.001318,0.973451,1.003413,0.982196,1.0,1.002519,1.0058,0.981567,1.027484,1.00146,0.995314,1.064759,0.975996,0.968716,0.993447,0.99726
2024-07-10,0.984016,0.978614,0.97407,0.990058,0.974453,0.992667,0.974771,0.995652,0.986928,0.982143,0.98688,0.982609,0.991603,0.985938,1.003209,0.979592,0.996082,0.960579,0.982533,0.97228,0.974651,0.978324,0.957353,0.98318,0.940141,0.942379,0.995058,0.946535,0.976471,0.962451,1.001224,0.986919,0.990099,0.98776,0.973451,0.978142,0.970315,0.97695,0.978102,1.0,0.96728,0.979778,0.985915,1.00419,0.953083,0.96,0.984252,0.951276,0.988794,0.981432,1.018497,0.965844,0.97551,0.973529,0.988506,0.982328,0.962838,1.005795,0.940952,0.980998,0.978474,0.970037,0.981663,0.976612,0.972539,0.962633,0.97921,0.953947,0.977922,0.97449,0.971803,0.962264,0.984087,0.99654,0.964789,0.975309,0.957726,0.967043,0.954738,0.985467,0.958241,0.973615,0.973901
2024-07-11,1.000645,1.011304,1.017579,1.000837,1.014981,0.993536,1.007059,1.008734,1.019868,0.998182,0.98966,1.00885,1.012317,1.009509,1.023454,1.018519,1.012783,1.025963,1.008889,1.005702,0.986996,0.992614,0.993856,1.00311,1.005618,1.017751,0.998344,0.991632,1.007229,0.99384,1.001222,1.005891,1.018,0.992565,1.009091,1.013966,1.001912,1.010889,1.005597,1.035979,1.014799,1.012384,1.025275,1.018081,0.994374,1.007143,1.0,0.997561,1.007333,1.005405,1.022701,1.039293,1.016736,1.004532,1.009967,1.006349,1.014035,1.012346,1.007085,1.042373,1.014,1.007722,1.002491,1.015534,0.999311,1.038817,0.997877,1.022069,0.997344,1.029668,1.010363,0.992647,1.03234,1.028935,1.026764,1.016878,0.99239,1.013632,1.019259,1.014748,1.051133,1.012873,1.020451
2024-07-12,1.002198,0.995529,0.998026,0.985786,1.01107,0.998141,1.014019,0.988456,1.008658,0.989071,1.007463,1.011696,0.996958,0.978022,0.994792,0.984091,0.999029,0.980408,0.993392,0.987243,0.97892,0.96875,0.979907,0.995349,0.973929,0.978682,0.99005,0.972574,0.983254,0.983471,1.002442,0.997072,0.994106,0.995006,0.972973,0.997245,1.01145,0.969479,1.003711,0.975485,0.997917,0.978084,0.981243,1.020492,0.995757,0.992908,0.9856,0.99511,1.0,0.981183,0.967814,0.992439,0.989712,0.996992,0.983553,0.992639,0.979239,0.969106,0.972864,0.984901,0.985207,0.989783,0.982609,0.989802,0.971744,0.983986,0.979433,0.968961,0.973369,0.981356,0.97641,0.971605,0.973619,0.957255,0.978673,0.96888,0.980061,0.985591,0.962209,0.986585,0.997789,0.991304,0.983414
2024-07-15,0.97971,0.997754,1.006924,0.987277,1.00365,0.960894,1.011521,0.991241,1.002146,0.987109,0.988148,0.99711,0.999237,1.004815,1.013613,1.04157,1.008746,0.975853,0.997783,0.987078,0.982503,0.976959,0.995268,1.001558,0.957935,0.972277,0.998325,0.980477,0.978102,0.987395,0.997564,1.007342,1.011858,0.989962,0.984568,0.995856,0.986792,0.937037,0.973198,0.966492,1.031315,0.991141,0.991808,0.998661,1.005682,0.997619,1.006494,1.012285,0.999338,0.991781,0.982798,0.979048,0.987526,1.0181,0.98495,0.986229,0.982332,0.977349,0.998967,0.975236,0.948949,1.0,0.93426,0.959433,0.992199,0.976492,0.980449,0.965181,0.989056,0.986183,0.982143,0.997459,0.959356,0.976498,0.995157,1.002141,0.98748,0.980507,0.929003,0.994334,0.993352,1.00135,1.045678
2024-07-16,1.012528,0.990248,0.996071,0.987973,0.985455,0.985465,0.98861,0.9838,0.991435,0.977612,0.964018,0.988406,1.00687,1.00639,1.021694,0.962306,1.007707,0.988908,0.993333,0.988364,0.99863,1.004717,0.99683,1.010886,1.001996,0.995927,0.989933,0.973451,0.995025,0.993617,0.978022,0.994169,0.996094,0.987326,0.987461,0.984743,0.98088,0.966403,0.991453,0.997833,0.981781,0.982124,0.96696,0.955764,0.963277,0.976134,0.983871,0.961165,0.990066,1.030387,0.971995,0.961089,0.993684,0.977778,0.991511,0.987111,0.992806,1.00515,0.975181,0.979444,1.00211,0.972903,0.985115,0.981879,0.992137,0.987037,0.983752,0.988456,1.011065,1.015762,0.991444,0.949045,0.945278,0.990373,0.990268,1.051282,0.987322,0.987078,1.003252,0.977778,0.969883,0.987871,0.992608
2024-07-17,0.990558,1.003788,0.994083,0.995652,0.994465,1.016716,0.993088,1.0,1.00432,1.005725,0.993779,0.991202,0.998484,1.009524,0.993933,0.983871,0.991396,0.969802,0.993289,1.028698,0.997257,0.992175,0.99841,1.0,1.0,0.981595,1.005085,1.009091,0.972,1.004283,1.009988,0.989736,0.986275,1.006418,1.034921,0.998592,0.968811,1.010225,1.004789,0.998914,1.002062,1.005353,1.009112,0.957924,0.998534,1.00978,1.029508,1.005051,0.973244,0.997319,1.008403,1.002024,1.002119,0.990909,0.996575,1.002176,1.014493,1.006832,1.022269,1.009877,1.011579,0.984085,1.005495,1.019139,1.004323,0.990619,0.984234,0.994161,1.0,0.987931,0.990291,1.022819,1.004669,1.023086,1.022113,1.060976,1.009631,1.030211,0.990276,0.997669,0.977573,0.997271,0.975626
2024-07-18,0.990938,1.015849,1.029762,1.008734,1.012987,1.015474,1.016241,1.008982,1.012903,1.00759,1.007825,1.017751,1.015186,1.018868,1.006104,1.028103,1.011572,0.991993,1.004505,1.0,1.005502,1.007886,1.004777,1.016923,0.989044,0.991667,1.006745,1.004505,0.989712,0.98081,1.024722,1.0,1.003976,1.006378,0.98773,1.015515,1.018109,0.963563,1.017159,1.011957,1.014403,1.037274,1.010722,0.998536,1.014684,0.978208,1.039809,1.035176,1.006186,0.975806,0.975,1.016162,0.997886,1.006116,0.994845,0.997828,0.992857,0.98134,1.0,1.028117,0.977107,1.006739,0.997268,0.989269,1.000717,1.0,0.980168,0.991189,0.991792,1.00349,0.965142,1.01706,1.007435,1.007126,1.012019,0.977011,1.00318,1.013685,0.99509,1.014019,0.990588,1.047196,0.977099
2024-07-19,0.982319,0.993314,0.979769,0.985281,0.994505,1.002857,0.986301,0.988131,0.987261,0.984934,0.992236,1.0,0.99626,0.983025,0.997978,0.990888,0.992374,0.98296,0.973094,0.959943,0.95896,0.882629,0.984152,0.990923,0.98288,0.972689,0.974874,0.961883,0.970894,0.984783,0.984318,0.968889,0.992079,0.989861,0.975155,0.984722,0.980237,0.978992,1.005623,0.990333,0.981744,0.983573,0.987158,0.967742,0.968162,0.97401,0.929556,0.96699,0.99112,0.964187,0.996337,0.996024,0.989407,0.971125,0.979275,0.97062,0.982014,0.971478,0.963693,0.970273,0.980831,0.971888,0.975342,0.997966,0.970609,0.994318,0.983658,0.934815,0.971034,1.038261,0.942438,0.981935,0.98155,0.964623,0.980998,0.970588,0.96355,0.985535,0.973684,1.004032,0.983967,0.995428,1.012784
2024-07-22,1.000961,1.046372,0.942478,1.018453,1.007366,0.997151,1.00463,1.025526,0.978495,1.038241,1.017214,1.011628,1.006757,1.0,1.009119,0.988506,1.001921,1.001825,1.011521,1.011177,1.039943,1.019504,1.019324,1.007634,1.040984,1.012959,1.027491,1.02331,1.028908,1.039735,1.004902,1.004587,1.00998,1.019206,1.05414,1.016925,1.024194,1.04721,1.027959,1.033623,1.03719,1.044885,1.024321,1.001515,1.017937,1.050826,1.00659,1.029116,1.000689,1.06,1.041667,1.005988,1.044968,1.018779,1.026455,1.029148,1.029304,1.014235,1.048439,1.031863,1.032573,1.009642,0.997191,1.04212,1.035451,1.097143,1.049842,1.038035,1.036932,1.073702,1.051497,1.04205,1.027256,1.04401,1.053269,1.036364,1.044408,1.017613,1.028716,1.006311,1.019312,1.014436,1.025245
2024-07-23,1.01275,0.975697,0.963485,0.99396,0.998172,1.007619,1.002304,0.998536,0.989011,0.994475,0.990769,0.985632,1.03132,1.028257,1.050201,1.006977,1.027804,0.974499,0.997722,1.004422,0.995885,0.973913,0.982622,1.033333,0.945866,0.965885,1.010033,0.979499,1.019771,0.972399,1.004878,0.998478,1.009881,1.005025,0.984894,0.988904,0.988189,0.981557,1.019039,0.994753,0.988048,1.018981,1.009387,1.016641,1.01909,0.984281,0.934534,1.019512,1.014463,0.978437,1.003529,0.996032,1.002049,0.986175,0.991409,1.004357,0.992883,0.994737,1.016427,0.990499,0.987382,1.0191,0.964789,0.988918,0.96933,0.991319,1.001507,0.980153,0.954795,0.984399,0.993166,1.005044,0.999085,0.966042,0.972414,0.976608,0.96063,0.961058,0.978654,0.978905,0.970989,1.002587,0.980848
2024-07-24,0.986343,0.96337,0.982675,0.983507,0.989011,0.975425,0.993103,0.980938,0.991111,0.975926,0.993789,1.0,0.991323,0.98626,0.99044,0.988453,0.999067,0.957944,1.0,0.990462,0.979339,0.991071,0.998392,0.983871,0.991675,0.984547,0.991722,0.993023,0.95102,0.991266,0.973301,0.954268,0.986301,0.965,0.97546,0.998597,0.994024,1.008351,0.976868,0.994726,1.010081,0.959804,0.979759,1.014881,0.981268,0.969287,0.989492,0.976077,1.001358,0.961433,0.978898,0.965139,1.006135,1.0,0.996534,1.0141,1.003584,0.96649,0.963636,0.964029,1.028754,0.961178,0.978102,0.980883,1.001472,0.998249,0.962378,0.978193,0.979914,1.047544,0.962156,0.976161,0.952381,1.008485,0.981087,0.994012,0.985246,0.984492,1.006711,0.972627,0.960976,0.972258,0.978382
2024-07-25,1.020096,0.943726,0.981818,0.990291,0.983333,1.018411,0.976852,0.995516,0.977578,1.003795,0.985938,0.965015,0.996353,1.004644,0.995174,0.964953,0.971989,0.967805,0.997717,1.039259,1.053446,0.998198,1.008052,1.022355,1.004197,1.006726,1.028381,0.995316,1.062232,0.995595,0.992519,1.022364,1.021825,0.979275,1.012579,0.985955,1.03006,1.018634,0.949909,0.986214,0.972056,0.95761,0.995533,0.966276,0.945668,0.991128,0.969912,0.936275,0.969492,1.002865,0.947305,0.987616,1.010163,0.961059,0.994783,1.002139,1.017857,0.982664,0.963312,0.986318,1.030021,1.037604,0.997015,0.971774,0.999265,0.973684,0.95778,1.033439,0.967789,1.004539,0.942789,0.976864,1.026923,1.012019,1.024096,0.975904,1.011647,0.985264,1.015,0.970659,0.984137,0.984738,0.980043
2024-07-26,0.997715,1.012087,1.007295,1.008021,1.00565,0.976213,0.992891,0.986486,1.006881,0.954631,0.984152,0.996979,0.987555,0.989214,1.00388,1.009685,1.022094,1.014113,1.002288,1.002138,0.986649,1.012635,1.0,1.007289,0.996865,1.002227,0.977273,1.011765,1.015152,1.015487,0.987437,0.984375,0.990291,0.990741,1.024845,0.991453,1.013619,0.99187,0.996165,1.010753,0.989733,0.976533,0.993831,0.98786,0.993789,0.984655,0.998175,0.987435,0.987413,1.028571,0.996207,1.011494,0.995976,1.004862,1.020979,1.005336,1.007018,0.979573,0.98803,0.997478,0.957789,0.959732,0.986527,1.010373,1.004412,1.030631,1.005714,0.998459,1.039334,1.061747,1.018963,0.973684,0.988764,1.093824,1.025882,0.975309,1.004934,1.007736,0.980296,0.987045,1.018698,1.014151,0.975273
2024-07-29,0.979228,1.003981,1.012256,1.009726,1.014981,1.015595,1.019093,1.010654,1.004556,1.017822,1.016103,1.009091,1.026686,1.015576,1.037681,1.040767,1.024436,1.038767,1.009132,1.016358,0.99594,1.003565,1.009585,1.005789,1.0,0.995556,1.011628,1.0,1.029851,0.995643,1.019084,0.977778,1.013725,0.99733,0.987879,1.011494,1.013436,0.987705,1.005775,1.020213,1.029046,1.034954,1.025395,1.010753,1.026562,1.009091,0.990859,1.020148,1.012748,1.008333,1.002538,1.010331,1.010101,1.024194,1.013699,1.027601,0.993031,1.000948,1.049559,1.005057,1.007345,0.974825,1.009105,1.020534,1.008785,0.982517,1.020292,1.041667,1.011645,1.005674,1.039702,1.017568,1.003788,1.003257,0.986239,1.016878,1.027823,1.020983,0.994975,1.015625,1.048734,1.016611,1.008203
2024-07-30,0.985415,0.996828,0.997248,0.996497,1.00738,0.998081,1.009368,0.996988,0.995465,0.996109,1.011094,1.003003,0.997112,1.003067,1.004655,1.0,1.011927,1.013397,1.006787,1.004899,1.009511,0.996448,0.995253,1.004317,1.004193,1.0,1.004926,1.011628,1.024155,1.008753,0.995006,0.98539,0.994197,1.008032,0.98773,0.997159,0.988636,0.993776,0.959809,0.930136,0.991935,1.031135,1.013209,1.00152,0.993912,0.988417,0.99631,1.02079,1.01049,0.977961,1.0,1.00818,0.994,0.99685,1.003378,1.01343,1.0,0.982955,0.98531,0.996226,0.997917,0.989957,0.990977,0.997317,0.998549,0.996441,0.987271,0.995556,1.004317,1.004231,1.031026,0.992032,0.986792,1.028139,0.97907,0.991701,1.019108,0.990977,0.974747,0.995692,0.964997,1.000654,1.005178
2024-07-31,0.996945,1.017502,1.010486,1.007909,1.001832,1.011538,1.018561,1.012085,1.015945,1.007812,1.018809,1.005988,1.0,0.993884,1.001854,1.009217,1.001813,1.0,1.01573,1.01532,1.001346,1.010695,1.025437,1.004298,1.016701,1.026786,1.00817,1.016092,1.033019,1.032538,1.012547,1.014827,1.005837,1.010624,1.012422,1.011396,1.007663,1.014614,1.016949,1.014574,1.002033,0.990788,1.004889,0.962064,1.02144,0.984375,0.996296,1.013238,0.986851,0.991549,1.049367,1.016227,1.022133,1.004739,0.988215,1.018349,1.014035,1.031792,1.042599,1.035354,0.991649,1.011594,1.00607,1.054472,1.021076,1.014286,1.0,1.013393,1.018625,0.973315,0.988426,1.017403,1.015296,0.995789,1.026128,1.0,0.973438,1.013657,1.0,1.02843,1.028768,1.016982,1.030905
2024-08-01,1.013847,1.006255,1.003823,1.00959,1.014625,0.986692,1.020501,1.004478,1.0,1.005814,1.0,1.011905,0.999276,1.018462,0.997225,1.002283,1.00362,1.008499,0.975664,0.981481,0.973118,0.985891,0.990698,0.994294,0.980493,0.98913,1.003241,0.988688,0.984018,0.985294,1.001239,0.956169,1.001934,1.002628,0.993865,1.0,1.0,0.975309,1.022549,0.99337,1.006085,0.997417,1.013514,0.94164,1.0,0.998677,0.988848,0.99196,0.99439,1.002841,0.997587,1.025948,0.998031,1.015723,1.010221,1.011011,1.020761,0.997199,1.013279,1.003659,0.978947,0.971347,0.992459,0.982143,0.972242,1.036972,0.997583,0.9721,0.988748,1.01443,1.012881,1.006579,0.979284,0.977801,0.974537,1.016736,0.980738,0.999002,1.015544,0.993389,1.005471,1.007707,1.004996
2024-08-02,1.000828,1.001554,0.978237,0.997409,0.996396,1.014451,1.002232,1.004458,0.997758,1.001927,0.996923,1.002941,1.013043,0.998489,1.014842,1.013667,1.023445,1.029963,1.002268,1.004892,0.997238,1.007156,1.0,1.001435,0.99267,0.997802,1.004847,1.002288,0.974478,0.946695,1.007426,0.998302,1.003861,1.003932,0.950617,1.007042,0.998099,0.974684,1.005753,1.011123,1.006048,1.009322,1.0096,1.031826,1.008996,0.949669,0.983083,1.015704,1.01481,0.949008,1.015719,0.984436,1.009862,1.003096,0.994941,1.007426,1.0,0.997191,1.002016,1.026731,0.98172,1.017699,0.990881,0.97987,0.997804,0.994907,1.006462,0.989426,0.990043,0.985775,1.025434,1.006536,0.994231,0.992432,0.976247,0.981481,0.993453,1.006993,1.013605,0.999395,1.003023,1.002549,0.987926
2024-08-05,1.011745,1.006206,0.998888,0.987879,0.996383,0.982906,1.0,0.995562,1.002247,0.990385,0.998457,1.0,1.005722,0.998487,1.00457,1.002247,0.992952,0.998182,1.0,0.998609,1.004155,0.980462,0.99687,1.002865,0.969409,1.0,1.009646,1.002283,1.009524,0.993243,1.014742,0.994898,1.009615,1.001305,0.974026,0.998601,1.08381,1.017316,1.000953,1.019802,1.0,1.001026,0.987322,1.003247,0.998514,0.986053,0.986616,0.996509,1.013899,1.00597,1.003571,1.0,0.990234,1.003086,0.994915,0.976904,1.023729,0.997183,0.990946,0.997633,1.0,1.017391,1.018405,0.986746,0.989729,0.957338,0.998395,0.983206,0.984195,0.959596,0.998873,0.997403,0.987427,0.962963,0.995134,0.981132,0.990115,1.0,1.001678,0.997579,0.981314,0.99555,0.961179
2024-08-06,1.001253,0.996145,1.0,0.996494,1.012704,0.996135,1.020045,1.004458,1.020179,1.01165,1.021638,1.008798,0.997155,0.995455,0.990901,1.017937,1.011535,1.002732,0.995475,1.000696,0.993103,0.994565,0.99529,1.001429,0.992383,0.995595,1.006369,1.018223,0.992925,0.995465,0.989104,1.010256,0.994286,1.003911,0.963333,1.007003,0.989455,0.993617,1.026667,0.998921,0.991984,1.021015,0.985554,1.012945,1.004464,0.980198,0.955426,0.996997,1.013708,0.991098,1.0,0.990119,0.970414,1.033846,1.003407,0.990946,1.056291,1.010358,1.025381,1.021352,1.002191,1.005698,0.98494,0.993956,0.97702,1.00713,0.991158,0.992236,0.963504,1.001504,1.011287,1.0,1.002938,1.006787,0.969193,1.002137,0.993344,0.985615,0.969849,0.988471,0.990786,0.975734,1.038893
2024-08-07,1.003647,1.021672,1.005568,1.013193,1.010753,1.008729,1.008734,1.016272,1.015385,1.023033,1.007564,1.014535,0.990728,0.989346,0.991736,0.991189,0.986842,1.003633,1.0,1.0,1.0125,1.0,0.998423,0.991441,0.987939,0.995575,0.974684,0.993289,1.011876,0.995444,0.96328,1.055838,1.051724,1.007792,1.010381,1.006954,1.0,1.023555,1.013915,1.031317,1.0,1.043173,1.011401,1.031949,1.019259,0.998557,0.972617,1.034137,1.003381,0.982036,1.005931,0.966068,1.00813,1.005952,1.035654,1.005076,1.031348,1.027027,1.021782,1.005807,1.036066,1.045326,1.022936,1.035135,1.033384,1.040708,1.021898,0.99374,0.992424,1.007508,1.008929,1.027344,1.051758,1.039326,1.08224,1.006397,1.005025,1.089079,1.006908,1.028852,1.035958,1.048429,0.993521
2024-08-08,0.996466,1.003788,1.017719,1.009549,1.007092,0.999038,1.017316,1.005822,1.006494,1.011257,1.009009,1.017192,0.992801,0.989231,0.990741,1.002222,1.005333,1.000905,1.020455,1.001392,1.019204,1.007286,1.0,1.002878,1.014428,1.006667,1.017857,1.013514,1.051643,1.032037,1.045743,1.016026,1.0,1.016753,1.037671,1.017956,0.987567,1.004184,0.976212,0.988482,1.014141,0.995188,1.0,1.013932,1.002907,0.991329,0.965589,0.997573,1.002695,0.990854,1.002358,0.996901,1.030242,0.991124,0.998361,0.990909,0.987842,1.004537,1.003876,1.017321,0.982068,1.001355,1.004484,1.052872,0.997797,1.013605,1.009524,1.004724,1.074809,0.989568,1.019912,1.017744,1.009285,0.989189,1.079254,0.993644,1.038333,1.038817,0.987993,1.023866,0.993417,1.016854,1.019565
2024-08-09,0.999753,1.006792,1.0,0.99742,1.003521,1.002887,1.0,0.995658,1.017204,0.992579,1.001488,1.008451,0.997825,0.993779,1.016822,0.986696,1.01061,0.984629,0.982183,1.000695,0.975774,1.003617,0.990521,0.998565,0.979212,0.98234,0.980861,0.98,0.995536,0.991131,1.00243,0.992114,0.990893,0.997465,0.993399,1.002714,1.001799,0.94375,1.0,0.979873,0.988048,0.999033,0.994096,1.001527,0.976812,0.98688,0.9946,0.980535,0.995968,0.978462,0.994118,0.977202,0.935421,0.991045,0.988506,0.998981,1.003077,1.015357,1.017375,1.003405,0.96348,1.009472,1.00744,1.009919,0.989698,0.981544,0.986635,0.987461,0.99858,0.993976,0.9859,0.996264,0.99448,1.012022,0.952484,0.970149,0.993579,0.998221,0.996528,1.009907,0.995181,0.987109,1.008529
2024-08-12,1.018763,0.992504,0.997824,0.985345,0.991228,0.986564,0.987234,0.988372,0.991543,0.998131,0.995542,0.988827,1.000727,0.985915,0.977941,0.995506,0.990376,0.992654,0.981859,0.988889,0.993103,1.016216,0.969697,0.997126,1.006704,0.988764,0.993496,0.981859,0.982063,0.982103,0.984242,0.993641,1.022059,1.001271,1.0,1.0,0.994614,1.011038,1.018744,1.016216,1.0,1.006776,1.00324,1.004573,1.0,1.002954,1.006515,1.009926,1.002699,1.0,0.983432,0.984093,1.006276,0.990964,0.943522,0.982653,0.990798,1.001779,1.018975,0.99095,0.989967,0.986595,0.970458,0.993861,1.002974,0.97094,0.996813,0.977778,0.985775,0.969697,1.083608,1.0,0.9963,0.991361,0.970522,1.006593,0.988691,0.912656,0.986063,0.980958,1.001211,0.994403,0.98661
2024-08-13,1.007998,1.009063,0.999455,1.013998,1.010619,1.059339,1.008621,1.008824,0.991471,1.0,1.004478,1.011299,0.998548,1.003175,0.994361,1.015801,0.988516,0.987974,1.013857,1.010534,1.022222,1.001773,0.988487,1.008646,0.946726,0.993182,1.006547,0.995381,1.004566,0.94533,1.020936,0.9984,0.998201,1.013959,1.009967,1.006766,0.99278,0.9869,1.056118,1.005319,1.016129,1.020192,1.016685,1.009105,1.007418,0.988218,0.995685,0.995086,1.006057,0.971698,0.990373,1.03125,1.014553,1.006079,0.855634,0.974039,0.993808,1.010657,0.985102,1.090183,1.001126,1.014946,1.018265,1.021618,1.024463,0.915493,1.039968,1.0,1.005772,0.985938,0.984772,1.0025,1.012071,1.008715,1.016355,1.034934,0.996732,1.035156,1.010601,1.017059,1.026602,1.021263,1.021429
2024-08-14,0.996671,1.000749,0.999454,0.999137,1.003503,1.000918,1.008547,1.036443,1.008602,1.020599,1.002972,0.997207,0.998545,0.996835,0.996219,0.991111,0.991957,1.001873,1.009112,0.999305,0.991848,0.987611,0.998336,1.001429,0.995311,0.990847,1.001626,1.0,0.956818,1.026506,0.997587,0.988782,0.998198,1.007509,0.960526,1.001344,1.012727,0.988938,0.926829,0.984127,1.011905,0.989632,0.994177,0.998496,0.995582,1.0,0.963164,1.009877,1.003344,0.993528,0.99271,0.970742,0.983607,1.010574,0.971193,0.989339,0.978193,0.993849,0.979206,0.98534,0.978628,0.986613,0.992526,1.002418,0.999276,0.986538,1.021522,0.988636,1.021521,0.995246,0.982474,0.996259,0.986239,0.930886,0.990805,1.012658,0.967213,0.999057,0.998252,0.950839,0.975265,1.012247,0.897203
2024-08-15,0.993143,1.007479,1.015284,1.01468,1.001745,1.011927,1.0,1.018284,0.997868,1.011009,1.011852,1.005602,1.010197,1.004762,1.012334,0.986547,1.024324,1.009346,1.038375,1.034771,1.038356,1.039427,1.018333,1.039943,1.030624,1.016166,1.012987,1.018561,1.064133,1.018779,1.022975,1.006483,1.019856,1.019876,0.996575,1.012081,0.982047,1.03132,1.00282,1.025806,1.011765,1.006667,1.017039,1.006024,1.016272,1.010432,0.974128,1.012225,1.006667,1.009772,1.008568,1.01507,1.0,1.00299,1.023305,0.975216,1.0,1.011494,1.023166,0.994687,0.993103,1.009498,1.010542,0.990953,1.034757,1.068226,1.015049,1.0,1.004213,1.05414,0.979014,1.021277,1.013953,1.042923,1.032483,1.0,1.010169,0.997167,1.061296,1.016423,1.014493,1.007864,0.997662
2024-08-16,1.014375,1.009651,1.020968,1.002553,1.017422,1.009066,1.012712,1.008287,1.008547,1.012704,1.014641,1.016713,1.01442,1.011058,1.005623,1.045455,1.007036,0.966667,1.041304,1.012097,1.021108,1.018966,0.998363,1.005487,0.982857,1.002273,0.998397,1.025057,1.017857,0.976959,1.015366,0.991948,0.99469,1.047503,1.003436,1.030504,1.014625,1.023861,1.012184,1.060797,1.052326,1.003784,0.999476,1.011976,1.040757,1.010324,1.015012,1.033816,1.011258,1.003226,0.995146,1.014846,1.0,1.026826,1.00207,0.98011,1.003185,1.006119,0.998113,1.008547,1.047454,1.00672,0.986587,1.021911,1.002799,0.978102,1.004448,1.013136,1.023776,1.018127,1.015005,0.992647,0.974312,1.013348,1.006742,0.966667,1.028523,0.963068,0.9967,1.012567,1.090476,0.959784,1.028125
2024-08-19,0.998362,1.001471,0.996314,0.986418,0.996575,0.991914,0.991632,0.991781,0.995763,1.0,0.998557,0.989041,1.003554,0.996875,1.013048,0.945652,1.016594,0.983716,1.012526,1.007968,0.985788,1.001692,0.954098,0.995907,0.97907,0.947846,1.004815,1.033333,1.0,0.964623,1.001164,0.99026,0.975089,0.997674,0.976027,1.003861,0.981982,0.96822,0.993519,1.007905,0.987109,0.986805,0.980094,0.977811,0.993007,1.00146,0.970421,0.995327,0.991487,0.967846,1.0,0.987461,0.997917,0.994194,0.97314,0.994363,1.006349,0.981755,0.975425,1.004237,0.98674,0.971963,0.97281,0.965456,1.044662,0.981343,0.948339,0.974068,0.968579,0.985163,0.978881,0.975309,0.967985,1.130626,1.002232,0.974138,1.006525,1.017699,0.895695,0.968085,0.994541,0.989368,0.974924
2024-08-20,1.010597,1.002203,1.002114,1.017212,0.967354,1.009058,0.974684,0.997238,1.006383,1.003584,0.976879,0.980609,0.992918,0.982759,0.99724,0.97931,0.993127,1.006816,1.008247,1.005929,1.010485,0.993243,1.0189,1.008219,1.007126,1.016746,1.009585,1.023656,0.986842,1.012225,1.001163,0.980328,1.012774,1.005828,1.024561,1.0,1.022018,1.032823,1.003728,1.043137,0.988806,1.008596,1.009086,0.992436,0.991549,1.008746,1.004689,0.995305,0.997358,1.0,1.010976,1.002116,1.010438,0.99562,1.025478,1.029478,1.015773,1.00708,1.00969,0.995781,0.995521,0.975275,1.024845,0.902529,1.019372,1.022814,0.965759,1.096506,1.008463,1.031627,1.042071,1.011392,1.125486,1.009709,1.008909,1.004425,1.056726,1.0,1.018484,0.994505,1.007135,0.999368,0.989088
2024-08-21,1.004267,1.005128,0.994726,1.01692,0.980462,0.995512,0.971861,1.036011,1.040169,1.055357,0.957101,1.0,0.997147,1.012759,1.004613,0.995305,1.00173,0.984526,0.993865,1.00131,1.018158,1.013605,1.043845,1.002717,1.038915,1.042353,0.998418,1.088235,1.011111,1.07971,1.0,1.010033,0.992793,1.022016,1.030822,0.998718,1.019749,1.027542,1.007428,0.984962,1.0,0.995265,1.011653,1.015244,1.004261,1.020231,1.044341,1.016509,1.009272,1.013289,1.030157,1.012672,1.035124,0.98827,0.99793,1.001101,1.003106,1.059754,1.026871,1.032839,1.007874,1.002817,1.007576,1.077922,1.006553,1.042751,1.037873,1.007587,1.025175,1.00146,1.0,0.989987,1.021608,0.959615,1.039735,1.059471,1.006135,1.035749,1.030853,1.018416,1.008719,1.030361,1.006304
2024-08-22,0.989806,0.996356,0.993637,0.985025,0.983696,0.993688,0.973274,0.989305,0.981707,0.996616,0.995363,0.988701,0.984263,0.988976,0.999082,1.011792,1.001727,0.972495,0.981481,0.975147,0.870064,0.954698,0.95315,0.995935,0.961407,0.945824,0.977813,0.928571,0.949451,0.930649,0.993031,0.993377,0.974592,1.0,0.983389,0.96534,0.996479,0.983505,1.007373,1.003817,1.001887,0.999049,0.989005,1.001502,0.994342,0.981586,1.027933,0.981439,0.962598,1.029508,0.960187,0.983316,0.978044,0.986647,0.983402,0.984598,0.96904,0.974295,0.975701,0.977436,0.954241,0.977528,0.959398,0.954344,0.982422,0.969697,0.965839,0.972892,0.971351,0.963557,0.983437,0.984829,0.983926,1.001002,0.978769,0.97921,1.003049,0.98041,0.945423,0.987945,1.002701,0.976059,0.981206
2024-08-23,1.005306,0.994148,0.998933,0.983108,0.990792,0.993648,0.979405,0.990541,0.995859,0.994907,0.968944,0.98,0.99564,0.985669,0.990809,0.97669,0.985345,1.0,0.976939,0.998659,1.002928,1.0,1.005085,0.989116,1.01889,1.004773,0.991896,0.993763,0.990741,1.050481,0.990643,0.996667,1.0,1.012472,0.989865,1.0,0.989399,1.002096,0.978042,1.005703,0.986817,0.99619,1.001059,0.998501,0.985775,1.018759,1.01413,1.004728,1.002727,1.035032,0.99878,1.00106,0.993878,0.977444,1.018987,0.98324,0.996805,1.002553,0.982759,1.006296,0.988304,1.001437,0.987461,0.989369,1.00729,1.011029,1.016077,1.003096,1.005618,1.022693,1.014737,0.980745,1.022356,0.980981,1.010846,1.027601,1.009119,0.998097,1.007449,0.991458,0.994073,1.007547,0.984038
2024-08-26,1.011399,0.986755,0.995192,0.987113,1.005576,0.990868,0.992991,0.957708,1.002079,0.97099,0.998397,1.0,1.009489,0.993538,0.994434,0.988067,0.992126,0.983838,1.0,0.990598,0.964964,0.991213,0.991568,0.98762,0.994206,0.980998,1.0,1.004184,1.007009,1.009153,0.991736,0.993311,0.990689,1.005599,0.979522,0.996011,1.008929,0.987448,0.984097,0.988658,0.975191,0.982792,0.985722,0.945946,0.939394,0.997167,1.001072,0.936471,0.987084,0.975385,0.984127,0.990466,0.98768,0.981538,1.004141,0.969318,1.0,0.996604,0.965887,0.972888,1.002367,0.992826,0.974603,0.994627,0.986842,1.007273,0.989715,0.989198,0.988827,1.032544,0.973029,0.938482,1.002523,1.007143,0.991416,0.993802,1.0,1.00858,1.001848,0.992615,1.012466,1.0,0.997567
2024-08-27,0.981234,1.006711,1.001074,1.00087,0.990758,1.013825,0.990588,1.014245,1.008299,1.010545,0.972713,0.988338,1.006508,1.00813,1.002799,0.995169,1.0194,0.99076,1.023605,1.018983,1.02118,0.998227,1.003401,1.036212,1.001166,1.016949,1.026144,1.01875,1.020882,0.993197,1.016667,0.981481,1.005639,0.993318,1.010453,0.993324,1.010619,1.012712,0.941065,1.00956,0.90998,1.0,1.001609,1.003175,0.970814,0.990057,0.991435,0.996985,0.991736,0.977918,0.995037,0.995722,1.002079,0.989028,0.983505,0.985932,1.016026,1.010221,1.009082,0.993569,1.004723,0.995665,0.996743,0.987171,1.006667,0.998195,0.996803,1.0078,1.004237,0.991404,1.021322,1.0,1.000839,1.007092,1.012987,1.014553,1.027108,0.985822,0.979705,0.988841,1.0,0.996255,1.000813
2024-08-28,0.989001,1.0,1.0,1.0,1.0,1.0,1.0,1.0,1.0,1.0,1.0,1.0,1.0,1.0,1.0,1.0,1.0,1.0,1.0,1.0,1.0,1.0,1.0,1.0,1.0,1.0,1.0,1.0,1.0,1.0,1.0,1.0,1.0,1.0,1.0,1.0,1.0,1.0,1.0,1.0,1.0,1.0,1.0,1.0,1.0,1.0,1.0,1.0,1.0,1.0,1.0,1.0,1.0,1.0,1.0,1.0,1.0,1.0,1.0,1.0,1.0,1.0,1.0,1.0,1.0,1.0,1.0,1.0,1.0,1.0,1.0,1.0,1.0,1.0,1.0,1.0,1.0,1.0,1.0,1.0,1.0,1.0,1.0
2024-08-29,0.999253,0.993333,0.987668,0.985217,0.996269,0.981818,0.988124,0.976124,0.985597,0.975652,0.962046,0.985251,1.0,0.996774,1.013023,0.980583,0.99827,0.972021,0.983229,1.025283,0.995556,0.975133,0.971186,1.001344,0.967404,0.951429,1.011146,0.98364,0.979545,0.981735,0.995316,0.984563,0.988785,0.995516,0.986207,0.986559,1.0,0.976987,0.942424,0.992424,0.944086,1.003891,0.994108,0.971519,0.938291,0.964132,0.973002,0.961694,0.989583,0.948387,0.995012,0.98174,0.966805,0.954041,0.976939,0.977408,0.990536,0.990725,0.974,1.004315,0.972973,0.973875,0.972222,0.983584,0.978808,1.025316,0.953488,0.965944,0.970464,1.039017,0.97286,0.963738,0.994132,0.939638,1.025641,0.952869,0.932551,0.970278,0.979284,0.991223,0.986617,0.981203,0.984565
2024-08-30,1.0,1.006711,0.97557,0.985878,1.013109,0.990741,1.009615,0.995683,0.983299,0.99287,0.991424,1.005988,1.006466,0.991909,1.002755,0.962376,0.998267,0.995736,0.987207,0.997404,0.973214,0.985428,0.970332,1.0,0.945848,0.956957,0.981102,0.985447,0.986079,0.988372,0.988235,1.006969,0.99811,0.989865,0.986014,1.001362,1.005254,0.982869,1.010182,1.005725,1.004556,1.013566,0.992996,1.013029,1.0,0.982143,0.972253,1.004193,0.999298,0.955782,0.977444,0.982495,0.987124,0.993355,0.978541,0.989051,0.990446,1.005106,0.989733,1.002148,0.986715,1.034277,1.040336,1.063282,0.985115,0.961199,0.987384,0.995192,0.984058,0.895688,0.979614,1.0,1.00253,0.996788,0.972917,0.982796,0.992138,1.011858,0.976923,1.013283,1.004883,1.042146,0.988449
2024-09-02,0.985821,0.985926,0.987757,0.988362,0.985213,0.994393,0.978571,0.99422,0.995754,0.994614,1.00519,0.979167,0.980014,0.988581,0.975275,0.943416,0.987847,0.973233,1.00216,0.992843,0.960245,0.992606,0.998201,0.998658,0.975827,1.002092,0.998395,0.995781,1.002353,0.995294,0.990476,0.965398,1.007576,1.015927,0.992908,0.979592,1.001742,0.997821,0.980371,0.990512,0.970522,0.99044,1.004341,0.988746,0.946037,0.99697,1.011416,0.977035,0.986657,1.021352,0.985897,1.002227,0.976087,0.993311,0.997807,0.9877,1.016077,1.016935,0.98444,1.016077,0.982864,0.969741,0.987076,0.98692,0.967033,1.036697,0.951448,0.990338,0.958763,1.068323,0.976999,0.997106,1.004205,1.023631,0.982869,1.039387,1.015848,0.995117,0.992126,1.00437,1.0,0.998162,0.998331
2024-09-03,1.002159,1.006011,1.007887,1.000906,1.005629,1.036654,1.009732,1.013081,0.972281,1.00361,0.998279,1.015198,1.012382,1.013201,0.986854,1.008724,0.980668,0.9956,1.006466,1.01114,1.009554,0.992551,1.003604,1.008065,1.015645,1.012526,0.993569,0.991525,1.011737,1.016548,1.00601,1.016129,0.99812,1.010078,1.010714,1.008333,1.001739,0.965066,1.00974,0.996169,0.995327,1.006757,1.006483,0.980488,0.998217,1.007599,1.010158,0.970085,1.0,1.003484,1.007802,1.01,0.988864,1.015152,1.0,1.01868,0.984177,0.994172,1.028451,0.99789,0.987547,1.022288,0.959083,0.986746,0.980824,1.033628,0.989257,1.011382,0.998464,1.059593,0.982063,1.013062,1.024288,0.992655,1.008715,0.978947,0.973479,1.024534,0.990079,1.014295,0.99406,1.021486,1.012542
2024-09-04,0.992725,1.005228,1.01062,1.013575,1.016791,0.99456,1.016867,1.014347,1.013158,1.021583,1.022414,1.008982,1.004317,1.013029,1.018078,1.001081,1.002688,1.016575,1.004283,1.008425,1.014196,1.011257,1.007181,1.008,1.029525,1.010309,0.985437,1.027778,1.00232,0.993023,0.992832,0.989418,1.007533,1.007761,0.985866,1.016529,1.017361,1.002262,1.013398,1.009615,1.021127,1.006711,1.005904,1.021559,1.007143,1.013575,1.02905,1.017621,1.0121,0.989583,1.006452,1.015402,0.988739,1.008292,1.004396,1.017115,1.03537,1.004188,1.023566,1.015856,0.96343,0.998547,1.018771,0.995299,1.015206,0.988014,1.013575,1.0209,1.006154,1.02332,0.993151,1.038682,1.005724,1.034884,0.993521,1.034409,0.996795,0.999042,1.002004,1.005515,1.003802,0.994591,1.004955
2024-09-05,1.007697,0.999257,0.997235,0.9875,1.0,0.998177,1.009479,0.992928,1.015152,1.005282,0.993255,1.008902,1.008596,1.014469,1.01215,1.006479,1.01966,0.995652,1.014925,1.015424,1.049767,0.998145,0.953654,1.010582,0.976309,0.978571,1.011494,0.987526,1.016204,0.955504,1.008424,1.010695,1.007477,0.992299,0.985663,0.998645,1.003413,0.997743,1.016393,1.007619,1.009195,1.037143,1.008004,0.998377,1.0,0.998512,0.978284,0.996753,1.00211,0.978947,1.0,1.018418,0.995444,1.0,1.017505,1.00601,1.015528,1.000834,1.011011,1.001041,1.028796,1.018923,1.005025,1.002024,0.990014,0.993068,1.008036,0.985827,0.987768,1.010724,1.0,1.016552,1.028455,1.001021,0.978261,0.995842,0.998392,0.991371,0.974,1.006703,1.005952,0.990937,0.987675
2024-09-06,1.007465,1.013383,1.026622,1.018083,1.022018,1.004566,1.018779,1.018519,1.017058,1.015762,1.022071,1.017647,1.008523,1.025357,1.01385,1.007511,1.014899,1.032751,1.021008,1.01962,1.054815,1.020446,1.02243,1.015707,1.016603,1.006257,1.043831,1.010526,1.038724,1.007353,1.022673,1.021164,1.014842,1.005543,1.036364,1.028494,1.006803,1.004525,1.012487,1.028355,1.022779,0.998163,1.005823,1.021138,1.019504,1.010432,1.00333,1.019544,1.009123,1.0,1.014103,1.004255,0.990847,1.006579,1.0,1.013142,1.003058,1.011667,0.994059,1.014553,0.996183,1.008571,1.013333,1.062626,1.014409,1.005236,1.007972,1.017572,1.021672,1.002653,1.010345,1.024423,1.016601,1.022959,1.031111,0.977035,1.012882,1.008704,1.0,1.005448,0.989779,1.010366,1.0
2024-09-09,1.003053,1.005869,1.004862,1.057726,0.998205,1.026364,1.002304,1.040559,0.993711,1.027586,1.009967,0.99711,0.998592,0.990726,0.985428,1.00426,0.977547,1.038055,1.020576,1.000621,1.014045,1.018215,1.04936,1.001289,1.069095,1.07772,1.009331,1.070833,1.010965,1.051095,1.001167,1.044905,1.018282,1.027563,1.049123,1.015831,1.008446,1.051802,1.024152,0.979779,0.991091,1.024839,1.023158,1.006369,1.0,1.019174,0.984513,1.001065,1.002782,1.046595,1.015171,0.993644,1.025404,1.017974,1.008602,1.009434,1.006098,1.009061,1.061753,1.014344,1.011494,1.03966,1.034539,1.053866,1.026278,1.052083,1.044815,1.048666,1.048485,1.006614,1.031854,1.025166,1.040435,1.002494,1.053879,1.076923,1.071542,1.071908,1.051335,1.027092,1.016304,1.0344,1.019135
2024-09-10,1.013655,1.005835,1.017204,1.014274,1.003597,1.031887,1.009195,1.012097,1.012658,1.006711,1.011513,1.014493,1.007052,0.9922,0.980591,1.018028,0.979682,1.009165,1.02621,1.009305,1.067867,1.019678,1.019164,1.011583,1.030552,1.026442,1.006163,1.027237,1.019523,1.025463,1.025641,1.031405,1.0,1.069742,1.050167,1.014286,1.0067,1.023555,1.0286,1.009381,1.017978,1.048474,0.999486,1.004747,1.01913,1.015919,1.065169,1.005319,1.0,1.013699,1.008717,1.001066,1.009009,1.019262,1.063966,1.002336,1.018182,1.000816,1.033771,1.00404,1.008838,1.047684,1.015898,1.027661,1.032526,1.10396,1.068966,1.020958,1.047688,1.116951,1.00441,1.028424,1.015695,1.012438,1.03681,1.02381,0.994065,1.007156,1.023438,1.001758,1.020321,1.017503,1.013061
2024-09-11,1.0,1.0,0.991015,0.997517,1.014337,0.997425,1.01139,1.0,1.00625,1.016667,1.006504,1.014286,0.997899,1.0,1.008483,1.033333,1.002705,1.009082,0.990177,0.998156,1.014267,1.001754,1.011966,0.992366,0.997719,0.990632,0.992343,0.971591,1.014894,1.0,0.994318,0.988782,0.985637,1.021063,1.0,0.984635,1.008319,1.006276,1.00878,1.007435,1.013245,0.978596,0.997427,1.009449,1.015358,1.0,0.953586,1.004233,0.999307,0.983108,1.003704,1.025559,1.006696,1.014173,0.987976,1.004662,0.994048,0.980424,0.980036,1.033702,1.006258,0.980494,0.989045,0.990053,0.985255,0.949178,0.97561,0.991202,1.005517,0.963529,0.994512,1.005025,0.977189,0.982801,0.986193,1.017442,1.002985,1.00444,0.994275,0.990638,1.007338,0.994839,0.997583
2024-09-12,1.019997,1.016679,1.021867,1.073859,1.047703,1.026678,1.058559,1.071713,1.012422,1.068852,1.108239,1.03662,1.003509,1.022013,0.969159,1.030746,0.969424,1.06,1.009921,1.004926,1.021739,1.033275,1.050676,0.984615,1.056,1.059102,1.003086,1.054581,1.006289,1.060948,1.006857,1.019449,1.016393,1.041257,1.070064,1.06502,1.011551,1.079002,1.042553,1.01476,1.037037,0.984252,1.037668,1.045242,1.045378,1.064103,1.098451,1.041096,1.020125,1.072165,1.04551,1.031153,1.055432,1.059006,1.05071,1.042923,1.035928,1.034942,1.057407,1.03163,1.054726,1.041114,1.075949,1.101064,1.055102,1.012598,1.041935,1.073964,1.067215,1.019536,1.081678,1.04625,1.052711,0.978,1.07,1.053333,1.087798,1.10168,1.080614,1.050207,1.041103,1.060519,1.059774
2024-09-13,1.013624,0.997147,1.008351,1.014683,1.020236,1.016764,1.017021,1.038414,1.002045,1.021472,1.04519,1.021739,0.999301,0.995385,1.005786,1.007335,1.020408,1.010377,1.001965,1.015319,1.025031,1.018644,0.995177,1.011719,0.993506,0.975446,1.007692,1.007394,1.022917,0.997872,1.012486,1.004769,1.016129,0.992453,1.056548,1.035409,0.998369,1.003854,0.990724,0.990909,1.014706,1.014222,1.007956,1.014925,1.024116,0.991968,0.996979,0.995951,1.002721,0.99359,1.007059,0.992951,0.993697,1.021994,1.011583,1.012236,0.991329,1.012058,0.982487,0.96934,1.004717,0.997452,0.991176,0.98175,0.982592,1.041991,1.010062,0.987603,0.992288,0.977246,0.978571,1.017921,1.01073,0.986708,1.024299,1.01085,0.995896,1.009631,0.978686,0.99775,0.997001,0.992391,1.014482
2024-09-16,0.999372,1.001431,1.014493,1.058644,1.024793,1.04864,1.01046,1.087112,1.004082,1.04955,1.048815,1.018617,0.980406,0.996909,0.979866,0.985437,0.982727,1.045752,1.009804,1.006639,1.0,1.076539,1.156704,1.0,1.283224,1.215103,1.015267,1.163303,1.065173,1.153518,0.988789,1.099684,1.014109,1.058935,1.098592,1.03184,1.03268,1.15739,1.023408,1.038532,0.987578,1.033304,1.060681,0.954412,0.979592,1.053981,1.119192,0.934959,0.983718,1.054839,1.038551,1.046653,1.057082,1.017217,1.041985,1.031868,1.037901,1.034154,1.062389,1.046229,1.097418,1.072797,1.118694,1.081465,1.139764,1.034328,1.046743,1.119944,1.150259,1.017157,1.050052,1.032864,1.077141,1.041451,1.104015,1.057245,1.179945,1.100954,1.128857,1.079481,1.055138,1.070646,1.056349
2024-09-17,1.041291,1.008571,1.008163,1.110072,0.966129,1.074686,0.975155,1.066959,1.01626,1.051502,1.015957,0.97389,1.002141,1.023256,1.0,1.029557,1.008326,1.071429,0.998058,1.03777,1.216117,1.044822,1.075419,1.02574,1.164686,1.050847,1.030075,1.015773,1.015296,1.112754,1.017007,1.08777,1.038261,1.066427,1.05641,1.024,0.973101,1.07131,1.020128,0.982332,1.018868,1.025445,1.01814,1.016949,1.009615,1.119078,1.131769,1.009783,1.007586,1.149847,1.04387,1.05814,1.034,1.007052,1.034799,1.078275,1.039326,1.05914,1.075503,1.02093,1.084492,1.140476,1.049072,1.008595,1.051238,1.152958,1.060761,1.14944,1.050676,1.238554,1.092354,1.0,1.081472,1.077114,1.044628,1.025381,1.020955,1.097473,1.038585,1.050653,1.125891,1.048593,1.036984
2024-09-18,1.006765,0.997875,0.989372,1.057032,0.981636,1.01902,0.985138,1.031893,0.996,1.062585,1.009162,0.983914,0.980769,0.969697,0.97456,1.009569,0.976147,1.000833,0.964981,0.988446,0.968876,1.122781,1.033766,0.984944,1.09621,1.026882,0.99854,1.085404,1.035782,1.081395,0.996656,1.033069,0.98325,1.025253,1.298544,1.024554,1.001626,1.052632,0.990135,1.008993,0.995885,0.97684,1.015532,1.010606,1.006349,1.059497,1.14992,1.04521,1.005476,1.12234,1.123384,0.970696,1.03675,0.981793,1.070796,1.02716,1.008108,1.029007,1.01092,1.025057,1.031558,1.039666,1.106195,1.083709,1.034502,1.095119,0.973775,1.013001,1.055734,1.062257,1.045455,1.003409,1.044957,0.967667,1.107595,1.029703,1.086659,1.099342,1.058824,1.049702,1.035865,1.073171,1.032236
2024-09-19,1.041585,0.991483,1.053708,1.142857,1.040816,1.036612,1.043103,1.128614,1.022088,1.097311,1.133593,1.046322,1.006536,1.021875,0.991968,1.00237,0.984023,1.04413,1.096774,1.06429,1.098446,1.135705,1.150754,1.028025,1.24734,1.104712,1.057018,1.074392,1.050909,1.233487,1.011186,1.06274,1.037479,1.07225,1.149533,1.056645,1.034091,1.054412,1.059783,1.044563,1.07438,1.031329,1.05713,1.04048,1.048896,1.105832,1.076283,1.050463,1.048332,1.063981,1.064748,1.04717,1.033582,1.008559,1.06281,1.055288,1.067024,1.054968,1.033951,1.066667,1.034417,1.036647,0.995429,1.123959,1.078878,1.151429,1.034018,1.109626,1.007107,1.174908,1.029565,1.041903,1.146512,1.042959,1.024286,1.073718,0.992655,1.10772,1.02924,1.090909,1.047862,1.046364,1.065781
2024-09-20,1.03552,0.993558,0.974757,0.985515,0.990196,0.993767,0.993802,0.969965,0.996071,0.988331,1.037757,0.992188,0.994228,0.987768,0.995951,0.992908,0.994269,0.980861,0.972426,0.988468,0.885849,0.933875,0.957424,0.97026,0.905117,0.939968,0.970954,0.965379,0.968858,0.940224,0.992257,0.944578,0.978654,0.958652,0.889431,0.981443,0.981162,0.969317,0.976068,1.023891,0.992308,0.988506,0.991915,0.982709,0.984962,0.943359,0.911082,1.02451,0.976623,0.899777,0.952703,0.974775,0.980144,1.001414,0.967341,1.0,0.969849,0.998664,0.995522,1.002083,0.955638,0.968523,0.950631,0.942387,0.969578,0.930025,0.955449,0.945542,0.954637,0.937646,0.970439,0.979348,1.039554,0.961098,0.930265,0.98806,0.977801,0.920583,0.948864,0.944444,0.986395,0.955691,1.001247
2024-09-23,1.024301,1.008646,1.013944,1.023952,1.008251,1.039024,1.004158,1.043716,1.00789,1.079103,1.023153,1.013123,0.999274,1.0,1.009146,1.030952,1.008646,1.009756,1.003781,0.997778,0.994675,0.98882,1.00114,1.007663,0.998822,1.006723,1.012821,1.051034,1.0125,0.990728,1.011148,1.010204,1.008389,1.038339,1.023766,1.027311,1.0176,1.011511,0.920315,1.013333,1.034884,1.011628,1.024453,1.033724,1.032061,1.124224,1.066478,1.0311,1.003989,1.074257,1.293144,1.029575,1.012891,1.031073,1.094855,1.029613,1.07513,1.022074,1.026987,1.02079,1.0,1.025,1.001208,1.037555,1.035425,1.14461,0.978479,1.044852,1.01056,1.115544,1.057441,1.029967,1.040976,1.028571,1.037481,1.040785,1.027027,1.07277,1.019461,1.015625,1.069951,1.035455,1.003113
2024-09-24,1.0,1.005,1.016699,1.046784,1.011457,0.967807,1.0,1.041885,1.007828,1.124179,1.018319,1.010363,0.99419,1.009288,0.98288,1.023095,0.994286,1.014493,0.996234,1.011136,1.034261,1.027638,1.015945,0.992395,0.985849,1.0,1.035162,1.035433,1.022928,1.069519,1.00882,1.093434,1.013311,1.069231,1.023214,1.128834,1.012579,1.004267,1.065652,1.006579,1.016854,0.973727,1.001675,1.087943,1.017751,1.055249,0.994695,1.023202,1.024503,1.002304,1.21755,1.039497,1.034545,1.013699,1.045521,1.042035,0.995181,1.045812,0.99562,1.052953,1.009671,1.097561,1.036188,1.012626,1.039101,1.065268,0.97654,1.080488,1.089342,1.028316,1.025514,0.994612,0.999063,0.986111,1.018786,1.037736,1.015789,1.012582,1.022026,1.004525,0.994475,1.006146,0.981999
2024-09-25,1.061989,0.972992,0.929469,0.865414,0.941748,0.896743,0.956522,0.841709,0.963107,0.791241,0.839153,0.946154,0.970051,0.966258,0.997951,0.934537,0.984674,0.884127,0.964083,0.952093,0.898551,0.874083,0.841928,0.96424,0.773923,0.866444,0.932065,0.807351,0.925862,0.8475,0.953005,0.877598,0.949097,0.876259,0.813264,0.894928,0.951863,0.873938,0.95,0.937908,0.917127,0.935076,0.916806,0.887875,0.924419,0.820244,0.856,0.922902,0.943762,0.866667,0.816817,0.892919,0.920914,0.912162,0.988764,0.89172,0.932203,0.910513,0.935484,0.916828,0.898467,0.887111,0.859139,0.871155,0.908278,0.834136,0.936186,0.806321,0.860432,0.831159,0.873997,0.930661,0.845216,0.969484,0.834043,0.904895,0.849741,0.880605,0.896552,0.901802,0.894444,0.911867,0.891277
2024-09-26,0.985287,0.990504,0.99948,0.944836,0.984536,1.006182,0.980519,0.958209,1.016129,0.96679,0.964691,0.98645,0.996988,0.980952,1.019507,0.95942,1.025292,0.959605,0.996078,0.990746,0.981567,0.965035,0.958722,0.998675,0.969088,0.973025,0.98688,1.00157,0.964618,0.932153,0.987385,1.003947,0.99654,0.967159,0.929185,0.918016,1.008157,0.995138,0.958647,1.015679,0.963855,1.018936,0.989968,0.986784,0.968553,0.948936,0.964174,0.948403,0.989041,0.94695,1.0,1.0,0.958015,0.976296,0.954545,0.969048,0.968831,0.983505,0.96395,0.983122,0.968017,0.97495,0.9729,0.992366,0.983946,0.93914,1.016038,0.969765,0.972129,0.991282,1.010101,0.961583,1.023307,0.992736,0.964286,0.965997,0.970732,0.991411,0.980769,0.990509,0.964803,0.984689,0.98156
2024-09-27,1.028189,1.005162,1.01196,1.037888,1.048866,1.030722,1.030905,1.05919,1.013889,1.047074,1.04183,1.03022,1.003776,1.004854,1.008056,1.062437,1.000949,1.046773,1.01378,0.987741,0.998826,1.008696,1.031944,1.018568,1.066986,1.017822,1.007386,1.032915,1.011583,1.012658,1.01626,1.02228,1.022569,1.093379,1.011547,1.037486,1.003236,1.104235,1.029412,1.06518,1.025,1.029204,1.010594,1.034226,1.038961,1.005605,1.074313,1.041451,1.032548,1.033613,0.9375,1.040619,1.015936,1.057663,1.040179,1.02457,1.016086,1.044025,1.065041,1.019313,1.03304,1.02261,1.048747,1.028846,1.053684,1.006704,1.041042,1.026559,1.034404,0.989446,1.004545,1.025424,1.050434,1.041463,1.014109,1.0224,1.059045,1.034035,1.045752,1.018659,1.084764,1.028183,0.990607
2024-09-30,1.015961,1.000734,1.000514,0.96529,1.023295,0.984352,1.034261,1.002941,1.001957,0.996355,1.022585,1.024,1.007524,1.003221,1.014985,1.0,1.019905,0.983914,0.992233,1.008865,0.989424,1.0,1.055182,1.001302,1.008969,1.058366,0.989736,1.019727,0.986641,0.9625,0.981714,0.95641,1.020374,0.990683,0.956621,0.986185,0.977419,0.99705,1.029524,0.975845,0.99187,0.987102,0.993619,1.001439,1.001562,0.978818,0.930827,1.002488,1.007378,0.95122,1.045098,1.02974,0.982353,0.998565,0.95422,0.968825,0.976253,0.963855,1.036641,0.993684,0.946695,0.964824,0.949535,0.98972,0.913087,0.961154,0.973465,0.979753,0.95898,0.953778,0.964706,1.020071,0.947858,0.971897,0.966957,1.00313,0.985765,1.009575,0.995312,0.973762,0.990109,0.994329,0.967177
2024-10-01,0.90593,0.991202,0.983564,0.947923,0.980488,0.963664,0.977226,0.947214,0.982422,0.95122,0.958282,0.981771,0.991038,0.977528,1.007874,0.964455,1.016729,0.969119,0.984344,1.007616,0.957245,0.961207,0.950255,0.981795,0.94963,0.959559,0.974815,0.950893,0.951644,0.913961,0.977881,0.959786,0.988353,0.940439,0.952267,0.97306,0.980198,0.871302,0.975023,0.993399,0.977459,0.987805,0.956422,0.975575,0.968799,0.948747,0.930533,0.957816,0.980692,0.911681,0.981238,0.98556,0.964072,0.997126,0.938531,0.976238,0.997297,0.956944,0.945508,0.974576,0.960586,0.969792,0.972028,0.930595,0.97046,0.931871,0.985202,0.926521,0.947977,0.94315,0.964353,0.954861,0.930283,0.995181,1.007194,0.979719,0.941035,0.9508,0.946625,0.941535,0.931868,0.949144,0.96003
2024-10-02,0.986164,1.001479,1.007311,0.998692,1.006633,0.99293,1.010593,1.01032,1.003976,0.998718,1.023047,1.01061,0.997739,1.003284,0.987305,1.009828,0.996344,1.009372,1.025845,1.00814,1.01737,1.008969,1.037584,1.006623,1.078003,1.024904,1.013678,1.015649,1.012195,1.056838,0.992857,0.959497,0.976431,1.008333,0.977444,1.009967,1.010101,1.001698,1.003795,0.991694,0.989518,0.998236,0.997122,1.011782,0.983897,1.010804,1.0,0.989637,0.997963,0.975,0.986616,1.007326,0.981366,1.001441,0.988818,1.005071,0.98103,0.981858,1.046729,0.986957,0.974209,0.982814,0.989928,0.993912,0.974634,0.971499,0.989723,0.987608,0.980488,0.975296,0.961089,1.02303,1.014052,0.983051,0.958929,0.980892,0.978261,0.968828,0.975124,0.990281,0.981132,0.990986,1.002357
2024-10-03,1.029788,1.003693,1.000518,0.982318,0.98682,0.988924,0.985325,0.97855,1.0,1.003851,0.968711,0.989501,1.0,1.0,1.017804,0.978102,1.00367,1.007428,1.003876,0.997693,0.967073,0.957037,0.934023,0.997368,0.862518,0.942056,0.988006,0.961479,0.97992,0.941176,0.991607,0.988355,0.984483,0.990083,0.951282,0.996711,1.003333,0.989831,0.991493,0.99665,0.985169,0.985866,0.992304,0.979622,0.98036,0.946556,0.973958,0.996859,0.993197,0.980769,1.007752,0.990909,0.989451,0.982734,0.982229,0.983855,0.997238,1.0,0.989583,1.017621,1.002407,0.978142,1.0,0.961205,0.97166,0.968112,0.96246,0.973651,0.973881,0.969605,0.984818,0.981043,0.982679,1.034483,0.973929,0.98539,0.964706,0.995495,0.996599,0.990185,0.990822,0.995452,0.974922
2024-10-04,1.0,1.011038,1.012953,1.056667,1.026711,1.0144,1.019149,1.042797,1.013861,1.065217,1.042636,1.018568,1.012085,1.01473,0.998056,1.0199,1.009141,1.026728,1.019305,1.009827,1.032787,1.037152,1.024931,1.009235,1.041946,1.039683,1.013657,1.036859,1.030738,1.055357,1.015719,1.030928,1.017513,1.051753,1.091644,1.045105,1.013289,1.065068,1.034318,1.015126,1.012903,1.043907,1.044111,1.029718,1.018364,1.04266,1.058824,0.99895,1.010274,1.042484,1.163462,1.062385,1.023454,1.02489,1.080592,1.030769,1.047091,1.060606,1.006015,1.062771,1.026411,1.049162,1.039244,1.047265,1.0375,1.086957,1.039004,1.045103,1.03576,1.07001,1.034943,1.038647,1.089307,1.05,1.047801,1.031301,1.04878,1.026503,1.052901,1.027533,1.070137,1.020305,1.049839
2024-10-07,0.992513,0.997089,1.002558,0.983596,0.985366,0.977918,0.979123,0.981982,0.998047,0.989196,0.982652,0.981771,1.0,0.98871,1.005842,0.982927,1.003623,0.987433,0.998106,0.987979,0.990232,0.985075,1.025676,0.997386,0.995169,1.007634,0.991018,0.993818,0.978131,0.966159,0.996429,0.97,0.996558,1.011111,0.97284,0.975789,1.011475,0.971061,0.987097,0.993377,0.983015,0.981116,0.977252,0.988456,0.983607,0.998797,0.983165,0.98633,0.99322,1.034483,0.978512,0.996546,0.991667,0.975714,0.978691,1.004975,0.973545,1.001394,1.017937,0.98778,0.982456,0.964856,0.986014,0.975659,0.982215,0.990303,0.969649,0.981504,0.979038,0.981445,0.989076,1.011628,0.977346,0.961451,1.007299,0.98722,0.990956,0.975441,0.985413,0.975348,0.963726,0.973134,0.960949
2024-10-08,0.963301,0.99635,0.980612,0.997434,1.00495,0.990323,1.002132,0.981651,1.005871,0.993932,1.001261,0.997347,1.0,0.998369,1.001936,1.029777,1.0,1.032727,0.99241,0.978563,0.988903,0.992424,1.007905,0.984273,1.014563,0.994318,0.993958,1.004666,0.987805,1.005254,1.003584,0.997054,0.994819,1.070644,0.997462,0.998921,1.0,1.0,1.023343,1.003333,1.0,0.995626,1.001425,1.00146,1.006667,1.015663,1.003425,1.0,0.993174,1.024242,1.003378,0.97227,1.0,1.008785,1.00311,1.002475,0.98913,0.990257,1.011747,1.008247,1.004762,1.022075,1.032624,1.049896,1.017523,1.00612,0.994234,1.026382,1.011335,1.004975,1.00502,0.988506,1.019868,0.974057,1.03442,1.019417,1.01043,0.996772,1.006579,0.970879,1.003849,0.994376,0.996813
2024-10-09,0.998428,1.008059,0.995838,1.012219,1.006568,0.999186,1.010638,1.025961,1.011673,1.03663,1.011335,1.005319,0.997015,0.996732,0.996135,0.933976,0.988267,1.002641,1.0,0.998224,1.002494,1.007634,0.993464,0.990679,1.014354,0.998095,0.990881,1.020124,1.004115,1.001742,0.997619,1.01034,1.001736,1.065982,1.022901,1.009719,1.003241,1.016556,1.013686,0.995017,1.006479,1.0,1.015655,1.040816,1.006623,1.014235,1.05802,1.004264,0.999313,1.12426,0.981481,0.987522,1.002101,0.979681,0.987597,1.012346,1.008242,1.016163,1.001451,1.04499,1.008294,1.007559,1.078297,1.063366,1.001722,1.025547,1.009942,1.023256,0.951432,1.028713,0.963037,1.00814,1.054654,0.997579,1.001751,0.968254,1.019355,1.029793,0.98366,1.003962,1.02173,1.000514,1.005596
2024-10-10,0.989759,0.999273,0.989028,0.989835,1.003263,1.008965,1.004211,0.987854,0.986538,0.990577,0.987547,1.002646,1.002246,1.003279,1.00388,1.0,1.003653,1.021071,0.982792,0.992289,0.978856,0.980303,0.975,0.985215,0.963836,0.965649,0.989264,0.960546,0.981557,0.970435,0.998807,0.989766,0.987868,0.955983,0.952736,0.989305,1.012924,0.959283,0.989199,0.994992,0.984979,0.990334,0.985521,0.977591,0.996711,0.978947,0.927419,1.011677,0.996561,0.944737,0.977702,0.972924,0.997904,1.007407,0.965463,0.978049,0.961853,0.988243,1.015942,0.988258,0.981199,1.038585,0.942675,0.985102,0.979943,0.976275,0.990976,0.9689,1.014398,0.961501,0.973029,0.974625,0.959466,0.980583,0.965035,0.991803,0.970886,0.969811,0.968439,0.978016,1.002919,0.967626,0.976948
2024-10-11,1.036108,1.001455,1.00898,1.003851,0.990244,1.015347,0.993711,1.003074,1.0,1.0,0.998739,0.997361,0.99776,1.0,0.999034,0.995872,0.99909,0.995701,0.994163,1.017334,1.03939,1.007728,0.985155,1.005457,0.991843,0.994071,1.00155,1.018957,1.006263,1.02509,0.997611,1.013294,1.0,1.082014,1.02611,1.002162,1.001595,1.018676,1.017288,0.981544,0.993464,1.018634,0.99763,0.97851,0.99505,1.058542,1.013913,0.992655,0.995169,1.169916,1.010526,1.020408,1.006303,0.988235,1.013008,0.996509,1.002833,1.023793,0.954351,1.027723,0.990419,1.024768,1.002703,1.05104,1.01345,1.059538,1.021523,1.02716,1.024516,1.071071,1.008529,0.99645,0.98877,1.027228,1.050725,0.998347,1.01043,1.01297,1.010292,1.003458,1.00499,1.012746,1.008137
