日期,成分股1_相对收益率,成分股2_相对收益率,成分股3_相对收益率,成分股4_相对收益率,成分股5_相对收益率,成分股6_相对收益率,成分股7_相对收益率,成分股8_相对收益率,成分股9_相对收益率,成分股10_相对收益率,成分股11_相对收益率,成分股12_相对收益率,成分股13_相对收益率,成分股14_相对收益率,成分股15_相对收益率,成分股16_相对收益率,成分股17_相对收益率,成分股18_相对收益率,成分股19_相对收益率,成分股20_相对收益率,成分股21_相对收益率,成分股22_相对收益率,成分股23_相对收益率,成分股24_相对收益率,成分股25_相对收益率,成分股26_相对收益率,成分股27_相对收益率,成分股28_相对收益率,成分股29_相对收益率,成分股30_相对收益率,成分股31_相对收益率,成分股32_相对收益率,成分股33_相对收益率,成分股34_相对收益率,成分股35_相对收益率,成分股36_相对收益率,成分股37_相对收益率,成分股38_相对收益率,成分股39_相对收益率,成分股40_相对收益率,成分股41_相对收益率,成分股42_相对收益率,成分股43_相对收益率,成分股44_相对收益率,成分股45_相对收益率,成分股46_相对收益率,成分股47_相对收益率,成分股48_相对收益率,成分股49_相对收益率,成分股50_相对收益率,成分股51_相对收益率,成分股52_相对收益率,成分股53_相对收益率,成分股54_相对收益率,成分股55_相对收益率,成分股56_相对收益率,成分股57_相对收益率,成分股58_相对收益率,成分股59_相对收益率,成分股60_相对收益率,成分股61_相对收益率,成分股62_相对收益率,成分股63_相对收益率,成分股64_相对收益率,成分股65_相对收益率,成分股66_相对收益率,成分股67_相对收益率,成分股68_相对收益率,成分股69_相对收益率,成分股70_相对收益率,成分股71_相对收益率,成分股72_相对收益率,成分股73_相对收益率,成分股74_相对收益率,成分股75_相对收益率,成分股76_相对收益率,成分股77_相对收益率,成分股78_相对收益率,成分股79_相对收益率,成分股80_相对收益率,成分股81_相对收益率,成分股82_相对收益率,成分股83_相对收益率,成分股84_相对收益率,成分股85_相对收益率,成分股86_相对收益率,成分股87_相对收益率,成分股88_相对收益率,成分股89_相对收益率,成分股90_相对收益率,成分股91_相对收益率,成分股92_相对收益率,成分股93_相对收益率,成分股94_相对收益率,成分股95_相对收益率,成分股96_相对收益率,成分股97_相对收益率,成分股98_相对收益率,成分股99_相对收益率,成分股100_相对收益率,成分股101_相对收益率
2023-11-01,0.984803,0.986508,0.992823,0.986921,0.988483,0.965861,1.018206,0.944772,0.985658,0.992036,0.944228,0.964272,0.993768,0.974611,1.003141,1.001915,0.992082,0.993942,1.008731,0.99178,0.981527,0.982722,1.007825,0.983663,0.997422,1.003835,0.996648,0.96494,0.988493,0.99362,0.995021,0.995556,0.978714,0.976139,1.004444,0.978951,0.973229,1.040343,0.978701,1.003071,1.015756,0.904011,0.904906,0.991911,0.991599,0.981428,0.994847,0.949118,0.954944,0.961138,1.002248,0.994546,1.008627,0.992158,0.989923,1.0154,0.999195,0.998449,1.002954,1.002059,0.992218,0.995778,0.958343,0.9919,1.006582,1.005824,0.997764,1.030678,1.024311,0.994006,0.984408,0.956312,0.956851,0.982849,1.000986,1.009859,1.00467,0.936899,0.991192,0.949299,0.957857,1.000383,0.993447,0.990769,1.002408,0.990658,0.978107,1.015458,0.945271,0.999433,0.981064,0.965083,1.009924,0.998929,0.983994,0.996814,1.009376,0.982216,0.993635,0.996997,1.001845
2023-11-02,0.983399,0.975395,0.999587,1.004382,0.997813,0.986837,0.998196,0.97517,0.990998,1.081084,0.985007,0.973071,0.998746,1.007652,1.022309,1.006452,0.975033,0.997355,0.9357,1.018907,0.989753,0.971633,0.995505,0.915789,1.006069,0.98256,0.995654,0.99589,0.980344,0.991974,0.992815,0.993627,1.005346,0.989949,1.011912,0.997411,0.969049,0.992368,0.978417,1.001403,0.984143,0.974501,0.973489,1.000775,0.98957,0.988601,1.048731,0.990557,0.992588,0.973369,0.983044,1.002564,0.993942,1.016302,0.968694,0.996158,0.992692,0.943776,0.991474,0.999467,0.985574,1.010855,0.962675,0.991722,0.916861,1.018527,1.009384,0.962486,1.01966,0.981252,0.966003,1.039195,0.965222,0.989845,0.99421,1.013993,0.994688,0.980757,0.996446,1.00505,1.008017,1.009438,0.985851,1.041726,1.008257,1.012764,0.995392,1.004621,1.016113,1.013263,0.968647,1.015657,0.996511,0.985479,0.940652,1.01534,0.976483,1.023152,1.015885,0.993917,0.990883
2023-11-03,0.997721,1.007969,0.956818,0.987976,0.993152,0.988022,0.978307,1.029465,0.969819,0.982463,1.068328,1.014043,0.985838,1.00335,0.963629,0.988367,1.001265,0.985191,0.963187,0.972039,0.984037,0.903549,0.982348,1.012516,1.091945,0.995689,0.991654,1.001631,1.003699,0.97514,0.932795,0.977296,0.970054,0.994359,0.981278,0.993567,1.003992,0.990439,0.977482,0.976051,0.953415,0.999676,0.9991,0.976161,0.99446,1.005339,0.991375,1.092866,1.000146,0.997958,0.977181,0.963981,0.990319,1.000567,0.986147,0.994215,0.993991,0.998601,0.999726,0.990251,0.986642,0.97802,1.029062,0.987253,1.001019,0.974135,0.976828,1.005856,0.976898,0.985949,0.979604,1.005554,1.004315,1.005876,0.98891,0.966303,0.982377,0.985612,0.975031,0.97372,1.007953,1.000126,0.992986,0.974528,0.990619,0.983258,0.980159,0.967169,0.980121,0.97998,1.007484,0.99382,0.992997,0.997429,0.975544,0.964432,0.991309,0.970119,0.977554,0.996291,0.980948
2023-11-06,1.014759,1.012305,1.021306,1.001616,1.009171,1.037038,1.024693,0.997407,1.006193,1.003779,1.038907,1.003447,1.01387,1.014803,1.02066,1.017055,1.015327,1.015115,1.004508,1.018044,1.015091,1.047849,1.029113,1.020434,1.028647,1.002886,1.021822,1.013736,1.000194,1.025947,1.012054,1.018413,0.985203,1.017018,1.004227,1.004771,1.034872,1.003064,1.032534,1.015009,1.005143,1.019044,1.018744,1.037667,1.018158,1.015537,1.000772,1.004221,1.016642,0.998108,1.009821,1.01275,1.016474,1.022508,1.009782,1.005526,1.022329,1.022907,1.017165,1.014921,1.007778,1.019386,1.019984,1.022852,1.024173,0.998638,1.002699,1.02274,1.01707,1.030688,1.038988,1.026227,1.016321,1.006535,1.016665,1.014613,1.01427,0.974784,1.02195,1.013098,1.012869,0.992547,1.01228,1.01257,1.003908,1.007557,1.02969,1.013429,1.006259,1.011214,0.95205,0.981694,1.010159,1.020226,1.029296,1.021867,1.016618,1.035287,1.017286,1.011479,1.003126
2023-11-07,1.004833,1.002819,0.994996,1.016667,1.014998,1.009716,1.005082,1.024121,0.971541,1.032148,1.002863,1.000143,1.019264,1.024513,1.025302,1.003779,1.00047,1.008499,1.005463,1.014385,0.933474,1.03335,1.016784,1.020766,1.00746,1.005587,0.995603,1.007829,1.010859,1.014704,0.997536,0.993366,1.037385,1.011279,1.011263,1.005879,1.01385,1.00975,0.989254,1.009901,1.030702,0.996421,0.996947,1.009241,1.011404,1.019527,1.014092,1.022695,1.015282,1.01443,1.00891,1.011934,1.006055,1.008684,0.979177,1.019738,1.015182,1.010553,1.007765,1.003486,1.008432,1.009929,0.995407,1.015974,0.998012,1.000195,1.003258,1.002372,1.019231,1.003926,1.009528,1.023411,0.990744,1.017216,1.006162,1.000327,1.005159,1.007488,0.997427,1.014691,1.010758,1.035892,0.990231,1.025419,1.007636,1.043293,1.009174,1.019509,1.024556,1.016176,1.017633,1.010747,1.01051,1.008795,1.017798,1.018205,1.008667,1.014731,1.008623,1.002392,0.999717
2023-11-08,1.013296,1.018739,1.009137,1.004865,1.011949,1.023381,1.01207,1.096853,1.020102,1.001066,1.029379,1.013751,1.002876,1.013703,1.002278,1.015765,0.991637,1.006419,0.995148,1.002786,1.02557,1.009211,0.997471,1.012836,0.98993,0.982071,1.007892,1.015336,1.001151,0.995943,0.987991,1.013986,0.98948,0.993627,1.007312,1.007193,1.013036,1.00576,0.987296,1.021008,0.992908,1.018117,1.019101,1.011693,1.006814,1.003983,1.005254,1.021644,0.988322,1.031424,1.002359,0.999137,0.999115,1.012927,1.000957,0.995029,1.003778,1.003906,0.999237,1.009213,1.00411,0.9995,1.035118,0.995712,0.993279,1.001461,1.001836,1.023543,1.00223,1.020647,0.981609,1.019988,1.037886,1.022727,1.009738,0.998364,0.997201,1.008108,0.998318,0.997297,1.017433,1.009338,0.990351,1.014988,1.01679,1.02366,1.011688,0.988717,0.991771,1.008272,1.023999,1.008168,0.992606,0.999759,0.989735,0.999373,1.014802,1.007686,0.995977,1.008935,0.998016
2023-11-09,1.017693,1.020693,1.005545,1.009999,1.02488,1.026097,1.037228,0.998056,1.022044,1.032347,1.00781,1.021526,1.030044,1.013887,1.046212,1.024786,1.026169,1.045893,0.997075,1.044192,1.031445,1.01503,0.998265,1.01626,1.043682,1.045856,0.998509,1.020597,1.01073,1.01324,1.033199,1.008341,1.015684,1.027384,1.003909,1.017297,1.016528,1.005398,1.004942,1.012969,1.028571,1.007917,1.008225,1.021487,1.027562,1.013262,1.011073,1.010995,1.022855,1.027472,1.010424,1.017849,1.011517,1.006613,1.046586,1.012512,1.01584,1.01289,1.018628,1.01721,1.017502,1.0005,0.996857,1.019324,1.019298,1.0,1.035377,1.006502,1.025329,1.010757,1.041634,1.010026,1.027903,1.010591,1.011888,0.999672,1.012232,1.204424,1.021683,1.065815,1.058346,1.007669,1.0948,1.039947,1.024697,1.02978,1.009628,1.013968,1.014645,1.009997,1.062482,1.028917,1.008521,1.018452,1.015665,1.077841,1.019574,1.014124,1.022722,1.003941,1.032847
2023-11-10,1.007758,0.994819,0.987156,0.998749,1.017428,1.00886,0.990367,1.04099,1.012266,1.034863,1.003839,1.013061,1.012662,1.015833,1.028965,1.02283,1.007091,1.020916,1.033053,1.022007,1.006817,1.018152,1.000267,1.016,1.015958,0.981396,1.008867,0.996925,1.004929,1.008759,0.992269,1.023129,1.025339,1.021371,1.004339,1.008885,0.999555,0.996721,1.010577,1.004432,1.033681,1.013921,1.012628,1.044174,1.003667,1.013732,1.006054,1.011671,0.996323,1.002267,1.007322,1.011172,0.993869,1.007314,0.978494,0.989739,1.003191,1.00878,1.003822,1.012506,1.00652,1.029162,1.011999,1.016791,1.0,1.005153,1.038116,1.012862,0.991153,1.018012,1.018843,1.012228,1.034455,1.011041,0.99976,1.024918,0.990954,1.051196,1.006378,1.018888,1.018405,0.999275,1.026397,1.016384,1.003851,1.017697,1.009536,1.016026,1.01602,1.006758,1.006636,1.019822,0.990245,1.003501,1.006127,1.033489,1.001439,1.003343,1.027401,0.994805,0.98781
2023-11-13,1.004146,1.014605,0.998444,0.991235,0.998724,1.003176,1.003138,0.995546,1.011006,0.979693,1.008225,0.997904,1.001506,0.989234,0.996833,0.994254,1.039416,0.992781,0.999432,0.994794,0.98974,0.989503,1.005213,0.983326,0.991817,0.989311,1.015903,0.999759,1.005282,1.011815,0.995867,0.989665,0.988124,0.987657,0.993797,0.997499,0.992676,1.00296,1.026258,0.994485,0.97783,1.008284,1.008908,0.988676,0.996482,0.992116,1.007235,0.995018,1.003992,0.995476,1.002379,1.007552,1.004054,1.001248,1.04822,0.995191,0.996358,1.000285,1.003882,0.991572,1.011852,0.978465,1.003814,0.996378,0.996804,1.009286,0.995542,1.010573,0.994274,1.005505,1.001775,1.004104,1.016576,1.00981,0.99946,0.997441,1.005797,0.981472,0.99399,0.973619,1.00343,0.996132,1.013444,0.996239,0.98352,0.993129,0.991814,0.98405,1.000616,0.998983,0.996863,0.981828,1.004822,1.004573,0.99587,0.993801,0.999548,0.98945,0.993272,1.001335,0.982279
2023-11-14,1.005069,1.014451,1.006799,0.997895,1.006707,1.034928,0.986863,1.015213,0.993696,0.993305,1.021254,1.019289,0.999935,0.992019,0.993999,0.991109,1.01362,0.992912,0.990529,0.998097,0.985899,0.993457,1.000266,0.990108,0.995827,0.97282,1.002545,1.021309,0.996998,0.988323,0.982381,0.97618,1.013963,1.006784,0.995096,0.925877,0.995394,0.995081,1.000179,0.993468,0.975953,1.007227,1.005528,1.000123,1.000679,0.995253,0.99906,1.021607,1.026793,1.005158,0.994726,0.999514,1.003686,0.990585,1.007964,0.997761,1.001802,1.007018,0.999108,1.003664,0.987197,0.993712,1.009563,0.996044,0.99926,0.996741,0.9946,1.011219,0.990176,0.999701,1.019674,1.007649,1.004459,0.9989,1.002879,1.002245,0.997681,1.014024,1.003408,1.000183,1.006587,1.003277,0.996636,0.992988,0.992633,0.984284,1.005714,1.002701,1.009274,0.998575,1.013271,0.993831,1.008192,0.992069,0.997048,0.986958,1.005257,1.008418,0.992743,1.004671,0.98432
2023-11-15,1.001726,1.005885,0.999086,0.999367,1.008344,1.000188,0.991759,1.001234,1.00793,0.994446,0.995585,1.014825,1.000196,1.002194,0.990412,1.008522,1.002802,1.009806,1.002486,0.996663,0.999574,1.001211,1.000133,0.987631,1.000667,0.993059,0.993191,0.998253,0.997553,0.978648,0.986081,1.000352,0.992787,0.998936,0.989695,0.997763,1.004791,0.997075,1.018336,0.966381,0.970081,1.006495,1.006643,1.001883,1.003901,0.989336,0.994625,0.978076,1.016481,0.997273,0.996355,1.00493,0.998426,1.007603,1.032004,0.987804,1.000514,1.002134,0.995608,1.007738,0.989376,0.988343,1.003011,0.99109,0.992348,1.003846,1.006092,1.007406,0.983579,1.004694,1.000274,1.018602,1.01347,1.030645,1.001256,0.98624,0.996148,0.983511,0.988168,1.008237,0.994533,1.006411,1.00598,0.994025,0.998254,1.001736,0.988005,0.986529,0.989265,0.99667,0.999685,0.990654,0.997955,1.002791,1.000705,0.991382,0.996486,0.99527,0.998538,0.99185,0.987717
2023-11-16,0.991364,0.997375,0.971907,0.987439,0.988673,0.987067,1.004314,0.99912,0.966332,0.98601,0.989583,1.000274,0.995817,1.007819,0.987092,1.001557,0.996663,0.995221,0.961656,0.992348,0.997147,0.978185,0.998671,0.984586,0.994385,0.997379,0.992756,0.993096,0.981132,0.970764,0.99677,1.000677,0.993395,1.069112,0.995473,1.00531,0.982965,0.992067,0.993325,0.962516,0.966981,0.988219,0.987864,0.988353,0.972797,0.994908,0.990475,0.996835,0.984992,0.980103,0.980512,0.997029,0.992468,0.996737,0.955082,0.995052,0.978478,0.995535,0.997832,0.998841,0.977409,0.999326,1.002408,0.993284,0.997761,0.980651,0.97657,0.993089,0.951652,0.996565,0.978152,0.991093,1.008073,0.998665,0.992652,0.963011,1.002267,0.988102,0.995565,0.985476,1.000333,0.990745,0.980153,0.986521,0.991837,0.985707,0.998722,0.972144,0.977901,1.001705,0.945387,0.986572,1.004229,0.991651,0.985911,0.982614,0.990693,0.995807,0.985847,0.997687,1.000291
2023-11-17,1.016577,1.021874,1.003984,1.00449,1.017408,1.033718,1.015434,1.044938,1.012308,1.010724,1.021053,1.050627,1.013192,1.017173,1.005449,1.013766,1.021251,1.02022,1.003967,1.013976,1.023617,1.013228,1.003859,1.025196,1.000861,1.01279,1.024589,1.017237,1.011346,1.014085,1.007116,1.011823,1.00757,0.977087,1.003524,1.015258,1.020067,1.014369,1.019277,1.012537,1.007505,1.017997,1.018044,1.014745,1.012922,1.016496,1.016369,1.028042,1.027889,1.018686,0.998847,1.014831,1.001059,1.022661,1.010806,1.005447,1.021576,1.016548,1.003297,1.002611,1.008418,1.019895,1.025643,1.012105,0.997756,0.99033,1.015366,1.024897,1.007675,1.027784,0.991682,1.024203,1.029499,1.007934,1.004574,0.993261,1.00705,1.076628,0.998886,1.009027,1.034221,0.997452,1.020542,1.004616,1.000882,1.013534,1.00064,1.014421,1.009364,1.004902,1.02224,1.027361,1.0041,1.005993,0.986852,1.008552,1.01494,1.002527,1.012129,1.013849,1.007673
2023-11-20,0.998992,0.991416,1.000361,1.019368,0.9873,0.98848,0.99859,0.984822,0.997681,0.999075,0.993243,0.98894,0.999741,1.040122,1.000723,0.994306,1.014631,0.994662,0.990911,1.014734,1.008303,0.991703,1.006894,0.989979,0.997992,0.997838,1.001923,1.007724,0.993155,1.001773,1.007345,0.98869,0.994822,1.013255,0.985839,1.001156,0.997399,1.012728,1.002169,0.98696,1.001862,0.996867,0.996229,1.004301,0.987928,0.998929,0.993826,0.983788,1.006221,1.017983,1.002581,0.995561,1.003702,0.999775,1.025096,1.00036,0.996095,0.999924,1.005265,1.002604,1.019808,0.999504,1.001277,0.998707,0.9995,1.010652,0.99615,0.991912,0.988393,0.994142,0.982,1.00575,1.005896,1.009552,1.005092,0.983039,1.006935,1.002034,1.003344,0.993062,0.997102,0.997689,0.99214,0.991729,0.98884,1.001821,0.996164,0.990492,0.992686,0.99729,1.042208,0.991032,1.002513,0.990118,1.000434,0.994152,0.997635,1.00308,0.997065,1.008964,1.010506
2023-11-21,1.01639,1.014286,0.995817,1.013467,1.015398,1.023698,1.007532,1.026458,1.012486,1.057619,1.022512,1.027489,1.016652,1.014325,1.054874,1.023128,1.017405,1.054275,1.007378,1.038876,1.025613,1.020743,1.009348,1.009159,1.025295,1.00156,1.021739,1.027406,1.017997,1.010324,1.007292,1.014063,1.038473,1.018225,1.032521,1.022517,1.035821,1.004906,1.014976,0.997197,1.048327,1.013394,1.011583,1.036126,1.054015,1.019999,1.015598,1.030866,1.043857,1.032356,1.000203,1.018247,1.002986,1.010031,0.996915,0.99818,1.043335,1.008368,1.008507,1.011544,1.007075,1.032253,1.021629,1.024598,1.0055,0.997072,1.043577,1.009791,1.055963,1.009064,1.014875,1.024686,1.021308,1.017083,1.002027,1.009662,0.99777,1.011669,1.004444,1.042103,1.028341,0.983665,1.020191,1.015382,1.02777,1.045439,1.003209,1.032526,1.031697,0.998641,1.06124,1.027833,0.996111,1.030038,1.036187,1.063235,1.009278,1.001675,1.032131,0.999821,0.994754
2023-11-22,1.001919,1.003041,0.996668,1.009477,1.015632,0.985074,0.988631,0.984318,1.011147,1.008651,0.982167,1.002508,1.01606,1.005977,1.013689,1.002583,0.9834,1.016477,1.020784,1.011722,1.013032,1.006653,0.984477,1.015763,0.990562,0.995586,1.010122,0.992043,1.002069,1.009197,1.003516,1.015762,1.022799,1.031404,0.997329,0.997967,1.012747,0.991527,0.991898,1.004283,0.997872,1.007015,1.007484,0.996693,1.015018,0.996373,1.014427,1.030449,1.000036,1.005487,1.00772,1.008758,1.001926,0.997499,0.963524,1.002071,1.012905,0.997938,0.995948,0.998431,1.0197,0.990546,0.989296,1.01948,1.013178,0.991974,1.017495,0.99838,0.990443,1.029622,1.019574,0.995001,0.984534,0.982429,0.994884,1.031784,0.995398,1.000502,1.014712,1.027699,1.012249,0.999256,1.004072,1.023544,0.993643,0.99793,1.008317,1.177543,1.024561,1.001292,1.022872,1.012939,0.996207,1.011081,1.027939,1.028492,1.004738,1.003344,1.018061,1.012705,0.993959
2023-11-23,1.002521,1.009042,1.004942,1.023061,1.005591,1.011339,1.010082,1.015508,0.98524,1.01649,0.997416,0.98375,0.997617,0.98989,0.997299,0.998067,1.002573,1.008549,0.985844,0.995321,0.98853,0.988625,1.006758,0.997178,0.99066,0.973572,0.969503,1.009252,0.901652,0.98727,0.973963,0.993935,1.004564,1.006175,1.006361,0.990155,0.990366,0.997965,1.0227,0.99307,0.976546,1.017011,1.017159,0.997245,0.994322,1.00612,1.003146,1.067471,1.002538,1.036594,1.008737,1.01142,0.998951,1.014004,1.000357,1.001011,0.987454,1.00068,1.021192,1.009001,1.011618,1.003397,1.004448,0.988535,0.998773,1.006315,0.999749,1.017583,0.992982,1.010846,0.998052,1.00212,1.012109,1.005348,1.00275,0.986088,1.009312,0.990977,0.995094,0.975451,0.998294,0.995039,1.011129,0.992689,1.021812,0.999004,1.007614,0.996014,1.004102,1.00197,0.961909,1.000132,1.002619,1.005869,0.998233,1.003765,1.001854,1.005,0.992764,0.919072,0.988424
2023-11-24,1.000014,0.999895,1.000145,0.992918,1.001558,1.000997,1.005614,1.006593,0.98658,0.993119,1.016453,1.018946,1.022069,1.00697,1.014895,1.015491,1.002045,1.002742,1.0,1.015447,1.01958,0.987526,0.994735,1.000236,1.025426,1.023216,0.997528,0.998961,0.994172,1.008205,1.018974,1.014766,0.99364,0.996191,0.998115,1.020229,1.003962,0.997676,1.008324,1.01248,1.020015,0.987311,0.988169,1.007485,1.002709,1.002622,0.998889,1.010611,1.005764,1.004376,0.997935,1.009046,1.001925,0.998751,1.005028,0.997958,1.00702,1.008058,0.99866,1.000142,0.998397,1.008383,1.002543,0.996134,1.002948,0.997647,1.007783,0.983199,1.013604,0.997773,0.984667,1.003189,0.996322,1.006017,0.994335,1.005039,0.988484,1.036419,1.00734,0.995072,1.005983,0.993145,0.984703,1.019939,0.992885,1.010463,1.001259,0.999615,0.987195,1.001492,1.00304,1.017974,0.993461,0.999316,1.007283,1.008574,1.003983,1.001382,1.010111,0.995578,1.0244
2023-11-27,1.008266,1.009278,1.000072,1.016575,1.009365,1.016659,0.998139,1.007544,0.999849,1.009609,1.006544,1.01839,1.007936,1.046481,1.001001,0.998305,1.007237,1.005664,0.961841,0.997795,0.989647,1.013147,0.998545,1.012258,0.995078,1.006981,1.006324,1.017675,1.010678,0.992007,0.999446,0.990056,1.015642,1.009347,0.992112,0.994623,0.998398,1.004455,1.001167,1.00729,1.017481,1.007156,1.006947,1.000767,1.002994,1.003086,1.009549,1.021228,1.007748,1.019851,1.000801,1.003076,1.002445,1.000956,1.009954,0.998044,1.003633,1.010242,1.011895,1.003964,1.00535,0.999361,1.014715,0.996224,1.00049,1.00914,0.992775,1.020522,0.999477,1.018373,1.003398,1.019194,1.022536,1.013523,0.998561,1.002005,0.994704,1.041484,1.004676,1.007959,1.000309,0.993599,0.98797,0.996125,0.99527,1.008794,1.012579,0.998152,1.005596,1.005348,1.005548,1.00595,0.997781,1.008622,1.010745,0.999734,1.001643,1.013801,0.996043,0.999679,0.995617
2023-11-28,0.997176,0.995769,1.003037,1.007016,0.998066,0.997209,1.009478,0.980499,0.990465,0.989481,0.98474,0.985427,0.990479,1.002572,0.988337,0.995968,0.995918,1.00516,0.991411,0.996244,0.995847,0.974338,1.014575,0.992082,0.987214,0.998093,1.006026,0.996402,0.990263,0.997363,0.997645,1.0061,1.032365,0.993897,1.006495,0.99786,1.001252,1.002563,0.998501,0.982763,0.978261,1.005075,1.005284,0.986802,0.990752,0.99708,0.997149,0.975414,0.99589,1.001542,1.008072,0.997912,1.010976,1.008916,0.991633,1.009779,0.968793,1.011251,1.005161,1.000846,1.046035,0.995841,0.991205,0.989577,0.998041,0.995423,0.984567,0.988422,1.011161,1.001012,1.002163,1.002219,0.990775,0.992816,1.007687,1.010674,0.995608,0.927835,1.004546,0.9721,0.980774,0.987116,0.994151,0.989922,1.003024,0.991853,1.00559,1.00887,1.028484,1.000741,1.023769,0.986434,1.008391,1.004071,1.001337,0.983524,1.009041,1.014157,0.99556,1.003605,0.999617
2023-11-29,1.003959,1.003514,0.998126,1.007752,1.00869,1.014288,1.0,1.028113,1.006735,1.006328,1.019527,0.990624,1.009243,1.007514,0.998989,1.006179,0.995215,1.00345,1.019389,0.998448,0.986368,1.007007,1.009273,0.997183,1.009359,0.997221,1.008181,0.99786,1.005858,1.01557,1.002013,0.968927,1.01579,1.006564,1.00534,1.002709,1.002345,1.003734,0.997581,1.013523,1.007168,1.0101,1.011097,1.010956,1.012642,1.005595,1.007927,1.000687,1.003647,1.012764,0.998015,1.002353,1.006721,0.999296,1.004202,1.005021,1.002121,1.003374,1.005206,1.007327,0.99682,1.011566,1.013384,1.014682,1.01055,0.994815,1.000255,1.012813,0.991204,1.006422,1.012858,1.001885,0.975412,1.001378,1.008462,1.00066,1.009425,0.994444,1.010991,1.016968,1.003779,1.021369,0.997589,0.998928,0.999139,0.994661,0.998765,0.997706,1.010655,1.002019,0.97102,1.003259,1.007728,1.006712,1.006543,0.995136,1.005907,1.002685,1.004225,0.992366,0.995692
2023-11-30,0.999434,0.992996,1.001444,1.001655,1.002732,0.999532,1.003694,0.998367,1.003288,1.002666,1.000204,1.007068,1.003846,1.000409,1.003375,1.002753,0.995396,1.004071,1.00688,1.004665,1.005488,1.001579,1.000388,1.002354,0.998127,1.005572,1.00387,1.002412,1.005824,1.00405,1.003949,0.998463,1.000497,1.010413,1.004205,0.996285,1.004484,1.002022,1.003094,0.995773,1.002847,0.987145,0.987003,1.001506,1.004851,1.00572,1.000322,1.006641,0.999716,1.006998,1.011139,1.00137,1.002568,1.006317,1.010099,1.003575,1.002973,1.005288,1.002164,1.001818,1.007656,1.009211,0.990454,1.006082,1.006798,1.001869,1.002038,0.998888,1.001392,1.003264,0.997405,1.006332,0.980704,1.000086,1.000886,1.005937,1.002384,0.975114,1.005543,0.989705,1.001961,1.002005,0.993619,1.00894,1.000287,0.997853,1.002474,1.007356,1.006666,1.00047,1.005294,0.997791,1.006142,1.003535,1.008491,1.010046,1.002286,1.001606,1.003273,1.008986,1.005384
2023-12-01,0.998264,0.999052,1.003029,0.998445,0.99518,0.999742,1.000613,1.00278,0.995517,1.009482,1.006747,0.970752,0.997689,0.996818,0.994282,0.992608,1.004882,1.000794,0.985129,0.996684,1.000121,0.977631,0.997413,0.988492,0.99634,0.994025,1.005986,1.001827,0.991108,0.990205,0.996273,0.978444,0.993632,0.990735,1.002094,0.994125,0.984434,0.994069,1.0,0.993898,1.011356,0.99877,0.997952,0.995754,1.000708,0.997725,1.002513,1.00273,0.994965,0.990472,0.992,0.99772,0.998122,0.996572,0.984079,0.985576,1.003768,0.991442,0.997522,0.998045,1.00038,0.994807,0.989563,1.011673,0.999277,0.995681,0.9911,1.003126,1.000521,0.999187,1.002973,0.995029,1.009754,1.001892,0.993801,0.988197,0.999075,0.99375,0.996926,1.011298,1.003523,0.993623,0.995914,0.99238,1.009338,1.0072,1.0,0.999011,0.998676,0.998792,1.002676,0.993554,0.993584,0.980248,0.983951,0.988978,0.999371,0.998396,1.00233,1.00455,0.994167
2023-12-04,1.00266,1.003214,0.992739,0.993672,1.000391,1.00654,0.990651,0.994782,1.00473,1.00999,0.995262,0.995906,1.009876,1.013999,0.998985,1.002128,1.003549,1.008321,0.99796,0.99512,1.000445,1.011214,1.009856,0.994773,1.022603,1.001568,0.998487,1.000578,0.998331,1.008438,1.007966,0.993954,0.994364,0.971945,1.002199,0.998977,0.999251,0.995373,0.990664,0.994527,1.013684,1.004129,1.005791,0.999822,1.007783,1.006737,1.000514,1.003403,1.006842,0.987206,1.002314,1.002285,1.002053,0.994985,1.000118,1.00624,1.001151,1.000098,1.000887,0.999301,0.995316,0.999525,1.012817,1.014835,1.00917,0.987676,0.986273,1.010803,1.010073,0.999645,1.007318,0.992081,0.991273,0.998025,1.003208,0.98507,1.006943,1.033019,1.001063,1.036886,0.987441,1.00906,0.988472,0.996607,1.003274,1.003204,0.998149,1.002589,0.99141,0.997177,1.045069,1.001966,0.994371,1.006277,1.007688,1.006795,0.995278,1.003213,1.008136,1.011928,0.999423
2023-12-05,0.997491,0.99459,1.003042,1.015383,1.002345,0.990486,1.002939,1.015081,1.004067,1.014565,0.995171,0.994167,1.010685,1.009264,1.026414,1.009554,0.995029,1.014306,0.995912,1.01984,1.007879,0.994044,1.000128,0.994268,1.014275,0.991216,0.989663,1.024142,1.00418,0.965089,0.989004,1.010888,1.017188,1.0,0.995391,1.004664,1.002052,0.99841,1.000084,1.009663,1.093804,0.983985,0.983892,1.00773,0.992596,0.999949,1.004883,1.016052,1.021519,0.999389,1.003166,1.00508,0.994025,1.001607,1.000439,0.992728,0.99935,1.00198,0.993938,0.98614,1.002925,0.999525,0.97997,0.999594,0.998565,1.009483,1.021722,0.98994,1.003439,0.996221,1.014897,1.020579,1.006671,0.999742,0.989932,1.013136,0.992383,1.006596,0.994689,0.991449,1.010427,1.009477,0.986855,1.068088,0.996312,1.005405,1.007417,0.997342,1.014406,1.007885,0.989543,1.001962,0.989732,1.001085,1.010283,1.020248,1.0051,1.00774,1.009454,0.983863,0.984986
2023-12-06,1.001827,1.003063,1.028087,1.006369,0.9994,0.989666,1.015116,0.97828,1.011403,1.01261,0.998428,0.98395,1.019949,1.032081,1.005939,1.016193,0.999811,1.005259,1.013547,1.00765,1.005091,1.003083,1.011428,1.006245,1.013893,1.014039,1.008301,1.093553,1.006868,1.015695,0.997846,1.001291,1.00355,1.002054,1.017308,1.006681,1.019297,1.008741,1.024735,1.018211,1.0,0.981818,0.981776,1.003762,1.007942,1.008545,1.013746,0.99466,0.990004,1.000257,1.016764,1.011405,1.003606,1.005785,0.998615,1.006202,0.994548,1.009785,1.005207,1.008802,1.005199,1.007441,0.984798,1.006093,1.006705,1.013349,1.010057,1.000158,1.00257,0.993252,0.999094,1.01003,0.971541,1.0,1.00676,1.012965,1.015814,1.010585,0.996903,0.99379,1.008913,1.006547,0.994492,1.028686,1.010679,1.017351,1.016564,1.018961,1.005762,1.006018,0.98337,0.996802,1.033627,1.017158,0.995535,1.008732,1.009637,1.015095,1.018502,0.997501,1.003909
2023-12-07,1.002386,1.006791,1.007163,1.005657,1.014769,1.002389,1.002431,1.001898,1.010421,1.008095,1.006434,1.004613,1.017509,1.009671,1.015415,1.008071,1.010833,1.006815,1.014581,1.024512,1.024091,1.004349,0.999111,1.007639,1.02033,0.997058,1.005922,1.032156,1.00186,1.0078,1.008426,1.012074,1.000761,0.998813,1.003901,1.013723,1.021597,1.011013,1.005747,1.013708,1.024051,0.99552,0.994945,1.020173,1.019554,1.009494,1.01255,0.978523,1.005005,1.014027,1.024053,1.004869,1.003422,0.994997,0.988156,1.003663,1.0256,1.001281,1.014618,0.996623,1.009083,1.002043,0.992878,1.007873,1.013321,1.009563,1.019536,0.988388,1.01128,0.982636,1.02911,1.007364,0.999893,1.008175,1.002377,0.948802,0.994398,1.010973,1.007391,1.035411,1.004804,1.010309,0.998993,1.030007,1.007608,1.031468,1.011467,1.007249,1.000746,1.011964,0.994793,1.016371,0.989493,1.027079,1.021766,1.033054,0.999104,1.006522,1.009643,0.991329,1.002433
2023-12-08,0.992731,0.990535,1.00516,1.002956,0.995178,0.987085,1.000455,0.976769,1.00033,0.991733,0.985105,0.993516,0.997065,1.004276,0.995478,0.999384,0.992062,1.000106,0.997605,1.002964,0.992172,0.993207,1.003558,1.020611,1.008865,0.993925,1.004746,0.964077,0.991335,1.0,1.000414,1.000325,0.993959,0.993843,1.000972,0.986573,1.004463,1.010093,0.992082,1.008886,1.021941,0.979823,0.980358,1.002755,1.013766,1.002933,1.003426,0.968221,0.993296,0.98934,1.003157,1.007332,0.998806,0.987709,1.002808,1.002848,1.017801,0.985206,1.000594,1.005648,0.997125,1.01239,0.985223,1.035954,0.997653,1.015465,1.003956,0.985661,0.99155,0.974578,1.014716,0.995411,0.973164,0.988221,1.002668,1.012798,0.99607,0.907745,0.988091,1.003353,1.002159,1.00984,0.983871,0.991767,0.996644,1.015758,0.994033,0.992061,0.998408,1.003612,0.986392,1.014239,1.002047,1.010935,1.00652,1.002793,0.992162,0.986003,1.002221,0.99974,0.994563
2023-12-11,1.003199,1.021063,1.002914,0.992014,0.998217,0.996129,0.998485,0.998398,0.993872,1.008049,1.014085,0.988257,0.985166,0.996977,0.992213,0.994864,1.004317,0.997184,1.005002,0.985856,1.001727,0.912963,0.98354,0.965877,1.003306,0.987863,1.010466,1.001436,0.997503,1.037091,0.986125,0.978885,0.98789,0.986741,0.997196,0.993701,1.001807,0.994766,0.989303,1.00868,0.988207,1.013473,1.013305,0.978133,0.998395,0.992892,1.0018,0.989847,1.002296,0.99256,0.997923,0.999873,1.001537,0.993434,1.004217,0.990126,0.992146,1.001127,1.001433,0.992418,0.988215,0.991015,0.994594,0.983082,1.001647,1.011136,0.987194,1.009156,0.9925,1.002754,1.002258,1.000873,1.023204,0.989204,0.992905,0.993511,0.965145,0.994565,0.995803,0.967753,1.006156,0.994707,0.978893,0.993455,0.99509,0.999465,1.033613,0.993793,0.99245,1.007853,1.013329,0.99892,1.003611,0.992604,0.988712,0.997721,1.000668,1.009989,0.986037,1.009268,0.980572
2023-12-12,0.994849,0.994313,1.01252,1.005654,0.998749,0.989173,0.991958,0.986822,0.994388,1.001663,0.983932,0.989618,0.981427,1.011659,0.998365,0.98121,1.000632,0.985112,0.993032,1.024839,1.003057,0.993359,0.997297,1.001923,0.986559,0.976843,1.003436,0.992471,0.995201,1.03492,0.99769,1.012184,1.006015,1.00782,1.015897,0.992643,1.004247,1.004225,0.996507,1.004303,1.007038,0.992749,0.992595,1.000644,1.008068,1.004265,0.993122,0.984494,0.990293,1.002391,0.987827,0.989492,0.998977,0.99094,1.00187,1.007104,1.0135,1.004135,1.001117,1.00863,1.002791,0.993278,0.997361,1.010817,0.971576,0.994352,0.99052,0.990014,1.033831,0.981501,1.006065,0.997108,0.977172,0.978172,0.99744,0.989687,0.99925,0.936066,0.984439,1.027797,0.993958,1.000242,1.015491,0.998875,1.018751,1.007264,0.98374,1.003763,1.004496,1.00974,1.002723,0.992369,0.998673,1.003446,1.00733,0.991878,0.998743,1.002082,1.000225,0.989149,0.986758
2023-12-13,1.009926,1.010139,1.010862,0.991519,0.999076,1.021957,1.000612,1.09887,1.007277,0.99981,1.01633,1.020606,1.006626,1.001857,1.004258,1.01915,1.028022,1.003189,1.005613,1.013372,1.005626,1.018454,1.001936,1.011514,1.014151,1.002986,1.005795,0.998876,1.01174,1.006939,0.999228,0.988182,0.991665,1.00929,1.005535,1.011631,1.001572,0.998174,0.997246,0.983493,1.018232,1.053412,1.053146,1.007749,1.000184,1.0,0.999626,1.021323,1.00929,1.00419,0.99221,1.003071,1.002389,0.995853,0.998337,0.994882,0.998083,1.00675,0.999756,1.004489,1.006452,0.998741,1.028792,1.004767,0.999033,0.983433,1.011837,1.00583,0.994186,1.011797,0.988804,1.002113,1.02402,1.007498,0.999702,0.994443,0.998977,1.005254,1.00022,0.982362,1.02293,0.985371,0.994022,1.01287,0.991558,0.997115,1.008855,1.01357,1.000587,1.005531,1.013661,1.010445,0.997707,0.993647,1.007792,1.016633,1.006017,1.003896,1.020225,0.989742,0.993038
2023-12-14,1.004715,1.007412,1.008853,1.004421,1.006356,1.00202,1.001835,1.004284,0.991928,0.979736,1.003676,1.023898,0.998873,1.031054,1.009785,1.013008,1.011342,0.999048,1.00299,1.008041,1.008119,0.996989,0.994203,0.99834,1.023488,1.011006,0.999722,1.007876,1.002487,1.014728,1.013271,1.006783,0.993468,1.005089,0.999259,1.009355,1.017113,1.003181,1.00929,1.012428,1.007162,0.986927,0.985832,1.01802,1.00092,0.983922,1.01086,1.013049,1.004217,0.996341,0.993694,1.011034,0.997787,1.006572,1.016625,1.002035,0.997744,0.997604,0.995607,0.992738,0.997486,1.009928,1.018862,1.000871,0.999516,0.998749,1.02402,1.008842,0.997494,1.003894,1.009581,1.016577,1.01953,1.006556,0.989371,1.005239,0.990785,1.03194,1.002085,1.007866,1.000226,0.997791,1.001763,1.01763,0.997906,1.011648,0.990053,1.0,0.991237,1.000256,1.004946,0.995878,1.002736,0.99257,0.998722,1.017619,0.999687,0.989651,1.015419,0.989506,1.011481
2023-12-15,0.999913,0.987073,1.01313,1.016362,1.015064,1.024901,1.009919,1.042585,1.011222,0.995883,0.989621,1.08995,0.999763,1.013813,0.996447,1.009988,1.021896,1.010312,1.015504,0.984864,1.005472,1.019263,1.00609,1.013302,1.006097,1.000803,1.021415,1.005143,1.020876,0.982157,1.000277,0.992741,1.017748,0.99332,1.010277,1.001898,0.996951,1.000515,0.997429,1.013541,0.994963,0.985802,0.987406,1.002651,1.014887,1.0297,1.00957,1.043091,1.022234,1.016139,1.004145,1.003659,1.007337,1.01737,0.976574,1.007232,0.992831,1.008613,1.012678,1.009284,1.004663,1.013263,0.977551,0.997968,1.002179,1.005976,1.006563,0.992171,1.000168,1.013509,1.023294,1.00864,0.981497,1.013379,1.012916,0.995136,1.004616,1.0,1.018399,1.001697,1.023539,1.007009,1.01563,0.99922,0.998042,1.014299,0.98227,1.011613,1.010658,1.015665,0.983186,1.018723,0.988923,1.009836,0.996673,1.002473,1.00305,0.984837,0.997831,1.002518,1.000703
2023-12-18,1.005242,1.00792,1.013224,1.004331,1.002658,1.013532,1.011635,1.023808,1.006798,0.997325,1.010899,1.041817,1.015737,1.002217,0.996434,1.007265,1.01667,1.009144,0.988647,0.998131,1.001955,0.979793,1.012236,1.000234,1.012457,0.990193,1.00904,1.017255,0.998785,0.997695,0.987184,0.995457,0.992772,0.987744,0.999685,1.008025,1.006006,1.00309,1.01696,1.009115,0.995235,0.992131,0.994223,1.002416,1.005644,1.005589,1.007339,0.988774,1.012818,1.016739,1.000064,1.008925,1.006436,1.045267,1.001233,1.00082,1.011437,1.012124,1.007851,1.007247,1.004516,1.004004,1.027484,0.994184,0.999275,0.999904,1.009418,1.008295,0.996818,1.006762,1.008684,1.016111,1.02209,0.875619,1.003873,0.997905,1.000823,0.984806,0.998817,0.997459,1.004262,0.98962,1.000306,1.008591,0.987528,0.997848,0.987365,0.991957,1.004808,1.010009,0.988613,0.987185,1.003752,1.003793,0.997368,0.998026,1.011851,0.990178,1.010217,1.000793,0.98424
2023-12-19,1.011024,1.016691,1.006917,1.005343,1.001224,0.985166,1.004182,1.004215,1.027848,1.029212,1.009222,1.016236,1.02058,1.00917,1.04229,1.020838,1.006384,1.018623,1.026727,1.026633,1.025016,1.033482,1.010179,1.023436,1.039904,1.007113,1.019857,1.003392,1.007298,1.023101,1.014807,1.049028,1.032355,1.019326,1.028847,1.019792,1.003004,1.010466,0.99068,1.028087,1.017056,1.002469,1.000377,1.0287,1.030612,1.007791,0.993382,1.012035,1.026995,1.025724,1.004643,1.003364,1.008583,0.957865,1.021787,0.999579,1.032343,1.00934,1.015476,1.011623,1.022727,1.015798,1.001556,1.015893,1.015957,1.026351,1.024282,0.999973,1.050235,1.036674,1.012788,0.998828,1.009044,1.021625,1.021013,0.93282,1.01809,1.021143,1.016365,1.048226,1.015511,1.0269,0.999592,1.026793,1.037037,1.035467,1.002438,1.02005,1.042564,0.994453,1.00962,1.024633,1.006029,1.016229,1.0121,1.050433,1.010865,0.991689,1.02776,1.017773,1.008873
2023-12-20,1.000177,1.000758,1.003759,1.012587,0.997352,0.936533,0.988993,0.998625,0.98118,1.005354,0.99046,1.015417,1.024633,1.021243,1.059301,1.01315,1.004696,1.043572,0.99248,1.018241,1.064186,1.012021,0.9607,1.022212,1.032856,1.027716,0.982523,0.999573,0.994969,0.989374,1.036789,1.030264,1.010535,1.011957,1.002345,1.046731,1.02056,0.98163,1.001403,0.984234,1.06649,0.994252,0.995248,1.057178,1.02449,1.001625,0.995661,1.013686,0.985186,0.991549,1.006932,1.018192,0.985149,1.002398,0.960117,0.986333,1.046832,0.985589,0.980029,0.967036,1.018681,1.010116,0.99531,1.027354,1.002142,0.988516,1.063179,0.977455,1.004319,0.978853,0.998762,0.950743,1.005448,0.973978,0.978141,0.98012,0.973617,1.019026,1.00286,1.002268,1.019452,0.983658,0.997248,1.069985,0.97838,1.052564,1.012158,1.019945,1.005747,0.983203,1.049145,1.043075,0.973097,1.026068,1.032496,1.066839,0.986089,1.02379,1.05758,0.987796,1.02689
2023-12-21,1.003022,0.997274,0.994576,0.987937,1.004143,1.000068,0.992781,1.008333,0.996851,0.999906,1.017298,1.021012,1.009225,1.031338,0.989982,1.000194,1.011284,1.014706,0.988731,0.991839,1.001999,0.989633,1.009309,0.996416,1.003715,0.996433,1.044453,1.017068,1.008697,0.999195,0.996132,0.99395,0.991189,0.99489,0.982911,0.990781,1.006548,1.005574,1.015492,0.98227,0.985655,1.004805,1.005002,0.992281,1.006225,0.999951,0.995826,1.021691,1.012193,0.99439,0.989099,1.007561,0.992547,0.994289,0.997159,0.992229,1.000222,1.000024,0.990518,1.0,0.990171,0.991928,1.005253,0.999439,0.991451,0.992728,1.005931,1.013117,0.979611,1.004746,1.004379,1.026235,1.011169,1.030007,0.992571,1.019135,0.995161,0.999451,0.997782,0.990141,1.011519,0.980699,0.988859,1.000564,0.991049,0.984786,0.992192,0.980374,0.993308,0.99541,1.009759,0.999171,0.99416,0.996377,1.003572,0.992941,0.997294,0.986797,0.99604,1.003746,0.993306
2023-12-22,1.00613,0.991497,0.995975,1.007177,0.993317,1.024714,1.006817,0.998203,1.000109,0.993118,1.027339,1.015278,1.012465,0.985394,0.99494,0.996126,0.997531,0.972454,1.008843,0.996588,0.999895,1.010423,1.01403,1.004946,1.002313,1.003143,1.034031,1.007607,1.007419,1.006046,1.00221,0.991426,0.996567,0.99358,1.005588,1.004182,1.00224,1.001267,1.003327,0.989668,0.991884,1.02503,1.024133,0.989199,0.990989,1.008358,1.003144,0.989818,1.016302,1.012548,1.001805,1.006052,1.007167,1.004222,1.013496,1.011543,0.993218,1.014,1.010304,1.005092,1.005447,0.982821,1.028962,0.989624,1.010778,1.008848,0.991046,1.005179,0.99187,1.029784,0.996627,1.007848,1.024279,1.01626,1.011437,1.016147,1.015351,0.98022,1.004446,1.003428,0.98966,1.005107,0.998036,0.976472,1.007903,0.994943,0.996368,0.995302,1.001139,1.000704,0.994398,0.992766,0.991396,0.996363,0.991592,0.978671,1.001318,1.008028,0.98708,1.014601,1.007433
2023-12-25,1.005235,1.00536,1.001173,1.003331,0.999005,1.009197,1.014746,1.008999,1.010745,1.001471,0.998183,0.993531,1.01636,1.011904,1.002393,1.005444,1.012897,1.006203,1.014998,1.025574,1.025375,1.006434,1.000897,1.0,1.011848,1.013838,0.994862,1.002845,0.998806,1.018429,1.013095,1.029209,1.011879,1.011523,0.996295,0.996773,0.99319,1.004034,1.018602,0.999874,1.012133,1.006633,1.006259,1.016073,1.003592,0.997562,0.992749,1.02123,1.0049,1.022228,1.006562,1.013355,0.996781,1.007309,1.000086,1.001969,1.00607,1.00245,1.001723,0.999859,0.988081,1.018093,1.016656,1.003589,1.005687,1.004244,1.012781,1.001637,1.009344,1.018308,1.012382,1.00567,0.990555,1.011905,0.994316,1.04065,1.0,1.006166,1.00411,1.025053,1.011154,1.023919,1.012013,1.006204,0.99776,1.010723,1.009113,1.013506,1.018356,0.997504,1.02039,1.006451,0.995233,1.006429,1.000309,1.003632,1.00627,0.997345,1.008659,1.003612,1.013182
2023-12-26,0.986261,0.989286,0.987565,0.990592,0.994114,0.98581,0.987841,0.966607,0.988292,1.000521,0.989141,0.974377,0.972544,0.987629,0.984184,0.984336,0.986892,0.984839,0.977931,0.983114,0.988906,0.986696,0.990017,0.988814,0.971183,1.001717,0.9753,0.984528,0.992427,1.012851,0.990834,0.983043,0.989832,0.971681,0.988328,0.988719,0.879464,0.982945,0.979593,0.988678,0.988849,1.011296,1.012367,0.987109,0.990314,0.991691,0.990654,0.980712,0.990748,0.969349,0.979611,0.988721,0.979262,0.986095,0.983443,0.98841,0.984873,0.985851,0.994015,0.975792,0.98221,0.982229,0.996917,0.975718,0.949576,0.989389,0.991514,0.992927,0.971902,0.988384,0.990134,0.980345,0.969902,0.980235,0.986544,0.981179,0.984539,0.961003,0.965572,0.979844,0.980521,0.988138,0.969198,0.962432,0.977968,0.992767,0.987357,0.9808,0.983508,0.991467,0.960812,0.980297,0.984524,0.980177,0.971167,0.960416,0.988923,0.992813,0.985027,0.988299,0.983299
2023-12-27,1.009529,0.99923,1.005933,1.010056,1.027246,1.006845,0.999249,1.032775,1.015081,1.015016,1.011307,1.015229,1.022917,1.006801,1.006671,1.009823,1.014511,1.012506,1.005887,1.010585,1.001243,1.006007,1.00724,0.995928,1.014953,1.0012,1.006293,1.026897,0.997992,1.017866,1.003062,1.0157,1.015608,1.008217,1.007107,1.011092,1.004508,1.0115,1.029181,1.004326,1.02199,1.015323,1.015035,1.008079,1.000889,1.010596,1.004561,1.028846,1.008575,1.024644,1.010243,1.005704,1.006596,1.006817,1.003139,1.012246,1.006937,1.009512,1.008305,1.016299,1.016747,1.005673,1.013771,1.018231,1.000248,1.009776,1.016348,1.007879,0.995989,1.004783,1.009059,1.010032,1.01827,1.016419,1.007725,1.024611,1.002432,1.01971,1.009131,1.005183,1.014241,1.004532,1.006546,1.015793,0.995408,0.986885,1.005488,1.018042,1.013727,1.002524,1.029781,1.009868,1.007656,1.017953,1.001274,1.020019,1.009451,1.003485,1.002229,1.007091,1.004542
2023-12-28,1.000615,0.994452,1.015401,1.00507,1.016344,0.997684,1.005408,0.997784,1.017291,1.004247,0.99727,0.99529,1.004221,0.99397,1.006928,1.001362,1.004589,1.004155,1.020094,1.005138,1.001,0.996297,1.007573,0.999546,1.000771,1.007104,1.009682,0.996595,1.007847,1.001781,1.002256,1.008847,1.000043,0.989133,1.005189,1.007627,1.002709,1.006616,0.997795,1.009249,0.993655,1.006488,1.00762,1.00021,0.998911,1.002877,1.008459,1.019541,1.00496,1.008427,1.004004,0.999403,1.005691,1.003935,0.997185,1.000446,0.99754,1.001559,1.001064,1.010644,0.999512,1.004116,0.998023,1.007294,1.00124,1.012313,0.997625,1.002784,1.002517,0.990134,0.881743,0.995419,0.996734,1.003212,1.004252,1.003179,1.007071,0.989767,1.001185,0.996455,1.007372,1.014876,0.999476,1.005867,1.001009,1.000563,1.003639,1.005955,1.004729,1.005035,0.992299,1.008573,1.000827,1.006072,1.006936,1.004618,0.995723,1.001603,0.99454,1.011952,1.001769
2023-12-29,1.003533,0.997159,0.997935,1.001834,0.997122,0.999182,1.002988,1.027292,0.999085,1.004879,0.999935,1.008833,1.002102,1.009023,1.012863,1.009714,1.008754,1.005222,0.983936,1.009438,1.01815,1.019393,1.006879,0.998409,1.007631,1.011559,1.004497,0.999549,1.003793,1.003047,1.009004,1.011214,1.004515,0.999231,0.998658,1.011199,1.015966,1.008304,1.006157,1.00364,1.003054,1.000701,1.000212,1.002522,1.002065,1.011671,1.006599,1.052083,1.00125,1.00336,1.004374,1.005914,1.004115,0.998028,1.000491,1.004373,0.999193,0.998986,1.003977,1.007021,1.004639,1.00577,1.004075,1.01674,0.999504,0.99935,1.004653,1.000214,1.007699,1.009101,0.999815,1.005276,1.009195,0.999906,1.007037,1.000352,1.004543,1.015508,1.003335,1.011643,1.013729,1.009852,1.004093,1.005395,1.000144,1.009557,1.001208,1.00592,1.001229,1.007193,1.016116,1.015276,0.999462,1.00702,0.99861,1.012871,1.002825,0.999733,1.009353,0.998468,1.002257
2024-01-01,1.001492,1.000518,1.001682,1.005127,1.001103,0.996356,1.000298,1.018548,1.009264,1.00222,0.999544,0.994947,1.005915,0.997374,0.999409,1.001924,0.991025,1.008232,0.995335,1.002337,1.008423,1.005237,1.000759,1.001366,1.003213,0.995547,0.988408,1.001878,1.003182,0.997722,0.996719,1.000922,1.006309,0.993733,0.995555,1.00082,0.995833,1.004762,1.005727,1.005253,0.998616,0.990337,0.991874,1.007521,0.997767,1.004711,1.001532,1.005149,1.006834,1.000237,1.001345,1.005998,1.002561,1.003122,1.018995,0.997312,1.000314,1.001629,1.005771,1.006973,1.001458,0.996679,1.008455,1.005827,0.996034,1.003252,1.008832,0.998425,1.006145,1.001222,0.991761,1.003608,1.0028,0.997646,1.003198,1.00704,1.000822,0.988122,1.005684,1.001918,1.001787,1.001428,0.996028,1.004641,0.999424,1.00007,1.000604,1.009572,1.003681,1.007078,1.018822,1.002459,1.005307,1.00212,0.99247,0.99705,0.999113,0.995464,0.993755,1.009398,0.995301
2024-01-02,1.00033,1.002226,0.999161,1.005556,0.993697,0.999061,1.010722,1.018416,1.006736,1.00203,1.000261,0.996661,1.003956,0.993323,1.001182,1.002881,1.004479,1.001426,1.000195,1.001166,0.995841,1.002171,1.00177,1.002955,1.006634,0.983205,0.994451,0.995726,1.000793,1.001903,0.985913,0.994074,1.001159,1.000221,1.006438,0.994775,1.01052,1.002758,1.000936,1.009581,1.003326,0.998869,0.999003,1.00502,0.996643,1.000718,1.001774,0.992711,0.998252,1.002726,1.001471,1.005313,1.000681,0.996498,0.998865,1.005034,1.000045,1.004619,1.00438,1.000692,1.003761,1.00409,1.001369,1.008736,1.0,1.007316,0.999786,1.003235,1.007263,0.997397,1.015775,0.998153,1.002125,1.002926,0.999941,1.006292,0.997741,1.005152,1.003199,1.006382,1.000961,1.0,1.006716,1.004042,1.010805,1.004246,1.00965,1.001124,1.002426,1.006395,0.968406,1.002862,1.004036,1.000854,1.002997,0.992945,1.005677,1.004824,1.003041,0.998035,0.98554
2024-01-03,0.997213,0.994576,1.001422,0.997011,0.998066,1.001814,0.998232,0.990925,0.998475,0.994106,0.990612,0.994512,0.997551,1.001191,0.993802,0.996745,0.999085,0.996795,1.001757,0.998447,0.995924,0.990545,1.005931,0.99388,0.993183,0.996309,0.995446,0.990813,1.000792,0.999873,0.995927,1.001528,0.992322,0.998783,1.001238,1.002472,0.997594,1.005927,0.994623,0.998398,0.992265,0.997523,0.996149,0.998344,0.997668,1.002582,0.998779,0.997222,0.995239,0.996956,1.001022,0.998826,1.003064,1.002294,1.003564,1.004454,0.99843,1.000446,1.002265,1.002353,0.995769,0.997586,0.987832,0.996627,1.003982,1.002298,0.995835,1.002025,0.995411,0.9926,0.997703,1.005737,1.0,0.992282,1.002657,1.0,1.005558,0.97779,1.0,0.973526,0.991567,0.999644,1.000834,0.989216,0.99943,0.988633,1.002389,0.999158,0.995966,1.008682,0.981436,0.992662,1.002991,0.998374,0.999491,0.991978,0.999808,1.005601,0.994745,1.000508,0.997904
2024-01-04,0.993413,0.964213,1.031296,0.998001,0.98863,0.972293,1.016089,0.940099,1.032532,1.013572,0.986771,0.972345,1.005178,0.965856,1.006831,1.00634,0.981208,0.985834,1.02826,1.031104,0.989989,1.007281,1.012671,0.995895,1.00755,1.013096,0.985714,0.97336,0.999802,1.023936,1.002145,1.002601,1.014913,1.004652,1.007935,0.985102,0.997114,0.995879,0.986837,1.027527,1.003619,0.990279,0.989119,1.006558,0.995758,0.996614,0.987466,0.951244,0.96597,0.981088,1.020607,1.01164,1.015103,0.997249,1.01592,1.006354,0.982476,0.989168,1.001787,1.019467,1.005584,1.018449,0.978331,1.00622,1.030739,1.038708,1.006971,0.986251,1.013665,0.962249,0.981394,0.973149,0.972659,0.987006,1.018076,1.03265,1.015013,0.965638,1.015731,1.000814,0.969578,1.012836,0.975628,1.00436,1.010411,1.002734,1.02801,1.004775,1.02517,1.009855,0.999759,0.99296,1.024446,0.991084,1.00706,1.014556,0.994315,1.0313,1.002235,1.010403,1.023805
2024-01-05,0.9944,0.992512,1.004005,0.996996,0.974057,0.985726,0.996659,0.976476,1.011097,0.981171,0.990262,0.975308,0.989432,0.96882,0.989086,0.988927,0.979518,0.97982,0.991281,1.011312,0.971268,0.987638,0.989718,0.991756,0.989478,1.0199,0.99084,0.983251,1.0,1.000371,1.019066,0.981143,0.983049,1.010363,1.009917,0.987484,0.981763,0.992034,0.984994,1.002883,0.978363,1.005732,1.005428,0.983235,0.980236,0.978612,0.991331,0.98431,0.979098,0.973261,1.006251,0.995642,1.00234,0.997876,1.04306,1.006577,0.970821,0.992605,0.991079,0.992416,1.004346,0.996585,0.994744,0.979909,0.995671,1.013511,0.978807,0.999272,1.006822,1.003757,0.976443,0.982226,0.987564,0.984624,1.000231,1.0,0.993949,0.970446,0.998535,0.953954,0.981245,1.004576,0.995303,0.970333,1.019619,0.979445,0.998841,0.969043,0.971828,1.00105,0.959866,0.985112,1.004988,0.992893,0.994948,0.973582,0.996562,1.007202,0.986823,1.000062,1.008402
2024-01-08,0.995745,0.9873,1.006232,1.013331,0.997544,0.99171,1.000292,1.005099,1.008248,1.003587,0.973732,0.99096,1.004401,1.004223,1.008052,1.004054,1.00313,1.002295,0.995029,1.002424,1.006331,0.971759,1.005633,0.984299,0.992733,0.971233,1.005677,0.997618,0.991487,0.995425,0.989037,0.997559,1.007842,0.988107,0.997064,1.004436,0.99051,0.998597,1.004836,1.011979,1.006238,0.983471,0.981788,1.003038,1.000976,1.001809,1.004747,0.996174,0.992692,1.003539,0.997888,1.000467,0.996664,0.999706,0.994819,0.997277,0.995053,1.002388,0.990998,1.0,1.008774,1.005513,1.007693,1.003525,1.002899,1.019517,1.002611,0.992822,0.996935,1.009378,0.983276,0.994921,1.009018,1.001269,0.991443,0.978473,1.005479,1.009944,1.002515,0.99693,0.989608,0.997664,1.003432,0.997614,0.992663,1.001214,0.995357,1.011394,1.016149,1.001357,0.997819,0.986386,1.006254,0.997352,0.996509,1.01076,1.006318,1.005363,1.012325,0.990333,0.991281
2024-01-09,1.002246,0.995987,1.004212,0.998378,0.998606,0.995679,1.005537,1.018896,0.999439,0.994523,1.004634,1.000257,1.01026,1.016575,1.018639,1.007306,0.99655,0.99603,1.003651,1.010415,1.009892,0.990552,0.995519,1.009618,1.020421,1.000429,1.011815,0.999522,1.0002,1.011303,0.998274,1.009098,0.989984,1.003754,1.000508,1.003891,1.006197,0.9911,1.013076,0.986151,1.014088,0.995291,0.995161,1.009113,1.012847,0.993314,0.989432,1.000427,1.003749,0.997618,1.003113,1.005017,0.998494,1.001297,1.006591,0.997008,1.006107,0.999166,0.990574,0.997407,1.007625,1.021188,1.013914,1.003883,0.999277,1.001795,1.011829,0.999484,1.004531,0.998715,0.997849,1.006385,1.022897,1.001365,0.985245,1.013063,0.991726,0.983385,0.996237,1.028571,1.004113,0.999649,0.994014,1.005083,0.998605,1.002781,1.018659,1.003565,0.988592,1.006593,0.998151,1.00383,0.985259,0.995229,1.01102,1.013886,1.000308,1.021082,1.012987,0.993344,1.00303
2024-01-10,1.015427,1.024175,0.995621,1.01444,1.011081,1.02825,0.988552,1.054842,1.026007,1.0084,1.026577,1.024369,1.000793,0.919679,0.992158,1.005917,1.01605,1.018344,0.991576,0.99411,1.011491,1.018619,1.005251,1.016032,1.009742,0.98258,1.008658,1.038826,1.007387,0.990911,0.994016,1.005102,1.019845,1.007151,1.008626,1.003142,1.007212,0.999685,1.015757,1.008282,1.019728,1.022855,1.022913,1.006262,1.014551,0.995725,1.01244,1.033269,1.015738,1.019721,1.002482,0.998549,1.007374,0.997971,1.012093,1.0046,1.021787,1.006104,1.01007,1.008483,1.023649,1.008706,1.019065,1.002486,1.010123,1.001365,1.002896,1.018872,1.013531,1.023141,1.015086,1.029727,1.064281,1.018787,1.001006,1.003733,1.008615,1.043179,1.010388,1.026946,1.016821,1.005388,1.01269,1.008478,1.00768,1.011731,0.991414,1.006963,1.019107,1.000245,1.012464,1.020836,0.9984,1.002959,1.00756,1.003424,1.010975,0.997512,1.0,1.009826,0.983338
2024-01-11,0.999795,0.997737,1.005451,1.002936,1.007052,1.009732,0.994283,1.02107,0.988356,0.98047,1.015225,1.007108,0.987104,0.985852,0.984485,1.004744,1.007621,0.996651,0.990153,0.990187,1.000137,0.972252,1.005224,0.98971,0.994166,0.984803,1.008297,1.001802,0.9891,0.996034,0.974582,0.98804,0.983011,0.979465,0.996982,0.987992,0.99461,0.989835,1.003898,1.024524,0.99564,1.014445,1.015197,0.986833,0.994999,0.994918,0.993422,0.991744,1.011516,1.005169,1.000619,0.992094,0.99817,0.996081,0.999121,0.994963,0.999401,1.001469,0.996471,1.000407,1.00104,0.995685,0.996571,1.002205,0.998807,1.008945,0.984494,1.002936,0.985537,0.993939,0.991507,1.003461,1.016975,0.990159,0.988528,0.993915,1.004102,0.983203,0.99273,0.988824,1.006186,0.999534,0.988531,0.984513,0.995981,0.998946,0.978637,1.014394,1.000868,0.998715,0.977168,1.000534,1.003448,0.986659,1.000125,0.988626,1.003009,0.973566,0.98738,1.006698,0.987614
2024-01-12,1.006778,1.005671,1.015896,1.014814,1.007527,1.00824,0.996462,0.995176,0.991245,0.986359,1.015591,0.998226,0.990362,1.009213,0.999108,0.995845,1.009148,0.997281,0.98791,0.991399,1.003627,0.995632,0.996659,1.004621,0.969984,0.985988,1.008364,1.010676,1.006612,0.986063,0.991764,1.001246,0.994672,0.995762,1.001917,1.001585,1.014398,1.00004,1.007144,0.981873,0.993706,1.008698,1.009436,0.995361,1.030648,1.003819,1.007184,0.987929,1.005816,1.102523,1.001485,1.002109,1.003333,0.998008,1.00753,0.998049,1.014746,1.013417,1.01107,0.99105,1.004847,1.001156,1.036483,0.992667,0.980889,1.003631,0.9937,1.018574,1.004354,0.992201,1.010025,1.022371,1.02277,1.002798,0.998505,0.986054,1.004287,1.024405,0.988283,0.998526,0.995854,1.003263,1.004404,0.986067,0.999443,1.017798,0.99528,1.002226,1.003839,1.000551,0.995659,0.991816,0.998644,1.006697,1.008003,0.998619,1.004671,1.001025,0.99574,1.012429,0.990168
2024-01-15,0.999414,0.996777,0.993268,0.992133,1.007645,1.01093,0.995561,0.996499,0.995174,0.993683,1.009432,1.017963,1.000324,0.977265,0.986607,1.0,1.008841,1.000316,0.991315,0.982271,0.995603,1.001689,1.000124,0.99517,0.995347,0.998381,1.001219,1.027449,1.003981,0.996088,1.005398,0.991136,0.992684,1.001792,0.978546,1.000317,1.000159,0.994786,1.001002,1.010533,0.987607,0.999096,0.998594,0.994214,0.999243,0.996393,1.005768,1.003581,1.000016,0.994128,0.995552,0.99579,0.993522,1.000197,1.008775,0.995015,0.999773,0.996381,1.000204,0.995895,1.000115,1.0,0.997841,1.005725,1.013151,0.996382,0.989397,1.004859,0.974952,1.029059,1.020526,1.017024,1.008684,1.008179,0.995267,0.979648,1.003802,0.993448,1.007198,1.006398,0.99799,0.991171,0.994011,0.991492,0.982598,0.997926,0.962063,0.985634,1.003806,0.993141,0.971275,0.990135,1.003794,0.989038,0.987781,0.986636,0.997997,0.969806,0.999185,0.998884,0.999797
2024-01-16,1.001079,1.001778,0.991574,1.0037,1.024025,0.99841,1.003121,0.990136,1.01125,1.008572,0.996391,1.007,0.98384,0.977724,0.989442,1.040205,0.985958,1.008819,1.001792,1.010369,0.99435,0.992601,1.004345,0.993529,0.995013,1.006306,1.014341,1.002027,0.998017,0.969973,1.013698,0.990493,0.988068,1.010061,1.013484,1.000738,0.990911,1.019485,0.999692,1.011594,0.983268,1.003967,1.004012,0.994733,0.9977,0.997174,1.022447,0.989085,1.005076,1.003864,1.007695,0.99266,1.009697,1.007291,1.011326,1.022179,0.994322,1.005577,0.997688,1.004672,1.003789,0.993218,1.013039,0.992655,0.99375,1.001689,0.991051,1.009984,1.00527,0.999858,0.992068,1.003744,0.997957,1.017467,1.006862,1.010563,1.000598,1.004796,1.001261,0.994295,1.008415,1.011838,0.989671,0.99954,1.011901,1.015515,1.015404,0.992184,0.996923,1.002282,0.963339,0.995592,0.966332,1.005627,0.994097,0.984353,1.00053,1.017414,0.966558,1.001303,1.012973
2024-01-17,0.996873,0.987683,0.994335,0.998596,0.995033,1.001911,0.995852,1.083106,0.990115,0.993411,0.990557,1.006572,0.994122,0.921084,0.979268,1.009845,1.000371,0.98972,0.993838,0.985747,0.98905,1.009427,0.994067,1.002326,0.99859,0.972605,0.997439,0.989924,1.004966,1.011233,0.975691,0.996999,1.006704,1.029884,0.995633,0.983029,0.985799,0.983674,0.985977,0.995485,1.003687,0.998891,0.998878,1.007148,1.007647,0.983441,1.006996,0.998727,0.986973,0.996206,0.988485,0.99373,0.993376,0.994449,0.987012,0.988471,1.006943,0.998252,0.99189,0.996307,0.989934,0.991138,0.981228,0.99556,0.99105,0.99882,0.958417,1.004634,0.988696,0.977812,0.968209,0.997778,1.030561,0.999719,0.993424,0.98676,0.994622,0.986277,0.992023,0.958197,1.006562,0.990386,1.007828,0.985896,0.984598,0.992566,0.997573,1.001135,0.995738,1.003322,1.00466,0.993995,0.995475,0.99369,0.981176,0.981732,1.00405,1.018932,0.987764,1.003161,0.977389
2024-01-18,0.995047,0.994827,1.003468,1.001494,0.997433,0.997356,0.993008,1.009008,1.001977,0.9851,0.990533,0.989874,1.000166,1.012667,0.990037,0.990431,0.996061,0.995009,0.9996,0.990168,0.970059,0.975295,1.00659,0.982827,0.988708,0.990151,1.003962,1.008358,0.994268,0.994446,0.996033,0.982509,0.99043,0.970876,0.987759,0.990993,0.992858,0.997287,0.991482,1.005698,0.989263,0.991741,0.992842,0.991405,0.992383,1.00091,0.994729,0.978751,0.993392,0.990478,0.999439,0.994643,1.0,1.000246,0.991081,0.997008,0.989203,0.997829,1.00024,1.006177,0.994338,0.988127,1.002476,0.985507,0.994386,0.996962,0.981854,0.99795,0.965534,0.998109,0.991152,0.999973,0.994165,0.998686,1.001625,0.993997,1.001001,0.991531,0.991535,1.024636,0.987245,0.994737,0.989968,0.986627,0.990188,0.976568,0.998175,0.983483,0.994926,1.007297,0.980174,0.991091,1.011153,0.998307,0.995043,0.986467,1.005241,0.98931,0.996796,0.995304,0.992732
2024-01-19,1.009695,1.032571,1.007776,1.00079,1.016683,0.995974,1.007341,1.015608,1.001348,0.994926,1.011799,1.03646,0.993315,1.042106,0.997799,0.99599,1.011149,1.009944,1.002201,0.995132,1.011736,1.014781,0.998394,1.004486,0.990799,0.99405,1.00456,1.011126,1.008946,0.959605,0.990917,1.007343,1.007703,1.0207,0.989982,1.013633,1.003206,1.00392,1.013162,0.999075,0.987718,1.014697,1.014208,0.999284,1.006185,1.011013,1.004576,1.014763,1.019205,1.036363,1.004862,1.001975,1.002834,1.002704,0.991159,1.006791,1.000825,1.007721,1.010991,0.994679,1.002789,1.004599,1.021066,1.003394,0.992636,1.003471,0.993958,1.011297,0.98936,1.010368,1.00119,1.025318,1.018804,1.021329,1.004386,0.997869,0.987995,1.00061,0.994451,1.036734,1.042851,1.004938,1.017108,0.988495,0.987649,0.997959,0.999391,0.990342,1.009587,1.003774,0.982974,1.027644,0.983617,1.009245,1.012746,0.983586,1.005663,1.001801,0.995072,1.013472,0.998144
2024-01-22,1.014261,1.015533,1.009002,1.005876,1.012098,1.030066,1.023647,1.071064,1.010903,0.999804,1.011987,1.058825,1.0188,1.016115,1.015443,1.007321,1.024853,1.012801,1.000399,1.008022,1.01199,1.017967,0.994433,1.019041,1.024496,1.008791,1.011145,1.023391,1.010246,0.991067,1.002962,1.003487,1.020945,1.009218,0.99687,1.01313,1.010079,0.993584,1.009802,1.010301,1.026894,1.020553,1.020212,1.014035,1.012601,1.003248,1.027811,1.030167,1.017698,1.00777,1.002915,1.017262,0.994515,0.998848,1.00839,0.996062,1.008157,1.014069,1.020961,0.999177,1.002318,1.017277,1.019461,1.012401,0.99728,1.002953,1.017163,1.012187,0.993235,0.995137,1.008322,1.004223,1.041746,1.008924,0.991685,1.006764,0.996152,1.023171,0.990664,1.060074,1.045908,1.000702,1.005571,1.016901,1.002617,0.998519,1.016463,1.005386,1.013464,1.001637,1.001463,1.040381,0.975249,1.005378,1.0023,1.046326,1.010293,1.010015,1.036176,0.994733,1.00155
2024-01-23,1.000524,1.012163,1.003763,0.99564,1.009096,0.986984,1.006247,0.965276,1.007635,1.000736,0.996395,1.007678,1.010045,0.999581,1.010242,0.996185,0.969448,0.985821,0.989224,1.025621,1.011883,1.005524,1.000498,1.006228,1.013283,1.001761,0.99646,0.997935,1.005851,1.009697,1.001758,1.004886,1.003982,1.021706,0.994768,1.01296,1.016874,1.001684,1.010939,0.898499,0.994649,0.998243,0.997336,1.009838,0.984217,1.001295,1.007873,1.001454,1.013549,1.002641,1.004886,0.998826,0.995654,0.997766,1.003659,1.002185,0.999318,1.0068,0.992946,1.003706,0.999769,1.008855,0.995645,1.002413,1.003719,1.004542,1.00457,0.994582,0.99284,1.005715,0.988013,1.004459,1.00274,1.003921,0.995958,1.001061,1.001965,1.048868,1.001192,0.968399,1.005988,0.994037,0.991583,0.997648,0.998115,1.002824,1.007798,1.016071,1.002972,0.995277,0.984024,1.006795,1.018727,1.016049,1.010899,0.994525,1.001107,1.006356,1.00852,1.000061,0.998659
2024-01-24,1.004316,1.006653,1.012758,0.998336,1.007217,0.98938,0.996246,1.001427,0.999194,0.991373,1.008011,1.00476,1.002486,0.984041,1.006759,0.999635,0.995608,0.998161,1.011095,1.008706,1.000554,1.014713,1.01231,1.007565,1.000617,0.999352,0.992895,0.987406,1.003684,1.015826,0.997193,1.007462,1.00056,0.986222,1.005786,0.996255,1.000638,0.998439,0.990246,1.013388,0.997452,1.006567,1.007192,0.986553,0.983431,1.009451,1.006422,1.013895,1.008262,0.988292,0.983628,0.993416,1.0047,1.003493,0.998098,0.958388,0.975484,0.997749,1.005496,1.017642,0.998497,0.999424,1.008958,0.88965,0.999012,1.003433,1.011781,1.006028,1.009323,1.013341,1.013325,1.001289,1.003671,1.015713,1.015323,1.004239,1.041391,0.984659,0.993184,1.016316,1.004121,1.053282,0.988181,1.004558,1.000145,1.004084,1.023214,1.003705,0.995211,0.996107,1.001628,0.997197,1.004932,1.000905,1.009206,1.004548,1.000221,1.066953,1.012157,1.002525,1.011258
2024-01-25,1.003311,0.996516,0.980418,0.971667,0.997404,1.015573,1.002319,1.058603,0.98577,0.972807,1.005448,1.022474,1.001887,1.012435,1.006408,1.001824,1.001756,0.991408,1.002394,0.99925,1.006405,0.980853,0.983663,0.996587,1.01025,1.015557,0.998429,1.000397,0.991306,0.987883,1.019917,1.002452,0.984963,0.997121,0.988809,0.985488,0.995535,1.047359,0.999846,1.000629,0.984956,1.011232,1.011289,0.996402,0.989994,0.984872,0.999943,1.004091,1.000566,0.996392,0.994681,1.008935,0.984294,0.983795,1.006384,0.981759,0.981722,0.999863,1.0013,0.993818,0.981237,1.003167,1.014278,0.970239,0.987389,0.991989,1.009569,1.009175,0.993552,1.107032,0.988813,1.013273,1.024869,1.022177,0.987831,0.996483,0.987921,0.966532,0.989978,0.972831,1.005668,0.99933,1.000761,0.993116,0.990847,0.992216,0.970332,0.988075,0.980481,0.989373,0.993736,0.975508,0.995558,0.99589,0.978258,1.012152,1.001438,0.977504,1.007533,0.985872,1.017261
2024-01-26,1.003842,0.998303,1.005541,1.015167,1.008241,1.026547,0.997397,1.011442,1.015581,1.017534,1.00561,0.980963,1.012108,0.942792,1.012432,1.007831,1.001859,1.005994,0.98746,1.008825,1.034712,0.993753,1.014236,1.033562,1.011137,1.021701,0.990372,1.007765,1.019879,0.970346,1.025186,1.011843,0.994663,1.014545,1.012587,1.0196,1.013615,1.017919,1.0,1.008802,1.013256,1.021882,1.021318,1.008698,1.010655,1.013459,1.094866,1.009371,1.008347,1.013241,1.003775,1.014311,1.004244,1.005458,0.990406,0.998587,1.007267,0.995669,0.989249,1.007437,1.01263,1.010189,1.006348,1.029387,1.007012,1.010515,1.005139,1.005738,1.017015,1.031439,1.000099,1.004283,1.004156,1.006036,1.005797,0.969643,1.023008,0.982687,1.003631,0.963345,1.000648,1.016203,1.006193,1.003623,1.015249,1.009471,1.029976,1.021408,0.996704,1.003457,0.878747,0.984418,0.961362,0.996864,1.01999,1.007768,1.003534,1.024467,1.00788,1.014579,1.025402
2024-01-29,0.999418,0.990987,0.995579,0.996087,0.997661,0.986106,1.007973,0.98292,1.004867,0.985415,1.008685,0.979577,1.071037,1.017783,1.001198,0.999819,1.004667,0.996002,1.001814,0.998883,0.995545,1.021676,1.019823,1.021869,1.046548,1.001606,1.010266,1.003261,0.996369,1.01403,1.003837,1.001552,1.024671,1.005271,1.001462,0.987739,0.993758,0.997029,1.009698,0.99115,1.000569,1.000976,1.002074,0.98717,1.012337,0.996248,0.984194,0.880928,0.999797,0.99944,0.999624,0.996184,1.00355,1.001413,1.01853,0.997378,0.999528,1.003961,0.983345,1.008591,1.008742,1.006961,1.002442,1.000104,0.999751,1.005744,0.996705,0.997678,1.008624,1.014982,1.019649,1.003587,0.99049,0.99687,1.007805,1.0,1.003341,0.993317,0.996053,1.017625,0.975723,0.994172,1.002052,1.00518,0.998122,0.993909,1.006403,1.002462,1.016945,0.997539,1.003395,0.98011,1.019862,0.995115,0.997433,0.996029,0.982869,1.002601,1.008821,1.008782,1.008519
2024-01-30,1.007736,0.996414,0.997019,1.012856,1.006144,1.02655,0.997699,1.003272,1.005389,1.009225,1.013449,1.010698,0.99717,0.998637,1.005384,1.010302,1.00974,1.001778,1.003421,1.008198,1.012758,1.009972,1.013642,0.996757,0.99827,0.994387,1.01038,1.028292,1.002877,1.006575,0.999598,1.010315,1.003991,1.022336,0.998957,0.999474,0.986007,0.998906,0.999314,0.994341,1.005969,1.006827,1.008707,1.007332,1.001126,1.006194,0.998506,1.004353,1.017962,1.011741,0.999122,1.002612,1.006064,1.003886,1.008995,0.99558,0.99934,1.004675,1.000171,1.007719,1.0104,0.992664,1.017456,1.004063,1.008209,1.003807,0.998746,1.014334,1.018639,1.009414,1.010998,1.023134,1.023496,0.992237,1.001728,1.000364,1.000128,1.04526,1.009356,1.032049,0.992834,0.99635,1.010776,0.998438,1.001158,0.99838,0.997687,0.992914,1.019074,1.005735,1.04191,1.011884,1.002663,1.019884,0.991965,1.00727,1.021348,0.991745,1.000596,1.004686,1.001262
2024-01-31,0.998475,0.980754,1.006162,1.000264,0.994509,0.996398,1.01456,0.967553,1.003733,0.982171,0.985985,0.992109,1.01638,0.976851,1.035109,1.002504,1.000357,0.991163,0.990375,1.055073,1.004979,0.989891,1.003216,1.011711,1.000939,1.021953,1.009697,0.999548,0.999044,1.005035,1.006976,0.998114,1.047108,0.994358,0.997494,0.997263,0.982825,1.014691,1.021587,0.994309,1.077988,0.98844,0.986646,1.016581,1.003936,1.014036,1.003901,0.979015,0.992097,0.995068,0.996298,1.020494,1.002846,1.005523,0.999969,1.008575,1.012651,1.010463,1.008005,1.008188,0.994625,1.006396,0.997606,0.993463,0.998273,1.003133,1.0,0.997242,0.995132,0.977527,1.002888,0.998082,1.004947,1.003604,1.008742,0.983261,1.008517,0.97952,1.000654,0.998745,0.975541,1.005773,1.002985,1.006881,1.000867,0.982431,1.016232,0.992934,1.016763,0.991477,1.003457,0.97597,0.998157,1.006241,0.917985,1.00908,1.012753,1.009988,1.016683,1.003334,1.016678
2024-02-01,0.981889,0.980642,0.996847,0.997092,0.980016,0.983789,0.987639,0.974602,0.998856,1.00046,0.976101,0.976692,0.983297,1.052884,0.97758,0.98965,0.986588,0.990508,0.989472,0.983885,0.985398,0.983368,0.999644,0.997642,0.976264,0.980886,0.991637,0.976923,0.960567,1.007041,0.982081,0.99156,0.979424,0.990819,1.00314,0.968127,0.989826,0.986303,0.988725,0.995421,1.017038,0.926495,0.924997,0.992607,0.988407,0.982322,0.977591,1.003728,0.974696,1.002465,1.000819,0.989164,0.993155,0.992595,1.000977,0.994741,0.992169,1.009075,0.99345,0.985984,1.006554,0.978958,0.975204,0.985379,0.991597,0.992767,0.995663,0.973054,0.989035,1.002239,0.974563,0.974126,0.980135,0.978451,0.993574,1.002221,0.997778,0.961171,0.990083,0.963411,1.017331,1.00574,0.988839,0.977322,1.003899,0.995475,1.009127,0.989752,0.950381,0.997093,0.977556,0.98809,1.016143,0.988772,0.978216,0.958468,0.985964,0.997174,0.98027,0.997946,0.980544
2024-02-02,1.012379,1.013341,1.019404,1.011843,1.01932,1.016397,0.990073,1.016638,1.032775,1.014005,1.026289,1.016958,1.012354,0.994172,0.986475,1.000721,1.014535,1.013715,0.995908,0.998042,1.024575,1.031372,1.022803,1.004083,0.994384,0.99562,1.013815,1.009641,1.0,0.993949,1.00312,1.000254,1.021758,1.010515,1.020453,1.02213,1.002735,1.007095,1.02258,0.998722,1.001804,1.006417,1.007566,0.999583,1.020144,0.975527,1.017641,1.0065,1.002423,1.014833,0.996602,0.996387,1.025046,1.009436,1.022955,1.000838,1.034721,1.026022,1.018311,1.016873,1.006283,0.942729,1.011893,1.016534,1.03988,1.046365,0.995186,1.015594,1.019103,1.006027,1.002265,1.007316,1.02438,1.034288,1.01881,1.007755,1.012982,1.014916,1.026857,1.010921,0.950172,1.011523,1.003655,0.989669,1.014097,1.005699,1.019785,1.038395,1.024583,1.007877,1.008383,0.997315,0.991011,1.021892,1.003594,0.984352,1.01387,1.003306,0.971104,1.018517,0.995915
2024-02-05,1.015297,0.994595,1.006444,0.979212,1.0055,1.010909,1.01177,1.042116,0.995779,0.975402,1.078666,1.020275,1.015697,0.997951,0.997615,1.002342,1.000826,1.003911,1.000822,0.990724,1.02405,0.834885,0.982582,0.964905,1.014269,0.993266,1.007097,1.006554,1.0,0.988772,1.029414,0.997257,1.004895,1.000721,0.983945,1.002346,1.001695,0.994005,1.008345,0.984647,1.001029,1.005816,1.008643,1.010447,0.992113,0.993918,0.994061,0.982472,1.010618,0.999844,0.988949,1.005756,0.992785,0.996183,1.010932,0.991158,0.99664,0.999262,0.996545,1.004311,0.994778,1.009181,1.203176,0.989157,0.991371,1.000237,1.005183,1.018426,0.973222,0.994943,0.989682,1.013359,1.049709,1.00225,0.995748,0.986808,0.993152,1.042254,0.996784,1.00645,1.00411,0.997939,0.99593,1.01076,0.973759,0.989527,0.988359,1.007409,0.999258,0.995569,0.99497,0.996932,1.006093,0.996229,0.996068,0.998777,1.000469,0.991527,1.008824,1.007486,0.995898
2024-02-06,0.998351,1.009847,1.015355,0.995897,0.993002,0.993289,0.989947,0.980693,0.996225,0.979123,0.991269,1.015323,0.997723,0.986866,0.985659,0.988855,1.017861,0.993871,0.985013,0.981275,1.020026,0.951255,0.993737,0.995121,0.990914,0.994034,1.002368,1.008577,0.986648,0.991107,1.000591,0.983265,0.99793,0.995058,0.989919,0.993828,0.983289,1.000942,1.008569,0.996752,0.971216,1.009684,1.00913,0.987521,0.994149,0.984193,0.987244,1.003991,1.001595,1.000443,0.994828,0.998684,0.991741,0.984131,1.05774,0.989976,0.993257,0.991706,0.9627,0.979966,0.989958,0.997877,0.967199,0.977443,0.979691,0.998181,0.984187,0.986455,0.962511,0.995431,0.989773,1.004531,1.047944,1.005182,0.999708,0.986632,1.000759,0.982374,0.985375,0.985902,1.016515,1.002827,0.994838,0.990944,0.978587,0.991663,0.994391,0.97828,0.999638,1.001422,0.963546,0.998116,0.985752,0.993195,0.980472,0.981881,0.994228,0.982198,0.990643,0.994634,0.995881
2024-02-07,1.001533,1.008632,1.011853,1.021048,0.984771,0.96295,0.997679,0.963554,0.981675,1.011611,0.993189,0.983549,0.998592,1.009437,1.001516,1.000909,1.005501,1.006142,1.026678,0.997248,1.004107,0.955969,0.995838,0.989971,0.993419,1.014095,0.99948,0.992086,1.009493,1.018222,1.000131,1.007435,1.009682,1.027315,0.998005,1.009208,1.012631,1.008173,0.999056,1.013166,1.006351,1.003312,1.002923,1.005143,1.003126,1.003264,0.999945,0.999299,0.991727,1.014976,1.014506,1.003438,0.998334,1.037266,0.998343,1.01245,1.000505,1.008188,0.995384,0.998938,1.011412,1.002279,0.989791,1.011108,1.001974,1.005548,1.002445,0.999606,1.004645,0.989005,1.029394,0.990584,0.984005,0.990635,1.002925,1.035002,1.004741,1.308014,1.000327,1.035262,1.000486,1.000434,1.034158,0.992304,1.003275,1.048249,0.993232,1.014754,1.015699,0.993766,1.022313,0.996665,1.015329,1.013096,1.04918,1.0,1.004282,0.993233,0.991581,1.006818,1.006893
2024-02-08,1.009299,1.000581,1.009926,0.993947,1.005347,1.014346,1.015123,1.018227,0.93609,1.010174,1.008158,1.028144,1.016679,1.016013,1.004237,1.003814,1.017553,1.008528,0.987414,1.003496,1.002696,0.977229,1.001433,0.964881,0.997172,1.007174,1.012648,1.010531,0.995798,1.031047,0.998556,0.992415,0.993715,0.998489,1.004629,1.104286,1.003357,1.00523,1.006687,0.95754,1.018144,1.008734,1.009993,1.004338,1.018077,1.002376,1.001799,1.000936,1.012388,1.004324,0.999494,1.001885,1.000834,1.003056,1.028864,1.007378,1.016367,1.003062,1.009415,0.991628,0.99339,1.015767,1.032701,1.000853,0.991626,1.00465,0.998839,1.02111,1.002668,1.006152,1.0115,1.016644,1.027498,1.017086,1.000292,1.002182,1.001007,1.079104,0.9976,0.992623,1.012422,0.996207,0.996237,1.008725,0.993323,1.000349,0.9841,1.015925,0.985775,1.004845,1.013398,1.002526,1.017076,0.997159,1.009046,0.995262,1.009503,0.983455,1.003935,0.997468,0.999707
2024-02-09,0.999566,0.994245,0.998743,0.992234,1.004991,1.000016,0.979946,0.990698,0.996553,1.000103,0.995954,1.01408,1.010187,0.987259,0.998192,0.997105,1.035401,0.998112,1.001439,0.995416,0.995086,0.996228,1.00477,0.962436,1.010525,1.014067,1.006085,1.010767,1.003617,0.987245,1.012687,0.999689,0.996878,1.114989,0.970157,0.983572,0.998431,0.999666,1.003971,0.991669,0.998192,1.003681,1.002542,0.99581,1.00284,0.996703,1.003374,0.993455,1.015393,0.988668,0.989999,0.996409,0.997333,0.993211,1.014199,0.992792,0.994136,0.992098,1.016009,1.001876,0.988756,0.996269,1.000873,0.99318,0.995777,0.993253,0.99593,1.000145,0.998404,0.998623,0.999807,1.011412,0.993466,0.994969,1.01388,1.000363,0.996983,1.038559,0.973425,0.887571,1.015697,0.990319,1.01343,1.000641,0.999851,1.004601,0.970571,1.004566,0.997429,0.994746,1.010555,1.00907,1.001348,0.998635,1.004618,1.011526,0.987079,0.987382,0.997318,0.999942,1.01712
2024-02-12,1.006752,1.002814,0.995938,0.994485,1.008657,1.01843,1.010379,1.018482,0.987349,1.004131,1.027143,1.006809,1.005966,0.999904,0.99849,1.001996,0.978637,1.005055,1.022583,0.994474,0.984969,1.030255,0.990506,1.019879,0.998449,0.975944,0.998951,0.997774,1.003604,1.016516,0.980397,0.988233,0.988124,0.98055,0.989638,1.008009,1.003599,1.004238,1.001654,0.998238,0.997671,1.020378,1.021177,0.997974,0.998433,1.007133,1.01074,1.019059,1.007794,1.003308,1.002302,1.001201,0.995487,1.013092,1.00609,0.998829,1.008485,0.999171,0.991573,0.978732,0.986192,1.011236,0.995979,0.996781,1.000499,0.990838,1.002802,1.015551,1.005152,1.004995,1.007035,1.016925,1.035784,0.999657,0.964452,0.999637,0.99231,0.994696,1.001236,1.049528,1.019031,0.994178,1.007351,1.014407,0.999552,1.019639,1.001189,0.994098,0.999746,1.007829,1.021154,1.01367,0.996404,1.002532,0.988778,0.995294,1.002357,0.995239,0.994002,0.999469,0.97884
2024-02-13,0.997873,0.990998,0.994198,1.006439,0.988592,0.975495,1.008825,0.996695,1.01137,0.986268,0.987905,0.985632,0.999012,1.000621,1.016631,1.007244,1.008528,1.005707,0.998795,0.998703,1.014094,1.023218,1.001198,1.012836,1.01709,0.99946,0.998631,0.986337,0.997207,1.01271,1.006886,1.021244,1.01597,1.008303,1.01047,1.010465,1.007501,0.997409,1.00639,1.010588,1.018672,0.990081,0.990134,1.021808,1.006333,1.012882,0.999034,1.016624,0.998222,0.984313,1.006953,1.004457,1.002351,1.000453,0.996082,1.003681,1.034194,1.001813,0.999896,1.00451,1.000941,1.015556,1.001688,1.018622,1.01097,0.999123,1.01141,0.987421,1.017144,0.993818,1.025646,0.968522,1.001594,0.993141,1.017534,1.003628,0.998031,1.027482,1.009874,1.020031,1.013907,1.006961,0.981192,1.017832,1.020924,0.991629,1.010689,1.019586,0.992937,0.997349,0.971896,0.991872,0.998881,0.991782,1.008136,1.02215,0.99508,1.009567,1.017894,1.006026,1.013757
2024-02-14,0.987134,0.988726,1.001271,0.989425,0.987426,0.983738,1.005163,0.997848,0.986584,0.982531,0.978531,0.989447,0.987798,0.976735,0.974123,0.968896,0.988755,0.970453,0.979095,0.978487,0.97267,0.982344,0.998923,0.982164,0.971269,0.988029,0.988704,0.978526,0.992999,0.990943,0.990268,0.974011,0.978528,1.010705,0.988775,1.003836,0.967068,0.991761,1.011415,0.987643,0.975305,0.984132,0.9838,0.964624,0.978492,0.983076,0.986786,0.980241,0.971537,0.991521,0.991258,0.991296,0.994137,0.991993,1.007745,0.996379,0.980727,1.003815,0.99195,0.97932,0.982603,0.989643,0.981275,0.979182,0.992109,1.000718,0.966617,0.978471,0.960035,0.994031,0.97966,0.98274,0.998339,0.981354,0.98986,0.975054,0.994653,0.958483,0.991,0.969546,0.980013,0.993965,0.983241,0.972248,0.988289,0.985038,0.992949,0.977979,0.984896,0.998269,0.978153,0.97374,0.998474,0.992765,0.982706,0.972243,1.00269,1.000748,0.9861,0.993188,0.982262
2024-02-15,1.008716,0.99519,1.006521,1.006467,1.022519,1.004602,0.986874,1.04174,0.998589,1.000372,1.013876,1.008445,1.005866,0.994718,1.011603,1.010948,0.997518,1.009421,1.003695,1.023124,1.012371,0.98165,1.002875,1.004062,1.011833,1.003188,1.011103,1.028455,1.012893,0.99765,1.002722,1.014528,1.026746,1.009958,0.997053,1.014903,1.001861,1.007035,1.033364,0.993336,1.001566,1.005261,1.005512,0.998125,1.00179,1.004433,0.999292,1.023865,1.029516,1.007575,0.995335,1.010157,0.998989,1.005165,1.019301,0.98047,1.006654,1.010272,1.003692,0.992081,1.001077,1.007518,1.028601,0.99741,1.004226,1.003109,1.000357,1.007802,1.013756,1.044741,1.012667,1.023573,1.024567,1.005102,0.991947,1.005191,0.995905,1.049146,1.000336,1.01047,1.025993,1.008831,1.002131,1.005103,1.004444,0.995401,1.000592,0.992608,1.017954,0.999628,1.025486,1.006503,1.000174,1.018322,0.995307,1.014275,1.006345,1.000498,1.006012,0.996807,0.995066
2024-02-16,1.003463,0.998425,1.012441,1.0141,1.001429,0.976483,1.016337,0.989144,0.996553,1.005146,0.993099,1.002258,1.007729,1.009588,1.028373,1.014868,1.003304,1.016106,1.01125,1.022786,1.020081,1.023879,0.998328,0.994764,1.009252,1.007991,1.003226,1.009649,0.975736,1.002487,1.022846,0.94771,1.003911,1.007978,1.011167,0.995011,0.998691,1.003344,1.012765,1.004518,1.016158,0.978252,0.978279,1.019522,1.007956,1.015805,1.017977,0.996832,1.010881,0.995835,1.013998,1.021814,1.001855,1.024594,1.000621,1.011789,1.006169,1.013091,1.012805,1.002801,1.012428,1.01741,1.022714,0.999567,0.994307,1.005722,1.019881,0.992845,1.022496,1.02439,0.997367,0.984848,0.983194,0.987047,1.00203,1.014755,1.008867,1.008734,0.99731,1.014099,1.013252,1.004377,0.990964,1.025385,0.985548,1.035979,1.010645,1.008964,1.000547,1.000929,1.062212,1.017989,1.007622,1.001759,1.019137,1.025926,1.012322,1.010959,1.072326,1.004093,1.028659
2024-02-19,0.994945,0.99157,1.005097,1.003256,0.994536,0.925852,0.996302,0.98365,0.981423,0.987702,0.998292,0.984515,1.000141,0.992987,1.000587,0.997468,0.990983,0.994925,1.008495,0.993479,0.996409,0.996124,0.998923,0.986603,1.00638,0.996126,0.999282,0.992396,0.987362,1.006527,1.001101,0.989086,1.004177,0.992441,0.994803,1.004162,1.004524,0.997926,1.005325,0.975603,0.992562,0.984855,0.98424,0.997457,1.003517,0.99606,1.004121,0.987741,0.987144,0.995949,0.991325,0.99533,0.999832,1.006858,1.032041,1.002245,0.993518,0.993316,1.000548,1.005167,0.996459,0.988927,0.977873,0.987768,1.000249,1.009878,1.009688,0.993851,0.995809,0.983975,0.976049,0.980769,0.999381,0.986966,0.990826,1.003999,1.003185,0.961826,1.00753,0.99062,0.978908,0.991502,1.0,0.996441,0.994763,1.013243,0.992978,1.022415,0.998669,0.99282,0.997506,0.997947,1.001286,0.984195,1.009729,0.998556,0.991387,0.997536,0.997502,1.006321,1.0
2024-02-20,0.992999,0.995886,0.990197,1.023068,0.982327,0.991311,0.97273,0.952953,0.99933,1.006787,0.985665,0.984801,0.999671,0.99745,0.996187,0.994923,0.995701,1.005176,1.0,1.010392,0.97462,1.00727,1.013536,1.010184,1.001166,0.990685,1.002348,0.988506,0.996697,0.989754,0.995926,0.990851,0.99108,0.980645,1.000653,0.987282,1.008207,0.998107,0.99638,1.006426,1.00801,1.003104,1.00427,1.000208,1.000607,1.008977,0.977617,1.023213,0.985009,0.997385,1.008368,1.00391,1.022058,1.010032,0.966243,1.000472,0.994093,0.96501,1.002157,1.01681,1.016939,0.997819,0.996683,1.006247,1.001742,0.996713,0.986705,0.996857,0.992635,0.984896,0.997971,0.984105,0.956468,0.974306,1.014009,0.998914,1.006349,0.957447,0.999888,0.991376,0.995219,0.99967,1.002575,0.987267,1.008424,0.992931,0.996464,1.001872,1.000548,1.010224,0.969042,1.014715,0.99906,1.00223,1.00155,0.991564,0.987758,1.000247,0.997303,1.032284,0.990552
2024-02-21,1.001241,1.004186,0.996529,1.010545,0.994379,0.993744,1.008073,0.99155,0.999824,0.999045,1.009038,1.000734,0.99247,0.991149,0.992344,1.004556,1.010881,1.009197,1.021059,0.998376,1.010837,0.973469,1.008273,1.004561,0.982677,1.0304,0.996321,0.990083,1.004143,1.011008,1.009351,0.999748,1.011624,0.983827,1.01142,1.001527,1.007807,1.011044,1.003028,1.016102,1.012305,1.011533,1.010133,1.009752,1.004303,1.002966,0.979612,0.976415,0.988172,1.006858,1.005194,1.00651,1.008896,1.008028,0.987097,1.007731,1.01011,1.016159,1.004305,1.008334,1.000582,1.004663,0.992114,0.998802,1.005466,1.005888,1.001289,0.998486,1.008656,0.996905,1.019071,0.993491,0.971491,0.997326,1.001067,1.0029,1.011924,0.971795,1.010375,0.980385,1.000329,0.991537,1.016692,1.008651,1.010292,1.009268,1.005322,0.992661,1.008593,1.012342,1.005213,1.008234,1.001746,1.016913,0.997511,0.992222,1.005851,1.014815,1.017191,0.987718,1.020438
2024-02-22,1.024948,1.011244,1.009193,1.009757,1.028816,0.998236,1.032033,1.106945,1.006068,0.998884,1.03553,1.063098,1.0147,0.999653,0.997329,1.004354,1.042998,1.00992,1.00825,1.010302,1.015608,1.033763,1.008088,1.001434,0.996667,0.994241,1.01574,1.03562,1.001856,0.999352,0.999936,0.998573,1.008298,0.999721,0.990752,1.003144,1.011391,1.001581,1.017441,0.994262,0.996202,1.010289,1.010803,1.005666,1.019801,1.006415,1.025097,0.988728,1.030786,1.023275,1.011155,1.011996,0.99853,1.017226,1.031813,1.003134,1.011941,1.027252,1.006839,1.004472,0.990221,0.99884,1.038673,1.00567,1.010625,1.008898,1.004564,1.023547,0.992469,1.026371,0.998195,1.028438,1.164009,1.02635,0.996565,0.995663,1.000998,1.037379,1.006846,1.015136,1.018025,0.992462,1.007998,1.007797,0.993356,1.008185,0.975882,1.010417,1.013819,0.996952,1.013554,1.008228,1.008679,1.012693,1.009847,1.012984,1.025257,0.990998,1.013483,1.009845,0.999142
2024-02-23,0.999449,0.989966,1.007581,1.003697,1.016186,1.029522,1.006208,0.970637,1.014026,1.010212,1.002348,0.993463,1.002664,0.996675,1.009223,1.005058,0.898506,1.000184,1.006429,1.000537,1.005557,1.008148,1.002907,0.999761,1.007134,0.993673,1.004807,0.997105,1.005971,1.001297,0.995046,1.022086,1.004392,1.000929,1.006513,1.005888,0.997133,1.005214,1.010945,1.01058,1.007372,0.999794,0.999098,1.001485,1.00167,0.999104,1.008197,1.000233,1.002873,1.001773,1.008663,1.005025,1.000818,1.001186,0.99987,1.005199,1.008893,1.003944,1.006184,0.997977,1.007171,1.006825,0.99568,1.003795,1.005623,1.00147,1.008154,0.996818,1.001941,0.991656,1.005234,1.002288,1.003552,1.008468,1.008024,1.007623,1.002927,0.973718,1.004057,1.013882,1.001034,1.005361,0.99833,0.99706,1.006094,0.992344,1.012658,1.007583,1.007529,1.00483,0.972443,0.989482,1.001406,1.00943,0.992653,1.000242,0.999471,0.998281,1.009181,1.000855,0.991218
2024-02-26,0.995297,0.992549,1.004043,0.993554,1.000424,1.01272,1.0,0.997111,0.990283,0.988364,0.998514,1.009843,1.011186,0.998556,0.990861,0.99353,0.998229,0.990708,0.977933,0.989809,1.004631,0.977356,0.998841,1.006921,0.9924,1.008161,1.010055,1.025922,0.990585,0.990026,0.998642,0.996024,0.991373,0.999443,0.977569,1.002644,0.990389,0.997333,1.009392,0.991842,1.004037,0.954987,0.955613,0.997878,0.999032,0.992823,0.991439,1.0,1.006108,0.996152,0.993512,0.996576,0.991993,0.994146,1.003093,0.9955,0.994668,1.002302,0.997884,0.990673,0.976655,0.989038,0.995269,0.991791,0.989788,0.995288,0.989832,0.993176,0.971293,1.007009,0.989681,1.011272,1.003489,0.991246,0.992099,0.979107,0.99497,1.025686,0.987549,1.002874,1.013685,1.000111,0.985986,0.999379,0.978727,0.994546,0.988095,0.99122,0.997822,0.997383,1.038704,1.003727,0.996358,0.983379,0.992397,0.987427,1.001939,0.976144,1.005013,0.339485,1.003948
2024-02-27,1.000966,1.008114,1.001007,1.005982,1.001139,0.985744,1.008833,1.011306,0.972483,0.99446,0.993189,0.990146,1.004701,1.004288,1.019935,1.004884,0.99382,0.993189,0.999802,1.006322,1.006915,0.990979,1.003018,1.001896,1.017325,0.992795,0.999141,0.997037,0.99814,0.997907,0.985173,0.992979,1.012756,1.016159,1.002206,0.999435,1.001161,1.002491,0.99496,1.00096,1.009801,1.00973,1.009522,1.001512,1.010657,0.994929,1.004019,0.993952,1.008315,0.995338,1.001182,1.000491,0.993905,0.999685,0.991035,1.002913,1.017595,1.000506,0.988691,0.997817,1.002032,1.008604,1.011023,1.005228,1.004667,1.001475,0.997899,0.999853,1.007434,1.023858,1.005835,0.983942,0.995056,1.003695,0.999406,0.98933,0.994258,1.041171,0.997346,1.01399,1.008088,1.004443,0.998409,1.014752,1.00317,1.001137,1.013855,1.012254,1.004774,1.004332,1.001655,1.003895,0.977347,1.002573,1.00522,1.012977,0.996551,1.006047,1.012562,0.999832,0.99789
2024-02-28,0.997717,0.993375,0.994469,1.005444,1.000318,0.998787,1.006671,0.991798,0.996301,1.037926,0.99781,0.994746,1.000229,1.027805,1.000875,1.00162,1.005034,1.011392,1.008117,0.988153,1.005891,0.994276,1.004629,0.997161,1.005847,1.003853,1.004364,1.000902,0.994825,0.98584,1.001183,1.011507,1.003335,1.012612,0.998789,0.994629,1.012303,1.002229,1.01052,0.995618,1.0112,0.980942,0.981999,1.006064,1.005459,0.996922,1.002326,0.982682,0.984762,1.000336,1.003541,1.00507,1.000994,1.014388,0.990379,1.004763,1.014487,1.008636,1.004868,1.00082,0.994275,1.002603,0.993779,0.990899,1.0022,0.99349,1.00655,1.000589,0.990641,0.991374,0.992392,0.990419,0.986811,1.002693,0.99328,1.005578,1.004708,0.995516,1.002661,1.001496,0.984523,0.99447,0.987995,1.004591,1.005266,1.001069,1.007724,0.996381,1.01035,0.995019,1.011566,0.988481,0.970511,1.002764,0.996628,0.996374,1.008687,1.004257,0.998358,1.000503,1.002788
2024-02-29,1.00594,0.996307,0.989045,0.988255,0.991403,1.015331,1.006351,1.090574,0.986917,1.026321,1.02079,1.008585,1.006375,0.984155,1.006121,1.008088,0.992333,1.002075,0.996661,1.007993,1.013351,1.019387,0.996659,1.016607,0.999927,1.004463,0.994559,1.03019,1.00645,0.989094,0.997834,1.000658,0.98995,1.00704,1.012012,1.012221,1.018824,0.996136,1.008226,0.991747,1.008614,1.0171,1.015252,0.989496,1.007945,1.005871,0.998543,1.025244,1.005659,0.997439,0.998948,1.009112,0.993709,0.994725,0.994773,0.990196,1.007831,0.991459,0.990142,0.99836,1.0,1.005769,1.012623,1.007216,0.998048,0.991887,0.999884,1.01452,1.002725,1.010797,0.995975,1.015202,1.018658,1.0,0.989882,0.982249,0.993065,1.027027,0.994913,1.001494,1.012448,0.99722,1.02043,1.017212,1.006586,0.988523,0.998231,1.009773,0.996766,0.996947,0.999208,1.026313,0.990608,0.998819,1.003316,1.017952,0.989532,0.998005,1.015899,0.983059,1.001917
2024-03-01,1.008337,0.99397,1.016245,0.999831,1.01657,1.019008,0.999314,1.052511,1.023737,1.014583,1.00826,1.075879,1.001094,0.98174,0.995075,0.989303,1.008908,1.004302,1.002759,1.001982,1.008205,0.99738,0.999653,0.998833,0.993896,1.015106,1.007461,1.026099,1.00062,0.992873,1.005263,1.00767,1.010785,1.003316,0.989437,1.012073,0.990481,0.995242,1.011218,1.002913,1.000244,0.987838,0.990467,0.997558,1.010089,0.999698,1.017132,1.017886,1.005476,1.031898,1.004585,0.995862,0.991836,1.000869,1.037735,0.995843,1.016703,1.003939,0.994697,0.99042,1.002879,0.999857,1.02483,0.997178,0.998778,0.998506,1.005114,1.004497,1.000362,1.027234,0.980275,1.002969,1.040032,1.018804,0.995464,1.00113,0.999434,0.994019,0.998555,1.003315,1.033589,1.00145,0.981665,0.995358,0.994201,1.015526,1.002953,1.015498,1.010786,1.000429,1.003765,1.022232,0.991754,0.997201,0.998651,0.987131,1.00184,1.004498,0.990466,1.002559,1.012629
2024-03-04,0.997202,0.974619,0.989604,1.011971,1.007139,0.994763,1.00453,1.013423,0.996647,1.021759,0.996409,1.002208,0.996586,1.0027,1.02329,1.0,0.989048,1.024103,1.00059,1.009712,1.005792,0.951903,1.003931,0.977804,0.994297,0.977241,1.012996,0.992931,1.015083,1.000677,0.974282,0.990676,1.001251,1.015543,1.017169,1.012669,1.000689,1.010149,1.014876,0.99917,0.998536,0.9719,0.972364,1.010693,0.989387,1.002869,1.025824,1.040849,1.002836,1.00676,0.985936,1.007502,1.004704,1.014225,1.01299,1.01285,0.989415,0.982922,1.000722,0.988117,1.017464,1.002581,0.991818,0.995428,0.972345,0.977079,1.041166,0.998604,0.995653,0.994333,0.977032,1.00318,1.035951,1.002461,1.004739,0.973674,1.00447,0.9643,1.005343,0.99075,1.021277,1.001225,0.992486,1.017602,1.020042,1.013095,0.989399,0.96909,1.009213,0.999816,0.928445,1.008126,0.984352,1.001937,1.017223,1.030903,0.990712,1.002736,1.013622,1.00919,0.986017
2024-03-05,0.988898,0.971559,1.011918,0.987004,0.9822,0.959327,1.01025,0.99888,0.990193,0.996459,0.980516,0.957561,0.992189,1.002992,1.006828,1.007209,0.991001,0.990976,1.017675,1.002138,0.984881,1.006414,0.998848,1.005018,1.011545,0.996238,1.001014,0.949498,0.996336,0.997564,1.004769,1.006339,0.992974,0.992787,1.002921,0.995526,1.007902,0.995959,0.980436,1.010242,0.993159,0.99687,0.994901,0.996584,0.994952,0.990514,0.99425,0.946284,0.957092,0.966874,1.000813,1.010017,0.995151,1.011765,0.981459,1.000093,0.994713,0.99793,1.005499,0.990631,0.994592,1.00801,0.984002,1.01367,1.005286,0.990165,0.989893,0.970428,1.007822,0.971859,0.987643,0.953691,1.008529,0.972646,0.979863,1.007339,0.998496,0.990433,1.002879,0.97149,0.96932,1.001668,0.986589,1.006801,0.996774,0.983269,1.022024,1.120207,1.005106,1.015673,0.960668,0.989562,0.981904,1.000907,0.993692,1.012881,0.995901,1.000992,1.014155,1.012479,1.012265
2024-03-06,1.004376,0.994122,1.010605,1.007259,1.010481,0.996788,1.012581,1.026812,0.999783,1.002872,0.996497,1.005399,1.005755,0.999304,1.000848,0.998032,0.999353,1.004184,1.030104,1.018308,1.006296,0.983906,1.005189,1.00214,0.986769,1.006923,1.017488,1.016803,1.004494,1.008547,0.991577,0.999727,0.994143,0.975104,1.014888,1.007155,0.998713,1.000365,1.010389,0.995068,0.9877,0.990881,0.990427,0.996572,0.997331,1.015961,1.021933,1.031279,1.016491,1.002169,0.996062,1.005198,1.000504,1.005749,1.002804,1.003472,1.001246,1.008727,1.001333,1.011011,1.011229,1.008089,1.011974,0.998166,1.037807,1.00749,0.961068,0.998609,1.002347,0.998647,0.993083,1.001229,1.031827,1.011988,1.005924,1.042561,1.001569,1.098698,1.005741,0.997426,1.039889,1.002221,1.004714,1.0,1.008826,1.016415,1.000582,1.029422,1.011786,1.009162,0.976762,1.007208,0.998838,0.989358,1.01931,0.996301,1.003758,0.989591,1.009011,1.008827,1.010697
2024-03-07,1.011439,0.99929,0.997294,1.013239,1.015965,1.023845,0.998263,1.003561,0.986514,0.993787,1.019077,1.04223,1.022751,1.0101,1.005929,0.999104,1.014507,1.001566,0.998127,1.007506,1.013676,1.020519,1.011012,0.990273,1.014071,1.006697,1.015972,0.995556,0.994509,0.999462,1.007011,1.023702,1.004824,1.00109,1.004358,1.004372,1.007407,0.997552,1.043887,1.014181,0.980075,1.020217,1.022679,0.997074,0.997642,1.010524,1.001937,1.036846,0.998554,1.011645,0.99705,0.991241,0.998153,1.003624,1.0005,0.991949,1.002488,0.991391,0.993787,0.991343,0.995324,1.004645,1.032454,1.001081,1.002413,1.001939,1.005604,1.017533,1.012966,1.018103,1.005736,1.036461,1.044746,1.020219,1.000675,0.985289,1.00658,1.011468,1.004611,1.006538,1.046638,1.003213,0.992362,1.001322,1.00977,0.982799,0.992433,0.988475,1.010414,0.981902,1.011952,1.019782,1.013077,0.992191,1.005637,1.005802,0.992262,0.989982,0.998074,0.996533,1.00562
2024-03-08,0.991722,1.010237,0.990475,1.000331,0.977411,0.992177,0.995851,0.981124,1.003262,1.012602,0.991686,0.930143,0.999776,0.977639,0.999158,0.995335,1.002283,1.005314,1.009572,0.996362,0.996973,1.006312,0.999206,1.020125,0.996949,1.002306,0.923586,1.009457,1.01227,1.010363,1.003414,0.996749,0.998308,1.001271,1.004869,0.998821,0.98977,0.997363,1.008769,1.019821,1.003812,1.007764,1.007665,0.996293,0.991502,0.99082,0.996998,0.953413,1.003681,0.997886,1.004091,1.001863,1.001346,0.994111,0.976902,1.006768,1.000952,1.003679,1.004947,1.011972,0.999765,0.993695,0.987817,1.01382,1.007702,0.996048,1.010448,0.992863,1.027733,0.993936,1.009879,0.98646,0.944523,0.981491,0.999632,1.016051,0.998319,0.984127,1.012785,1.008718,0.970692,1.003644,1.001209,0.985042,0.996534,1.008417,1.008798,0.98939,0.999916,0.997567,0.981472,0.983055,0.995384,1.00771,1.003585,0.998154,1.006397,0.999494,1.001228,0.996024,1.009407
2024-03-11,0.998432,1.011832,1.004361,0.993634,0.986911,1.015824,1.00672,0.956604,1.005881,0.997299,0.980667,0.98808,0.985764,0.969772,1.008146,1.002524,1.004889,0.986892,1.010597,0.998261,0.987559,1.05099,1.000681,1.022546,1.008963,1.019912,0.984178,1.002358,1.014545,1.011589,1.014145,1.002539,0.996492,1.018038,1.00948,0.995461,1.020268,1.003525,0.991665,1.002662,1.000759,1.019444,1.01669,0.997855,0.995098,0.997709,0.978464,1.019545,0.99868,0.966952,1.01072,1.000372,1.012097,1.014982,0.963563,1.004274,0.995908,0.999787,1.007759,1.007655,1.004346,1.011139,0.955806,1.001597,1.019346,0.994089,0.998851,0.995815,1.001038,0.993568,1.019363,0.998759,0.979961,1.015211,1.010304,1.042248,1.007484,0.973502,1.018666,1.018133,1.003224,1.005722,1.011092,0.996725,1.011158,0.992316,1.007558,0.990278,1.003045,1.004695,1.013859,1.010969,1.026397,0.995657,1.005131,1.00601,1.001857,1.015692,1.00035,1.008982,1.005905
2024-03-12,1.014293,1.002779,1.007181,1.004742,1.019452,1.033404,1.013082,1.022027,1.004285,0.98757,1.019946,0.999041,1.011172,0.957141,1.00195,0.991189,0.999218,1.005369,1.000736,1.000697,1.006777,0.988097,1.007149,0.991847,1.013072,0.998004,1.031929,1.002026,0.997013,0.990387,0.999276,0.993601,1.001187,1.001336,0.99134,1.008664,1.006015,1.00505,1.005403,0.996814,0.991905,1.004894,1.006029,1.005231,1.008129,0.994208,1.031555,1.008471,1.018083,1.027712,1.009366,1.008232,1.004316,1.004239,1.028024,1.000368,1.009545,1.007908,0.99827,0.990884,1.002807,0.999721,1.033417,1.049654,1.008669,0.999104,1.001265,1.026599,0.987558,1.01689,0.991096,1.04337,1.071572,1.117498,0.998847,0.987311,1.002352,0.974359,1.002754,0.999168,1.011454,0.984136,1.003584,0.993279,0.993838,1.00534,0.992499,0.997025,0.996363,0.993445,0.998706,1.003502,1.000409,1.005243,1.016995,0.992877,1.011976,1.0,1.009108,1.012364,0.993579
2024-03-13,0.997627,0.987877,0.994141,0.995031,0.995374,0.990348,0.994729,0.960692,0.998011,0.991037,1.006642,0.973674,1.000719,0.989742,1.003337,1.002903,1.0,0.995661,0.967831,1.005396,1.012691,1.012555,1.004957,1.0022,1.002424,1.021996,0.996363,0.993673,1.000799,0.998272,1.013167,1.016638,1.00889,1.000356,1.005157,0.99774,1.003934,1.002585,1.016123,1.011454,1.026779,1.008237,1.009314,1.010639,1.011881,1.003013,0.994539,0.95557,0.988576,0.983539,0.989923,1.008112,1.010248,1.007254,1.003828,0.999287,1.01706,1.005794,0.961095,0.996515,0.992302,1.01367,0.991636,1.054194,1.006969,0.995924,1.026422,0.999567,1.04182,0.997333,1.011779,0.98394,0.988848,0.984162,1.004619,1.007497,1.002285,1.012146,1.006866,1.040313,0.977872,1.006782,0.99145,1.009474,1.008508,1.00591,0.999419,0.994629,0.99342,1.002505,0.954602,0.987872,0.997241,0.992316,0.983352,1.006017,1.004297,1.003239,1.003645,0.997883,1.011171
2024-03-14,0.999275,1.010927,1.00745,0.989098,0.998653,0.994595,1.004769,0.960316,0.983876,0.984383,1.012432,1.003498,0.989498,0.993419,0.989191,0.984986,1.003303,0.979189,0.996961,0.9884,1.001171,0.995308,0.990471,0.989372,0.991608,1.018971,0.996935,0.995536,0.993614,1.017848,1.011762,1.003643,0.991659,0.996089,0.995288,1.000544,1.001215,1.000145,0.97996,0.977219,0.978142,1.025361,1.023678,0.990569,0.990184,0.983077,0.983376,0.988897,0.992321,1.003447,0.988268,0.982182,0.989856,0.998,1.003813,1.002692,0.988764,1.008137,0.996005,0.992586,0.99189,0.989404,0.992453,0.990872,1.021453,0.986493,0.997202,1.02438,1.0,1.005841,0.989148,1.00336,0.967608,1.00008,0.996854,0.996811,0.995071,0.9772,0.985627,1.008807,0.995273,1.013251,1.000546,0.992105,0.991993,0.98594,0.989529,0.98584,0.985826,0.992504,0.958815,0.991082,1.002049,0.987202,0.994378,0.974235,1.004454,0.987829,0.992217,0.995757,1.017712
2024-03-15,0.991547,0.997803,0.981678,0.971729,0.990455,0.863283,1.005537,1.021384,0.990167,0.990712,0.975776,0.978792,0.990883,1.007618,0.992155,0.999265,0.972212,0.992235,0.997142,1.009108,1.01477,0.97862,1.001132,0.998832,0.972172,1.002171,0.991366,0.970361,0.982727,1.012824,0.999037,1.008311,0.984914,0.999018,0.996423,1.00163,0.991234,0.99931,1.012834,0.992993,1.033266,0.984966,0.986583,0.996397,0.994564,1.006825,0.987799,0.997427,0.962279,1.031147,0.993531,1.012396,0.989752,0.987952,0.991377,1.000115,1.000409,0.992388,0.990807,0.997041,0.990283,1.006815,0.984283,1.018231,0.990741,1.008381,0.991919,0.979305,1.00907,0.988369,0.993816,0.954355,0.998778,1.00008,0.999272,0.993246,0.999257,0.961523,1.003406,0.997619,0.992579,1.012751,0.983199,1.006607,0.99582,1.00944,1.002352,0.999452,0.998701,0.993553,1.006585,1.008064,1.003722,0.992156,0.996621,0.993625,0.988234,0.99296,1.00244,0.994428,0.998206
2024-03-18,1.008054,1.006372,1.003429,0.973591,0.994848,1.043455,0.987806,0.997854,1.00755,0.992754,1.000344,1.001408,1.01149,0.985263,1.016944,1.009741,1.010823,0.997171,0.985671,1.017705,1.014209,1.019026,0.997965,1.008183,1.005312,1.001833,1.008145,1.020997,1.006949,1.002196,0.9991,1.005008,1.0083,1.016972,1.002428,1.00425,0.999566,1.008684,1.006039,0.994165,1.003195,1.044383,1.046041,0.992665,0.996463,0.995296,1.003245,1.001642,1.007786,0.990764,0.991023,1.012401,1.004175,0.995472,1.011257,0.993988,0.994892,1.006431,0.997994,1.007915,1.001077,1.00221,1.026606,0.998095,1.014589,0.999342,0.995248,1.002161,1.001498,1.020648,0.990967,1.015983,1.007041,1.018002,1.040083,0.992126,0.998947,1.021711,1.011244,1.021957,0.998325,1.005703,1.009876,1.00537,1.004776,1.007826,1.014663,1.020521,0.992981,0.995921,1.062542,0.980814,0.992319,1.000942,0.989046,1.009268,1.007101,1.011142,1.004521,1.002966,1.009257
2024-03-19,1.005571,1.013585,1.006555,1.006403,1.014517,1.014265,1.001991,0.951587,1.003064,1.003675,1.008138,1.000622,1.003258,1.007229,1.000555,1.005461,1.015952,1.002562,1.004071,1.003923,1.005683,1.008103,1.005664,0.996985,1.004256,1.014635,1.000861,1.003128,0.997361,1.006317,1.007786,1.016091,1.009027,1.005797,1.002107,1.002071,1.013587,1.007565,1.020893,1.002048,1.016903,0.996228,0.995599,1.011161,1.020166,1.011588,1.008608,0.984547,1.006599,0.994677,0.996491,1.005865,1.001663,1.00133,1.013269,1.009211,1.018646,1.010671,1.0154,1.013182,1.005379,0.997932,0.998511,1.004962,1.002696,1.006258,1.00523,1.009801,1.018282,1.0038,1.012356,1.001508,1.010661,1.010876,1.003153,0.996753,1.003846,0.991667,0.996329,0.981006,0.983106,1.01498,1.006373,1.014095,1.01138,1.014149,0.992486,1.0037,1.004603,0.997456,0.985731,0.985521,1.012873,0.993248,1.009955,0.994113,1.008069,1.001002,0.986844,1.000164,1.007035
2024-03-20,1.009576,1.014709,0.981131,0.985331,1.006242,0.996067,1.016558,0.990685,1.004858,0.989829,1.012791,1.030686,1.028057,1.036657,1.019983,1.016474,1.020682,1.019432,1.001544,1.021577,1.007205,0.989015,0.995269,1.002559,1.035952,0.999099,1.011678,1.015359,1.008344,1.011786,0.986783,1.006488,0.991881,1.017029,1.002838,1.006559,1.013132,1.010189,1.00271,1.007765,1.032281,1.011898,1.01163,1.020095,1.013178,1.010752,1.003207,1.003567,1.008037,0.99959,0.997119,1.013107,1.008634,1.000129,1.000104,1.007365,1.015886,1.008347,1.005586,0.99474,0.999168,1.01326,1.018701,1.026491,1.003585,1.013502,1.033137,1.009065,1.015179,1.011196,1.003101,1.01403,1.010895,1.000387,1.000349,1.002533,1.000989,1.032353,0.985892,1.032376,1.021755,0.999895,1.011027,1.019312,1.000285,1.008436,1.00233,1.013376,0.995418,1.002613,1.025333,1.019309,1.001845,1.014833,1.010183,1.02937,1.006717,1.003753,1.005087,1.006243,0.999116
2024-03-21,1.000505,0.959143,1.006978,1.00009,0.906924,0.984802,1.008731,0.994158,1.014283,0.996455,1.0,1.056426,1.005309,0.999574,1.02068,1.020125,1.019371,1.029552,0.99441,1.019957,1.022752,0.997663,1.004754,0.995128,1.009946,1.013124,1.002484,1.007547,1.00666,0.99101,1.002006,1.009111,1.009655,1.002061,0.995284,1.005178,1.018693,0.995718,1.015581,0.98797,1.013302,0.99372,0.992336,1.043484,1.028069,1.000994,0.989379,1.005213,1.018197,1.004073,0.999936,1.013905,0.995391,0.99895,0.996636,1.006244,1.035879,1.001229,0.996766,1.004731,0.992504,0.998773,1.004431,0.99778,1.003572,0.998143,1.022441,1.009736,0.986495,0.992066,1.005485,1.007322,1.011762,0.99822,1.003433,0.998556,0.999197,0.996744,0.984622,1.016756,1.018966,0.99378,0.989849,1.03129,0.995301,1.002638,0.997095,0.998299,1.007034,0.998573,0.983832,1.015355,0.994861,1.007308,1.003619,1.02278,1.003768,1.010469,1.009599,1.003265,1.004425
2024-03-22,1.000634,1.00531,1.005352,0.99157,0.978176,0.977056,0.986694,1.005429,0.997184,0.99407,1.004042,1.004058,0.986208,1.006127,0.987737,0.985859,0.993673,0.979538,1.00659,0.991684,0.982307,0.986389,1.004844,0.996503,0.985892,0.996114,0.98955,0.99799,0.997995,1.002683,0.998709,1.003068,1.002715,0.992888,0.996314,0.998668,1.073513,0.99936,0.991565,0.993433,0.991709,1.020371,1.021477,0.983346,0.987551,0.996772,0.994476,1.003536,0.988408,1.005383,0.996661,0.987742,1.000331,1.00416,1.000454,1.006138,0.990421,0.985736,0.996826,1.002631,0.996044,0.991265,1.003584,0.989895,0.956174,1.001861,0.984475,0.998533,1.006845,1.008511,0.930966,1.001255,1.031213,0.990543,0.997507,0.989154,0.998764,0.987342,0.985683,0.979286,0.99561,1.013579,0.989636,0.996521,0.998569,0.974649,0.98951,0.99095,0.99822,0.998012,0.988485,0.999363,0.996705,0.987344,1.006116,0.980652,0.975514,0.995807,0.987554,0.990561,1.0
2024-03-25,0.996794,0.9917,1.000448,0.994935,0.989096,1.015435,1.002749,0.994322,1.016837,1.014368,1.004696,0.998604,1.00031,1.013556,0.994872,1.00124,1.00061,0.989549,1.006162,1.002137,0.993968,1.0,0.993722,0.99766,0.995679,1.02601,0.994774,0.994444,0.997991,1.006371,1.011703,0.997919,0.972527,1.03012,1.002431,0.993597,0.993845,0.992246,0.990522,0.999587,1.011379,0.995915,0.995357,0.995379,0.982653,0.988791,0.989258,0.982617,0.992777,0.994011,0.999936,0.990845,0.998512,0.997138,1.003283,1.000964,0.982592,0.988311,0.985812,0.978591,1.001926,1.006471,0.987127,0.981832,1.006515,1.011788,0.991191,0.986285,1.013435,0.999124,0.998828,1.000633,1.007562,0.986619,1.003372,1.002558,0.990907,1.013648,1.002971,1.01899,0.984832,1.000942,0.999559,0.996229,0.999427,0.994732,1.008245,1.023898,0.983656,1.003144,1.010537,0.99055,0.99145,0.995428,1.00192,0.999082,0.992763,1.012385,0.992998,0.995071,1.010221
2024-03-26,0.996354,0.993327,1.003697,1.013544,1.007699,1.000729,1.010445,0.995745,1.003383,0.992534,0.992154,0.985136,0.993054,0.979573,1.00624,1.001238,1.009413,1.004888,1.005742,1.011649,1.001236,0.990674,1.002933,0.996248,1.001992,0.998099,1.000027,0.999249,0.997383,1.004305,0.992331,1.001231,1.002663,1.004775,0.987663,1.001969,1.02272,0.997742,1.000346,0.997658,1.010333,1.003639,1.003998,1.003062,0.990665,1.012696,0.998464,1.003825,1.001502,1.015113,1.003543,1.004671,1.002318,1.001392,1.002276,0.999283,0.989843,1.001597,1.0,0.988567,1.005526,0.999453,0.985826,0.97892,0.996764,1.001676,1.001536,0.997139,0.981153,1.002837,0.98752,1.005073,0.974306,1.003093,1.000753,1.005833,1.002247,1.015504,0.991552,1.010152,0.997314,1.004496,0.996581,0.995374,0.992976,0.997418,1.003505,0.999884,0.991736,0.999907,1.029195,0.982792,1.013234,0.987041,0.918375,0.999541,0.997831,0.999511,0.999119,0.999009,0.992499
2024-03-27,1.006644,1.021213,1.006474,1.017758,1.013526,0.993696,1.012275,1.00967,1.016077,1.016899,1.008581,0.990417,1.014657,1.023733,1.019412,1.005653,1.003392,1.018191,1.013321,1.017678,1.023177,1.019521,1.011811,1.013889,1.026131,1.006747,1.001505,0.985449,1.00444,1.001387,1.006956,1.026649,1.001248,1.008755,1.025835,1.013399,0.996159,1.012754,1.037857,1.008286,1.013409,1.001582,1.001327,1.02233,1.015687,1.020547,1.012202,1.042391,1.013577,1.006212,1.014059,1.019363,1.008094,0.997177,1.004233,1.024193,1.007597,1.002412,1.012203,1.000857,1.038471,1.011771,0.995906,1.019098,1.012523,1.049634,1.024321,0.999478,1.038418,0.975033,1.016742,0.974864,0.975033,0.990512,1.004863,1.006887,1.012831,0.984733,1.020469,0.9985,1.01233,1.01447,1.012616,1.019437,1.025697,1.024291,1.021537,1.011759,1.018547,1.005649,1.012157,1.02954,1.001605,1.01637,1.024619,1.010797,0.994369,1.016891,1.016408,1.003471,1.01037
2024-03-28,1.000012,0.989441,1.009703,1.001586,1.01663,1.000397,0.99783,1.005011,0.993084,1.001064,1.003058,1.005065,0.999737,1.005418,1.002909,1.01212,0.987581,0.9983,1.018404,1.007809,1.004881,0.990188,1.001112,1.006501,1.030309,1.003469,1.000751,0.999336,1.002813,1.004155,1.00889,1.003911,1.003819,1.011407,1.006452,0.999736,1.006461,1.002093,0.974517,1.003287,1.017044,1.002106,1.000398,1.005876,0.994066,1.000585,1.000839,1.009139,1.001942,0.997476,1.001456,1.003909,1.002458,0.995903,0.999717,0.995819,1.005526,1.007574,0.999752,0.998573,1.002646,1.00257,0.983234,1.01415,0.999084,1.001518,1.007059,0.998315,1.001881,0.989895,0.998406,1.00448,1.001175,1.002714,1.008296,0.99892,0.997786,0.9388,0.993386,1.006309,1.001005,1.000821,0.998798,0.999447,1.009711,1.013996,1.002849,1.014542,1.003176,1.007469,0.977534,1.007751,1.003245,1.005314,1.008824,1.015909,1.000215,1.010111,1.006075,0.990942,1.011046
2024-03-29,0.99931,0.991544,0.992641,0.986187,0.978535,0.995026,0.99322,1.01579,0.995498,0.976821,1.003271,1.018749,0.999649,0.981916,0.989451,0.988546,0.983734,0.991688,0.977134,1.003479,0.992659,0.977704,0.989006,0.975317,0.975888,1.010999,0.984453,1.003586,1.002605,0.997492,1.008495,0.983931,0.992271,0.993217,0.993382,1.001058,0.966832,1.032072,0.797312,0.994949,1.001103,1.027847,1.030213,0.989993,0.959411,0.984214,0.994083,1.007924,0.984369,0.989426,0.997408,0.99321,0.991827,0.998019,0.977621,0.995427,0.978605,0.993417,0.993864,0.996571,0.998508,0.994333,1.011883,0.886396,0.99083,0.992725,0.993309,1.009151,0.991707,1.011493,0.98489,1.007831,1.000077,0.998965,0.988401,0.998919,0.989707,0.993481,0.998035,0.970742,1.014294,1.002358,1.001532,1.000415,0.991079,0.980766,0.994318,1.003442,0.993531,0.99663,0.996757,0.99403,0.989893,0.989306,0.993205,0.983221,0.997133,1.007626,0.993961,0.997175,1.006452
2024-04-01,0.993412,0.993001,0.999613,0.999376,0.99201,0.994264,1.004894,0.974692,0.975869,0.9957,0.998453,0.991483,0.990862,0.992296,0.994136,1.00158,0.999221,0.987687,0.995282,0.99023,1.002997,0.978427,1.0,0.988884,0.993875,1.015465,0.986218,1.005757,0.986411,0.927853,1.0044,0.999654,0.992534,1.010615,1.004892,0.997622,0.982722,0.996536,0.975119,0.98916,0.988767,0.995974,0.994019,0.991874,0.986333,0.991189,0.994996,0.986972,0.979292,0.968319,0.999683,0.999598,0.991266,0.995555,1.004484,1.000994,0.980624,1.002153,0.99115,0.992833,0.979085,0.993758,1.012252,0.987449,0.99329,0.995114,0.991233,0.992628,0.992111,0.999837,0.982606,0.985202,0.989918,0.990915,0.991097,0.993867,0.999938,0.993876,1.004156,0.99431,0.99604,1.008081,0.975636,0.987426,1.003376,0.977587,1.001143,0.991115,0.9898,0.996373,0.950976,0.983773,0.935552,0.996835,1.010364,0.983618,1.000575,1.006149,0.995487,0.986,1.019574
2024-04-02,1.000581,1.004797,0.981405,0.993394,0.987577,0.995593,0.99718,1.011584,0.993519,1.000676,1.009519,1.018263,1.004877,0.983408,1.003753,1.010692,1.018589,0.997808,0.989382,0.9817,1.030041,0.991619,0.989221,0.993303,0.992106,1.007347,0.992113,1.002434,0.987439,1.010566,1.004131,1.005025,0.993494,0.968735,0.994096,1.002384,1.011624,1.003958,1.067048,0.983354,1.006237,1.003208,1.002329,1.009387,0.99146,0.988713,1.010695,0.917843,0.994271,1.002772,0.978,0.997184,0.99468,1.002449,1.015747,0.988218,0.984659,0.995808,0.992079,0.981375,0.997653,1.004643,1.018839,1.00377,0.981132,0.996548,1.003128,0.997651,0.994752,1.025838,0.993183,1.002853,0.994545,1.015281,0.989734,0.988022,0.972473,0.99912,0.991069,1.010517,1.01678,0.989853,0.993281,0.99944,0.994954,0.998067,1.005137,0.995744,1.007768,1.00728,1.010502,0.999883,1.003492,0.995959,1.020919,0.997224,0.994685,1.007052,0.996164,1.004564,1.000168
2024-04-03,0.987065,0.995108,0.946822,0.989486,0.994553,0.980081,0.984833,0.917354,0.976933,0.989548,0.986788,0.966469,0.968936,0.991185,0.986111,0.984565,0.969593,0.972128,0.985052,0.987356,0.984034,0.983822,0.992054,0.989887,0.992043,1.000912,0.998852,0.965216,0.987074,0.990617,1.001558,1.00266,0.990014,0.984115,1.001563,0.995596,0.989299,1.005245,1.012155,0.981097,0.967014,0.97167,0.971663,0.98128,0.993832,0.990302,0.984494,0.985123,0.997239,0.988264,0.988591,0.986636,0.991142,0.988734,0.989807,1.013708,0.988824,0.983976,0.980221,1.003531,0.987294,0.994019,1.008249,0.971563,0.985992,0.982756,0.992258,0.993888,1.018865,0.979463,0.986051,0.997879,0.965615,0.983761,0.999823,0.97906,0.995517,0.990308,0.99011,0.987756,0.976137,1.018042,0.987824,0.99902,0.986898,0.98798,0.997729,0.981366,0.990642,0.989893,1.016213,0.989374,0.990516,0.99644,0.985092,0.995593,0.989313,0.990896,0.992123,1.001178,1.003521
2024-04-04,1.011891,1.004502,1.012507,1.009899,1.007656,0.995915,1.014226,1.027679,1.006938,0.999317,1.028167,1.016645,1.01307,0.999182,1.005146,0.999472,1.022706,1.006906,0.998444,1.011328,1.025717,0.986211,1.005492,0.994892,1.00978,1.013435,1.012541,1.026416,1.009146,1.009202,1.005663,1.013338,1.009839,1.011017,0.997815,1.01327,0.992777,1.006684,1.060452,1.000431,1.012592,1.013163,1.013087,1.00448,1.000531,1.005611,1.006385,0.974327,1.023275,1.024992,0.999279,1.0092,1.003541,1.016271,1.021,1.002951,1.005504,1.01571,0.987412,0.996775,1.007626,1.006427,1.032138,1.005412,1.002889,1.002585,1.002059,1.018283,1.007061,1.030852,0.997418,1.034255,1.024481,1.005717,0.996994,1.000375,1.004181,1.021352,0.993119,1.009452,1.010426,1.023965,0.991212,1.007568,0.998001,1.01487,0.991463,0.997387,1.01551,0.996906,0.963708,0.993888,1.000791,1.005484,1.009067,1.002563,1.01146,0.992226,1.012703,1.005882,1.013782
2024-04-05,0.99891,0.993336,0.998824,0.993885,0.996396,0.998268,1.001802,0.996949,0.997222,0.989693,1.000648,0.997514,1.007417,0.991373,1.010509,1.004935,0.999797,1.007222,0.995713,1.00211,0.98463,1.020786,0.998179,0.995355,1.002787,0.991762,0.997324,0.999404,0.993615,0.998123,0.997958,0.995661,0.999877,0.991299,1.004171,1.001135,1.007495,0.993055,1.001408,0.9977,1.002487,1.014291,1.01541,1.006053,1.01168,1.003094,1.003595,0.981142,1.015006,0.996241,0.99475,1.005217,0.995967,0.99348,0.991176,0.993412,1.013664,1.003563,1.003262,0.994264,0.980487,1.002446,0.984659,1.009887,1.007443,0.988827,1.008003,0.997814,1.010595,0.987786,1.013057,1.00268,0.990058,0.995596,1.002601,0.996999,0.999616,1.001742,1.009388,1.018266,1.012184,1.001868,1.003915,1.006677,1.002146,1.001399,0.990241,0.987949,0.998861,0.998697,1.048999,1.011701,1.000571,0.992893,0.991742,1.016035,1.002237,0.990741,1.006794,0.99883,0.993244
2024-04-08,1.0009,1.007243,1.002002,1.017372,1.007987,1.017077,0.970071,1.00518,1.004309,1.024441,1.002592,0.998488,0.980947,0.981053,1.006133,1.003157,0.994532,1.000722,1.009785,0.998866,0.995796,0.994177,0.999202,0.986244,0.997221,0.998716,1.009525,1.002121,1.036692,0.985492,1.004527,1.001777,1.022723,1.005283,1.010487,0.996337,1.002903,0.985365,0.98703,1.007491,1.008796,1.012809,1.011301,1.000414,0.99826,1.003287,0.997313,1.009215,0.998156,1.010415,1.004618,0.993299,1.007592,0.991921,0.974205,0.989367,1.00742,0.986029,1.007026,1.003846,1.010735,0.987802,0.995474,1.007397,1.003575,1.001185,1.009334,1.00398,1.008017,0.983753,1.011111,0.995698,0.979583,0.990993,1.006074,1.007524,1.003973,0.991739,1.008304,1.009949,1.011231,0.997252,0.999312,0.998756,1.007565,0.998869,0.97971,1.011373,1.017968,1.000622,1.022546,1.023604,1.008158,1.002081,1.003064,1.005032,0.996256,0.978672,0.996366,1.000167,1.005226
2024-04-09,0.992989,0.988861,0.993476,0.988705,0.969951,0.989179,0.997352,0.978686,0.985538,0.943727,1.001508,0.991222,0.990038,0.980406,0.971376,0.973427,1.001298,0.97481,0.974612,0.975997,1.000457,0.968283,0.987564,0.98929,0.975056,1.00431,1.005553,0.990905,0.984003,0.969875,1.004136,1.001191,0.984267,0.993388,0.980374,0.998512,0.978037,1.004155,1.013723,0.973978,0.982338,0.996965,0.997063,0.975774,0.969952,0.986089,0.982727,0.970519,0.975578,0.993605,0.986276,0.991479,0.986604,0.983731,1.00626,1.00925,0.970416,0.993667,0.997142,0.982611,0.982458,0.98669,1.005668,1.000216,0.989789,1.000316,0.974171,0.992915,0.979046,1.000615,0.978022,0.983342,1.019741,0.98799,0.99027,0.982823,1.003702,0.982902,0.985176,0.983284,0.973173,0.997638,0.986457,0.983675,0.988384,0.969106,0.989941,0.999942,0.97371,0.996149,0.971054,0.973827,0.978965,0.983637,0.978017,0.956532,0.991905,0.992165,0.988885,1.013882,1.008417
2024-04-10,1.010718,1.043271,0.991067,1.002519,1.002435,0.993966,0.984732,1.020103,1.013323,0.981754,1.016671,1.045441,1.002527,0.992727,0.991814,0.994432,1.014428,1.002948,0.976735,1.008807,0.999758,1.014,0.99353,1.010574,1.002858,1.000753,1.013521,0.998431,1.006503,0.980183,0.995205,1.002112,0.992394,0.999659,0.998742,0.995091,1.006955,0.991243,1.006832,1.00778,0.997724,1.019853,1.020943,0.991816,0.9909,1.006236,0.999247,1.011559,0.998966,1.009782,0.990613,0.999795,1.002206,1.005572,0.996863,1.00135,0.992748,0.998167,0.999814,1.0015,0.998057,0.987067,1.006406,1.005938,0.994002,0.995266,0.947518,1.011033,0.998906,1.016489,1.033708,1.002795,1.041097,1.012238,0.996508,1.00076,0.991096,1.018733,0.996768,0.998786,1.024991,0.994278,0.999418,0.993249,0.997277,1.009,0.98147,0.99831,1.001499,1.001933,1.016535,1.013498,0.981491,0.997087,1.011884,0.997383,1.004372,0.991115,0.995609,0.991257,0.996645
2024-04-11,0.985846,1.008627,0.96872,0.979004,0.969895,0.978958,0.993394,0.957654,0.989926,1.003135,0.984554,0.972231,1.0,0.978023,0.984594,0.994221,0.970843,0.971296,0.982899,0.983034,0.982929,0.977376,0.998256,0.980817,0.99487,0.98706,0.99858,0.983854,0.979003,0.984227,0.981901,0.962286,0.983402,0.973197,0.995907,0.992336,0.983908,1.001287,0.980657,0.991551,0.982664,0.990049,0.989461,0.979898,0.987046,0.996394,0.980473,0.948445,0.989486,0.980982,0.991464,0.935322,0.98696,0.98766,0.989534,0.995755,0.985601,0.993743,0.995421,0.998652,0.975173,0.988166,0.978477,0.979931,0.990828,0.99675,0.992515,0.985909,0.98655,0.990537,1.0,0.99659,0.973184,0.982717,0.998456,0.981777,0.996727,0.992557,0.993514,0.981611,0.978073,0.993253,0.988591,0.991645,0.987784,0.986041,0.993301,0.969591,0.983744,0.996017,0.979668,0.971554,0.994295,0.992547,0.972485,0.991889,1.001016,0.989044,0.996119,1.000832,0.988341
2024-04-12,0.987048,0.978137,0.996241,0.997984,0.993247,0.991584,0.99145,0.981872,0.993378,0.993973,0.986515,0.975165,1.000917,0.989797,1.004471,1.000727,0.986927,0.999463,1.004764,0.981233,0.995296,0.98618,1.003727,1.001524,0.996849,0.992759,0.982183,0.927222,0.994844,1.004662,0.991381,0.991265,0.998791,0.990703,0.991886,0.992099,0.996042,0.989162,0.993986,0.995299,0.990947,0.982034,0.981804,1.029243,0.985592,0.989192,0.994404,1.017372,0.985526,0.980665,1.000475,1.000547,0.997598,0.994055,0.998843,1.00595,0.991209,0.987988,0.995662,0.987704,1.001248,0.99002,0.977203,0.99989,0.997564,1.003579,1.009282,0.980422,0.994769,0.974825,1.011957,0.957201,0.975223,0.989844,0.993159,1.001933,1.000773,0.966034,0.997186,0.983279,0.991535,0.999201,1.002944,1.017136,0.995053,0.983288,0.995708,0.993318,0.986979,0.998563,0.944051,1.00012,1.01464,0.998038,0.999586,0.996633,0.983041,1.009819,1.008854,0.996508,0.994268
2024-04-15,0.998551,0.980833,1.005381,1.002939,1.002139,1.013019,1.010404,1.019586,1.00049,0.96682,0.998366,1.014016,0.999725,1.016267,0.964673,0.980214,0.994876,0.982542,0.994846,0.973702,0.988926,1.002608,1.0,0.992138,0.980098,0.994472,0.996784,1.016526,0.993367,1.001015,0.991687,0.997994,1.002837,1.008234,0.986614,0.997584,0.993252,1.001932,1.019909,0.993506,0.999297,0.997889,0.99703,0.989972,0.990827,0.98289,1.013793,0.998623,0.998971,1.003153,0.978725,0.988572,0.998624,1.002316,0.994632,1.002715,0.992783,1.000065,0.996995,1.00167,0.987785,0.992656,0.99906,0.997262,0.995116,0.991045,1.024715,1.002273,0.983267,1.01708,1.003115,1.012191,1.016442,1.006173,1.003294,0.991509,1.003216,0.999087,1.010158,0.99874,0.992581,1.008198,1.002935,1.025832,0.990934,0.985673,0.990764,0.989758,0.994049,0.999812,0.972938,1.007454,1.052196,0.988544,0.986469,0.989382,1.000258,0.991523,0.99017,0.998498,0.991728
2024-04-16,0.994036,0.991853,1.01052,0.969691,1.001911,0.996283,0.983336,0.942249,0.99409,0.998897,0.988872,0.965066,0.996931,0.998006,1.015859,1.008519,0.993119,1.005496,0.991297,1.020168,0.995665,1.001786,1.006731,0.996677,1.002639,0.990736,0.998911,0.996071,0.997287,0.993771,1.000768,1.009847,0.996047,0.991746,1.017551,0.984931,0.992942,0.997056,0.993047,0.994354,0.995312,1.005641,1.00693,1.017764,0.994027,0.998112,0.996463,0.984004,1.002813,0.98843,1.002215,0.996018,1.007751,1.002266,1.005397,1.00383,1.002233,1.000739,1.017029,1.008033,0.997855,0.999855,0.988815,0.999012,1.008589,1.002479,1.010545,0.993391,1.033874,0.993798,1.015526,0.988815,0.961334,0.983834,1.011821,0.98949,1.006476,0.973949,1.012067,0.99732,0.97473,0.999107,1.009248,0.992199,1.029954,1.004204,1.001865,1.007041,0.986836,1.001877,0.989434,0.988722,1.02154,0.991222,0.995521,0.963902,1.004938,1.000251,1.01365,0.996825,0.999494
2024-04-17,0.997944,0.994286,1.002496,0.994051,1.004642,0.997323,1.005649,1.006882,0.995001,0.99407,0.988636,0.981569,0.999219,1.000118,1.015328,1.014506,0.996002,0.99139,1.009615,1.002579,0.998912,1.007286,0.999539,1.016158,1.035534,0.995948,0.994491,0.984076,1.006696,1.011516,1.007481,1.009373,0.987343,0.995484,1.015132,0.995447,1.00114,1.002848,0.982463,0.988495,0.999529,1.003697,1.003473,0.998019,1.00018,1.003782,0.991098,0.982063,0.992123,0.995884,1.0067,1.006497,1.006836,0.999194,0.99358,1.000088,0.999694,0.988135,1.003816,1.009923,1.001391,1.014945,1.01544,1.005717,1.004866,0.998883,1.001998,0.981619,1.003449,0.9949,1.00949,0.993088,1.007568,0.977501,1.016462,0.99882,1.002102,0.991553,1.006845,0.981663,0.982473,0.999603,1.010904,1.005931,1.011032,0.995956,1.013027,1.012829,0.989529,1.004747,0.96449,0.987749,1.029625,1.00253,1.003445,0.997976,0.995159,1.008798,1.027282,0.993462,0.999073
2024-04-18,0.987405,0.987787,1.010628,1.019094,1.002785,0.982755,1.016989,0.945576,1.02352,1.001754,0.974389,0.956886,1.062253,0.997591,1.033548,1.018824,0.995534,1.003586,1.013043,1.01406,0.990864,1.020392,1.004844,1.015649,1.009038,1.012284,0.997554,0.9943,1.004365,1.005188,1.015422,0.999301,0.996404,1.001601,1.02408,0.993322,1.013745,1.011743,0.968092,1.009069,0.998351,0.98895,0.987693,1.002208,1.00742,1.016642,1.000606,0.976027,0.994724,0.98312,1.01489,1.025103,1.021389,0.999709,0.973671,1.017058,1.006338,1.001517,1.003727,1.013994,1.003662,1.016583,0.958689,1.008636,1.019128,1.004392,1.004432,0.987261,1.004531,0.909067,0.987362,0.97614,0.899954,0.990345,1.010797,1.024025,1.005404,0.968765,1.02818,1.003382,0.9764,1.00844,1.005278,1.006719,1.022389,1.000499,1.011023,1.010325,1.00602,1.009201,0.980791,0.975622,1.01612,1.009878,1.00021,1.025609,0.994141,1.008971,1.027409,1.004556,1.011475
2024-04-19,1.009337,1.005091,1.008894,0.998043,1.001704,1.004021,1.009834,1.013639,1.011081,1.005838,1.014889,1.016394,1.008483,1.003886,1.020557,1.015456,1.014109,1.013507,1.004292,1.030605,1.008318,0.99951,1.013773,1.008201,1.030369,0.999614,1.008386,1.012723,0.996275,0.99828,1.012,0.998226,1.00242,0.994494,0.998779,1.00046,1.011836,1.00932,1.014386,1.002846,1.019825,1.014321,1.014212,1.033045,1.002236,1.006795,1.001762,1.00614,1.007601,1.00707,1.008181,1.019429,1.006315,1.001501,1.006912,0.994524,1.0043,1.002986,1.013199,1.019087,1.013714,1.011953,1.001372,1.003793,1.011404,1.009222,1.015773,1.00461,1.015708,0.999207,0.996403,1.011262,1.043543,0.996953,1.013381,1.01,1.015176,1.024426,1.003093,1.014123,1.016177,1.0,1.006506,1.011441,1.011504,1.014027,0.987886,0.992929,1.006608,1.000185,0.965998,1.023484,0.980245,1.010298,1.018141,1.014833,1.009452,0.953322,1.012428,1.010247,1.005672
2024-04-22,1.013089,1.006392,1.009828,1.004857,0.998141,1.012872,0.9996,1.024421,1.005995,1.010911,1.013034,1.020197,1.025579,0.992374,1.016963,1.004899,1.0205,1.008565,0.996947,1.02822,1.015771,1.00464,1.00283,0.994824,1.004414,1.003943,1.010091,1.010482,1.003739,0.983771,1.005744,0.993994,1.072137,1.015359,1.000815,1.010494,1.005923,1.00484,1.082762,1.001195,1.04374,1.012472,1.01267,1.015934,1.008598,1.002966,1.001594,0.996222,1.03462,1.022091,1.002951,1.014413,1.001486,0.995727,1.019635,0.99729,1.010077,1.01329,1.004717,1.019306,1.008936,1.003613,1.02983,1.004103,1.007047,0.999527,1.018134,1.016485,1.013627,1.041742,0.998195,1.026318,1.036533,1.00489,0.970305,1.002285,1.00598,1.03195,1.038273,1.019623,1.007304,0.998228,0.996484,1.013062,1.0037,1.00962,1.011649,0.99641,1.047795,1.005482,1.018515,1.012482,0.98972,1.007762,1.024147,0.998051,1.006536,1.028497,0.997381,0.982541,1.003898
2024-04-23,0.999575,1.012702,0.989737,0.993494,0.989616,1.008924,1.000534,0.996519,0.998062,0.995235,0.983569,1.006108,1.00067,0.971332,0.998697,1.008879,0.99534,0.995017,0.997346,0.996809,1.000743,0.993954,1.003274,0.996283,1.006558,0.995687,1.001674,0.998229,1.000621,0.989343,1.004421,0.99348,0.989333,1.001847,1.007739,0.998634,0.979098,0.960338,0.978908,1.000746,0.999557,1.007379,1.005497,0.997736,0.98233,0.993016,1.010484,1.006418,1.007307,0.99451,0.993113,1.004892,1.015007,0.998337,0.981909,0.997957,0.985999,0.999309,0.99953,1.007915,0.988806,1.006923,0.994759,0.989462,1.001166,1.000946,1.00096,1.003656,1.005438,0.960831,1.006594,1.007207,0.966684,1.002172,1.036152,0.9981,1.006811,0.997689,1.013926,1.006363,1.014131,0.996449,1.010015,0.999468,1.00901,0.993254,1.018788,0.992973,1.004873,1.005697,1.120611,1.056445,1.002304,0.98176,0.984886,1.015621,1.00332,0.99471,0.994421,1.0132,1.000165
2024-04-24,0.993235,1.005147,0.996961,0.999719,0.98552,0.992287,0.995465,1.013312,0.986704,0.997404,0.983465,1.029917,0.991552,1.015092,0.989301,0.986713,0.995724,0.993249,0.914859,0.989115,0.929798,0.978844,1.004726,0.941806,0.98052,1.00642,0.997196,0.988957,0.994829,0.993507,1.010454,0.998581,0.98159,0.989905,1.000707,0.999818,0.997933,1.013482,1.013003,0.973017,1.011979,0.980447,0.980331,0.992932,0.996907,0.990913,0.91749,1.017681,0.98568,0.99496,0.988487,1.001502,1.003087,0.998897,0.989989,1.012284,0.998567,0.999157,0.995845,0.992848,0.985942,0.988724,0.894387,0.993371,1.014445,1.029291,0.986255,0.975505,1.005108,1.017438,0.992604,0.959748,1.037087,0.996098,0.995885,0.961553,0.999692,1.005558,0.97041,0.988587,0.997983,1.00683,0.989746,0.99601,1.006224,0.99944,0.986318,0.994557,0.990197,0.999208,1.049652,1.002517,1.013462,1.049875,1.005252,0.9851,1.000509,0.993163,0.988944,1.005679,1.002313
2024-04-25,1.01423,0.996527,0.954151,1.00627,0.996796,1.008702,0.99866,1.023673,1.002227,0.993002,1.03426,1.038357,0.993842,1.002458,0.99789,1.002448,1.005311,1.006903,1.003356,1.01408,1.015917,0.982671,1.019263,1.018484,1.001644,1.000999,1.01014,1.00421,0.99501,0.997772,1.003691,0.998147,1.003173,0.999645,0.986671,1.002646,1.001205,0.99828,1.006759,1.002298,1.004822,1.099652,1.102244,1.017903,1.009368,1.002228,0.989462,0.908003,1.01622,1.005923,0.995368,1.000621,1.0,0.998535,1.011919,0.992491,0.999609,1.000671,0.990893,0.997316,1.006183,0.979416,1.004327,1.004595,0.996325,1.003672,1.002917,1.018244,0.986398,0.993679,1.001916,1.010192,1.061756,1.020193,0.993774,1.005542,0.992249,1.03731,0.988865,1.029017,1.014452,0.99705,1.004668,1.001335,0.984402,0.997408,1.010253,1.001824,1.003271,0.999451,0.988894,1.012725,1.003017,0.996879,1.001357,1.003172,0.997674,1.011729,0.999666,0.99917,0.972225
2024-04-26,1.002324,1.024808,1.011903,0.997582,0.984254,0.990598,1.016235,1.017789,1.023705,1.019221,1.00746,0.995945,1.01392,1.037496,0.992598,1.000174,0.998216,0.997903,0.995318,0.993616,1.018696,1.020227,0.994286,1.00726,0.995144,0.999846,0.996092,1.005286,0.998328,1.004019,1.002652,1.019398,1.000973,0.994234,1.010439,0.998817,1.000075,1.011884,1.013181,1.007949,1.004363,0.966665,0.966269,1.007578,1.005103,1.001654,1.001795,0.983689,1.002891,0.996829,1.004653,0.998915,1.004859,1.004265,1.005031,1.013571,1.004655,0.988495,1.001684,1.017278,1.014046,1.018177,0.97593,1.003594,1.010143,0.991768,0.992244,0.989983,1.02167,0.9969,0.999363,0.996697,1.000251,0.993857,1.003189,1.009449,1.002294,1.013766,1.006104,1.015616,1.021369,1.010157,1.000907,0.994266,1.016118,1.01735,1.016119,0.993869,1.005736,1.001769,1.153069,1.010198,0.987241,0.992421,1.006505,1.004134,0.990238,1.010333,0.998164,1.00133,1.014242
2024-04-29,0.984319,0.981729,1.006934,0.987881,0.992578,0.978354,0.994323,0.988639,0.991172,0.980399,0.967065,0.971351,0.979533,0.967433,0.985619,0.985348,0.982141,0.991278,0.984319,0.985063,0.956461,0.985294,1.015803,0.980952,0.985773,0.964675,0.995278,0.975339,0.983257,1.003855,0.969579,0.976182,0.99919,0.991256,0.99524,0.981961,0.984654,0.997568,0.983768,0.988778,0.967202,0.980584,0.979717,0.990483,0.99234,0.994633,0.992654,0.97162,0.979997,0.990592,0.984811,0.992032,0.995648,0.990765,1.05955,0.994396,0.987226,0.987093,0.998136,1.001531,0.992332,0.991353,0.994337,1.047201,0.999772,0.993083,0.986212,0.967881,0.993325,0.984182,0.980863,0.961409,0.98456,0.976479,0.998694,0.99922,1.009526,0.96233,0.993096,1.013883,0.980201,0.991019,1.001811,0.991819,0.988036,0.97031,0.992362,0.983204,0.985838,0.999513,0.944499,0.983992,0.989101,0.984271,0.992797,0.984016,0.988118,0.985034,0.991973,0.985226,0.988549
2024-04-30,0.997087,0.993953,0.994343,1.00302,0.992523,1.014174,1.006639,0.91091,1.012521,1.030776,1.022857,0.955848,0.989019,1.021568,0.998379,0.999469,0.989458,0.995945,1.006145,1.000326,0.989539,1.014691,0.999782,1.002362,0.98752,0.989811,0.999059,0.99907,0.99702,0.831635,0.989831,0.99001,1.001095,0.994419,1.015469,0.98766,0.995989,0.998049,0.986899,1.004755,0.998653,1.005649,1.006635,1.000562,0.993268,1.013335,0.98935,0.996718,0.983345,1.002914,1.045577,1.000626,1.00259,1.003765,0.994431,0.993117,0.997939,0.979765,1.005091,0.982624,1.008101,1.011255,1.020968,1.019998,1.000228,0.99675,1.007706,1.014409,1.024489,1.001943,0.979189,0.988865,0.9611,1.007736,0.99568,1.06089,1.001225,1.006827,1.011692,0.973793,0.989509,0.997045,0.841225,1.008384,1.013878,0.997509,1.001776,0.971736,1.011025,1.007919,0.982049,0.993085,1.000848,0.990724,0.989422,1.010337,0.995197,0.992656,1.003372,0.991575,0.98106
2024-05-01,1.010236,1.022032,0.994373,0.996519,1.005625,1.015296,1.030207,1.0131,1.003677,1.015834,1.031955,0.996548,1.004493,1.0431,0.998106,1.00248,1.016767,1.007211,0.988464,1.003097,1.0132,1.008856,1.01099,1.004188,1.0012,0.983191,1.014151,1.012803,0.998933,0.9794,1.006891,1.021832,0.999797,1.01937,0.99529,0.999624,1.004986,1.002897,1.01841,0.997252,1.004497,1.017455,1.016844,1.013163,1.010724,0.9915,1.001581,1.00461,0.998114,1.016008,0.991666,0.998958,1.000969,0.948037,0.97317,1.003184,1.009054,0.997806,0.995809,0.997312,1.000371,0.977184,1.00567,0.983442,1.003651,0.995807,1.012126,1.007343,1.003498,1.024361,1.022913,1.014746,1.033429,1.002879,1.001713,1.019132,1.002693,1.019439,1.013118,1.0127,1.097435,1.006619,1.006582,1.010192,1.01087,1.008418,0.99409,1.010804,0.993496,0.996616,1.000111,1.003425,1.018302,1.011619,1.008909,0.998051,1.001085,0.993112,1.005208,1.014613,1.00181
2024-05-02,1.014788,1.059816,1.018531,0.999811,1.011221,1.020165,1.004866,1.030378,1.11818,1.01169,1.008066,1.031924,0.992559,1.005256,1.010033,1.007067,1.030081,1.009128,1.006636,0.999675,1.003905,1.015,0.999677,1.008603,1.004231,0.999836,1.015646,1.005622,1.007053,1.013599,0.997014,1.012628,1.006239,1.009235,1.009566,1.001222,0.994733,1.002714,1.009038,0.991581,1.004253,1.003146,1.003721,1.012969,1.021816,1.011206,1.006193,1.012783,1.024803,1.009824,0.995664,0.994,1.002904,1.009485,0.972298,0.997215,1.011107,1.005622,0.989169,0.991348,1.009516,1.003986,1.023275,1.003512,0.991132,0.994153,1.010685,1.02217,1.018736,1.025108,0.997186,1.030084,1.034632,1.007307,1.00399,1.003971,1.003784,1.03459,1.000925,0.98089,0.997446,0.995191,0.975711,1.009425,1.006903,1.011106,1.001784,0.999494,1.001978,0.99812,1.006555,1.017691,0.998945,1.011233,0.994634,1.01074,1.003288,0.998973,1.001839,1.001842,0.997935
2024-05-03,1.010939,0.990893,0.993528,0.997545,1.007738,1.015241,1.018986,1.034396,0.962061,0.983218,1.013372,1.025193,1.015427,0.991991,1.011812,1.008421,1.005879,1.014046,0.997954,1.020969,1.015887,1.020833,1.00323,0.994831,1.00646,1.010799,1.016871,1.007199,0.999788,1.001252,1.012793,1.002195,0.996054,1.024723,1.001596,0.997184,0.998619,1.011245,1.023521,1.011732,1.004458,1.004971,1.005142,1.012529,0.998367,0.995863,1.0175,1.002265,1.008534,1.004432,0.995378,1.007821,1.002895,1.007129,1.043145,1.001883,0.998148,1.013053,0.996227,1.000572,1.000857,1.009501,1.030357,0.994236,0.997706,1.000471,1.012281,1.016918,1.015825,1.030431,1.013131,1.013828,1.037741,1.021934,0.998127,1.012585,0.999878,1.080583,1.000513,0.99863,1.012302,1.00503,0.997128,1.010784,0.99499,1.010565,1.008309,1.001962,1.002044,0.986452,1.019703,1.015427,1.003919,0.995216,1.001639,1.009901,1.015569,1.011314,1.004171,1.000836,1.006466
2024-05-06,1.000268,1.003797,0.998894,1.005017,1.01503,0.997326,1.003876,0.991334,1.002738,1.014494,1.000318,0.994505,1.001408,0.990805,1.00398,0.998608,1.001945,1.008107,1.003189,0.987104,1.008477,0.987218,1.009659,1.0,0.994628,0.999919,1.019644,1.005623,1.003609,0.995891,1.00228,1.009282,1.005497,0.904868,1.018323,1.010919,0.99685,1.00683,1.004822,0.998779,1.004882,1.018548,1.018739,1.000293,0.995326,1.009487,0.998636,0.990636,1.010258,1.01462,1.000942,0.998698,1.00433,1.007923,1.014465,1.008427,0.998964,1.008211,0.993316,1.013728,1.001712,1.000983,1.005497,0.989129,1.008278,1.022027,1.01055,0.989844,1.009825,1.015126,1.004499,0.981791,0.982787,0.996535,1.012513,0.986151,1.008027,0.848869,1.000821,1.004725,0.990652,1.012953,0.994513,0.982826,1.01961,1.024301,1.005297,1.013009,0.998814,0.998891,0.962384,1.005504,1.01331,1.013252,1.002864,0.994261,1.0139,0.999491,1.001163,1.012527,0.995032
2024-05-07,1.000689,1.001864,0.987081,0.988415,1.004281,0.991529,0.995142,0.994755,1.023343,1.000276,0.995974,1.017082,1.006733,1.020599,0.996564,1.001916,1.015141,0.996683,0.991599,1.012097,0.998551,1.017836,0.993516,1.014549,1.001894,0.996115,0.989758,1.006458,1.015228,0.985109,0.999201,0.99963,1.003176,1.000474,1.001173,1.048883,0.994373,0.997853,1.000474,0.991751,0.99492,0.989479,0.98908,1.007098,0.99454,1.006096,1.009027,0.977836,0.986399,0.978695,1.001547,1.020339,1.003673,0.994674,0.996439,0.998886,1.002635,1.003774,1.003701,0.993511,0.995726,1.005613,1.009311,1.008478,1.010034,0.993634,0.998434,1.002932,1.012509,1.005726,0.997974,1.010794,0.998432,0.995421,0.996573,1.018005,0.995837,1.007477,1.007382,0.967992,1.00222,1.006878,1.013793,1.011385,1.008837,0.999527,1.001756,0.994888,1.001344,1.003946,0.982622,1.007007,1.004491,1.014523,1.004623,1.002646,1.002641,1.004325,1.016097,0.994721,0.999828
2024-05-08,1.003473,1.010014,0.999688,0.997427,0.982756,0.988834,0.999875,0.991993,1.01806,1.027795,1.007979,0.985136,1.012276,1.00499,1.015115,1.014606,1.032795,1.013876,1.024502,1.009084,1.021132,0.967556,1.006526,0.98694,0.99762,1.002682,1.020474,0.986378,0.995625,1.014023,1.017903,1.00883,1.007534,1.003414,1.006251,1.026099,1.015697,1.011034,0.991946,0.994763,1.006881,1.002454,1.003424,1.019264,1.025411,1.013027,0.978634,1.003,0.991193,1.013355,1.006042,1.009456,1.000477,1.005027,0.995548,1.004784,1.017495,1.001583,0.997989,0.996734,1.014838,1.01228,1.005967,1.010171,1.009483,1.005249,1.025826,1.004336,1.023747,1.004299,0.997863,1.002649,0.981584,0.993611,1.003664,0.996816,1.005876,0.980519,1.012316,1.01003,0.999945,1.017318,1.02966,0.987435,1.007987,1.008453,1.004091,1.029638,1.007479,1.011362,0.984261,1.007448,1.007591,1.002887,1.001963,0.996402,1.00487,1.007852,1.000817,1.002322,1.019716
2024-05-09,1.001345,0.991765,1.002182,1.000669,0.999087,0.999254,1.002879,0.996916,0.991338,0.989913,0.98934,1.020779,1.013214,0.984883,1.004441,1.001542,1.006804,1.009555,1.00447,1.003316,1.008556,1.044027,1.010842,1.019979,1.000491,0.988006,1.010462,1.005451,1.00565,1.002514,1.002236,0.997286,1.007756,0.999905,0.996603,0.999654,1.014004,1.001588,0.975403,1.021369,0.996693,0.992482,0.992292,0.998178,0.997093,1.011414,1.005293,0.992024,1.008694,1.003243,1.0004,1.00643,1.006043,1.010538,0.98503,1.001046,0.995342,1.003271,1.026311,1.014245,1.000967,1.002619,1.001641,1.016439,1.00425,0.998695,1.001733,1.005869,0.989407,0.998007,0.973766,1.009475,1.012744,1.000257,1.009716,0.993967,1.004878,0.974456,1.002011,0.976416,1.00853,1.005485,1.005682,1.008881,0.998594,0.990545,0.999418,0.992758,1.026128,0.997085,0.979648,1.009335,1.0114,1.003203,0.99534,1.007463,1.007898,1.01533,1.009954,1.000662,0.995947
2024-05-10,1.000915,1.017645,1.003297,1.000286,1.003526,1.0017,0.986019,0.991048,0.994519,1.002764,0.995146,1.003534,0.984936,0.999608,0.993758,0.989904,0.984037,0.992042,1.00267,0.997954,1.005327,0.996734,0.99327,1.009921,0.997475,0.997375,0.984705,1.003072,1.012901,1.011645,0.99222,1.000245,0.993014,1.000378,1.002143,0.993682,1.004365,0.990184,0.976252,1.023954,0.999115,1.003582,1.002905,0.997427,0.98421,1.004337,1.002453,1.022111,0.991903,0.98495,1.008739,0.999799,1.005058,1.000898,0.996974,1.003583,0.991278,1.001707,0.986618,1.007865,1.008209,0.9956,0.982801,1.007076,1.003118,0.99408,1.002849,0.997541,1.010706,1.009364,1.019573,1.000452,1.005797,0.997429,1.006174,1.015352,0.994126,1.016505,0.996287,1.016208,1.011698,0.995109,1.00092,0.981474,1.007167,0.994923,1.005242,0.98633,0.996071,0.994823,1.0203,1.004117,0.997913,0.993048,1.021918,0.991398,0.995191,1.003465,0.989821,0.998843,0.999576
2024-05-13,1.005415,1.006174,1.001922,0.992746,0.998504,0.985179,1.005697,1.017269,1.009596,1.010595,1.00268,1.03179,1.012068,1.013002,1.007328,1.008643,1.007437,1.015981,0.992233,1.002997,1.004205,1.012671,1.001165,1.0,1.006188,0.995477,1.003548,0.997406,1.005546,0.991677,0.994408,1.01174,1.030404,0.995464,0.994363,0.995907,0.970587,1.001806,1.003135,1.001629,0.996901,1.006027,1.007095,1.010825,0.998651,0.997105,0.998806,1.017699,1.013122,1.00869,1.001058,1.013989,0.99245,0.993859,1.008288,0.992817,0.993991,0.992223,0.997567,1.002369,1.009339,1.012429,1.008205,1.004517,1.010213,0.995127,1.00832,1.006865,1.011263,0.995248,1.000755,0.988358,1.010586,1.03867,0.994306,0.99789,0.999337,1.023878,1.005539,1.009851,1.02584,0.999055,0.99278,1.031727,1.000127,1.017487,1.002317,0.987943,1.006941,0.994245,1.032928,1.017623,1.004182,0.996988,0.982337,1.011087,0.994094,0.998767,1.010284,0.990896,0.997965
2024-05-14,1.011969,1.012218,1.013615,1.005576,1.005115,1.01975,0.993202,1.042505,1.024501,1.027065,0.994227,1.04068,1.000704,0.979144,1.010912,1.007712,1.005216,1.015866,0.996421,1.010222,1.005193,0.977133,0.999577,0.988665,1.008876,0.997191,1.01175,1.038801,1.014709,1.004643,0.996577,1.003004,1.0162,0.97551,1.010165,1.00411,1.001081,1.001802,1.021688,0.99054,1.010215,1.011342,1.012739,1.01662,1.023994,1.009104,1.005378,1.007085,1.031019,1.039564,1.008522,1.002978,1.000475,0.997015,1.030158,0.993364,1.019432,1.008366,1.01186,0.991659,1.004982,0.997545,1.020536,1.011591,1.007692,1.023861,1.011471,1.015652,1.021612,0.999772,0.98793,1.053976,1.035838,1.006288,0.997721,1.015504,1.004525,1.010728,1.007312,0.98947,1.029846,0.996689,1.000926,1.02089,1.007369,1.004748,1.001734,0.990878,1.007095,1.001662,0.979949,1.023021,1.007142,1.006532,1.0,1.006436,1.013538,1.0,1.007271,0.999499,1.007733
2024-05-15,0.997992,1.000633,1.003419,1.002677,0.998315,0.994911,0.997972,1.018476,0.986459,1.015207,0.987311,0.983261,0.998428,1.033731,1.007967,0.99949,0.984833,0.990205,0.990123,0.998443,0.974114,1.021231,1.0,1.003057,0.977139,0.992792,1.007662,0.990054,0.973223,1.022396,0.987979,0.952683,1.005238,1.005838,0.995065,0.982581,0.997918,1.003938,0.985624,1.012685,1.008353,1.008914,1.009681,0.996632,0.982964,1.007608,1.00422,1.024304,0.997314,0.992589,1.010546,1.001781,1.00301,0.997377,0.979797,1.001616,0.983819,1.0019,0.998686,1.008271,1.010859,1.004649,0.982743,1.035757,1.002181,0.993547,0.990649,0.99506,0.991694,0.99511,1.001091,0.996634,0.997136,1.004357,1.020339,1.00347,1.008108,0.999077,1.000895,1.00313,0.993114,0.989464,0.994452,0.991866,1.001135,0.989418,0.998269,1.019935,0.996878,1.005532,1.004885,0.997136,1.007188,0.997404,1.011626,0.986499,0.994103,0.994073,0.979467,1.069865,0.994012
2024-05-16,1.00092,1.000158,1.012595,0.992562,0.985682,1.001139,1.02286,1.011376,0.992851,0.997794,1.005827,0.988075,1.006216,1.010877,1.001785,1.012421,0.992862,1.005584,0.998186,0.998909,1.015825,0.983714,0.995769,0.99746,1.005388,1.015689,1.003455,1.003267,0.996483,1.002782,1.009808,1.006566,1.003625,0.998839,1.01021,1.000532,0.994088,1.011057,0.992366,0.997937,0.997602,1.010603,1.010793,1.006889,1.004318,0.996854,1.000355,0.993756,1.011953,1.006029,1.002333,1.011458,0.99542,1.006586,0.998548,1.002947,0.995049,1.003051,0.995869,0.990406,1.00327,1.010208,0.997211,1.003815,1.002829,1.002369,1.006427,0.998147,0.995812,1.017329,1.004468,1.009287,0.980076,1.010969,0.994976,0.990318,0.998689,1.005081,0.991754,1.005928,1.003053,0.999424,1.034139,1.009482,1.002016,1.000874,1.00578,0.996763,0.996902,1.002568,1.014985,1.000256,1.006446,0.996218,0.997194,0.994718,1.000929,0.99528,1.000328,1.009998,1.015017
2024-05-17,1.001221,1.006162,0.988823,0.991546,1.00695,1.002606,0.978272,1.011309,1.006625,0.985862,0.99372,1.013431,0.997858,1.008975,0.988038,0.990756,1.016253,0.991345,0.984783,0.985797,1.018188,1.006666,1.002762,0.998472,0.991608,0.993263,0.996469,1.005112,0.97841,0.995146,0.990594,0.986046,1.004929,0.99661,0.997786,1.007264,0.990126,1.004047,0.996185,1.002658,0.985795,1.006599,1.004885,0.98978,0.981436,0.993446,1.005265,1.008483,1.013567,1.003034,0.978207,0.955027,0.992702,1.000208,1.017117,1.001888,0.991606,0.998675,0.983442,0.986523,0.983589,0.98208,0.993495,0.999525,0.996094,0.998475,1.001098,1.012208,0.997109,1.03175,0.995552,1.011934,1.024881,1.008259,0.989681,0.996159,0.998031,0.993566,0.997596,1.004498,1.020118,1.008063,0.996018,0.998477,0.9956,0.983735,1.006897,0.978642,0.997833,0.99939,0.985856,1.021434,0.985895,0.99453,0.988944,0.986966,0.994431,1.001498,0.993779,0.99273,0.991892
2024-05-20,1.003963,1.006857,0.990095,0.997578,0.993261,0.994141,0.998604,0.98996,1.000986,1.012359,0.997875,0.989512,1.003219,0.990193,1.021381,1.002205,1.014255,0.999677,0.974862,1.025016,0.989855,1.000982,1.008264,1.0,0.998578,0.996029,1.01,0.98847,0.995969,0.998606,0.992739,0.987892,0.997903,1.001069,1.006946,1.0,0.990656,0.989441,1.010799,0.991016,0.995788,1.006052,1.005257,1.016136,0.995057,0.994575,1.020892,0.988785,0.996523,1.0052,0.999802,1.020145,1.005434,1.005617,1.025524,1.002633,0.981193,0.998782,0.992534,1.00555,1.00781,0.995884,0.99102,0.980325,1.009368,0.998244,1.011961,1.008699,1.014235,1.015277,1.011442,1.003707,1.006394,1.000883,1.00427,1.001052,1.006216,0.982424,1.006426,0.989656,1.015625,1.003904,1.002321,1.003051,1.00745,1.010931,0.985731,0.994065,0.993451,1.002807,1.06659,0.999046,1.012219,0.964413,0.985297,1.007092,0.990702,0.987537,1.012521,1.015114,0.99309
2024-05-21,0.996892,0.992462,0.979623,1.018065,1.011428,1.004317,1.002923,1.005223,0.982722,0.985628,0.999891,0.995026,0.9877,1.008118,1.002774,0.998138,1.000722,0.993391,1.001656,0.985789,0.991283,0.985388,0.995692,0.991839,0.99295,0.981563,1.001161,1.000211,1.010439,1.002094,0.984997,0.998112,1.002401,1.000097,0.990994,1.008619,0.99897,1.003198,0.99882,1.007579,0.978851,0.991423,0.991735,0.98293,0.98346,0.996511,1.001268,0.989918,1.003669,0.996991,1.014943,0.993935,1.001431,0.999425,0.999676,1.002989,0.983412,0.99438,0.999624,0.993773,1.006927,1.003857,1.00678,0.984002,0.999784,1.0026,0.992219,1.00345,0.991813,0.984415,0.996552,0.991995,0.995429,0.999759,1.005578,1.036415,0.996792,0.996704,1.008381,0.970203,1.010356,1.008347,1.0386,0.953992,0.986337,0.987971,1.013318,0.919694,1.001152,1.006936,0.96522,1.017738,0.995798,0.998936,0.988654,0.990044,0.998659,1.004291,0.991377,1.001535,0.97989
2024-05-22,0.995004,0.978942,0.991542,0.994371,0.996158,0.998719,0.983145,0.969248,0.990595,0.975227,0.988642,1.000754,0.980716,0.924469,0.985161,0.989147,0.981067,0.981166,0.981105,0.987465,0.985278,0.990114,0.98913,0.9946,0.986086,0.995431,0.993116,0.981502,0.982501,0.968837,0.996002,0.982462,0.97833,0.977092,0.984049,0.980903,0.988971,0.995,1.027672,0.975959,0.994542,0.983483,0.983955,0.990852,0.988808,0.983185,0.982613,0.957352,0.98805,0.993739,0.975244,0.992991,0.985556,0.994273,1.0069,0.994401,0.983494,0.988369,0.970501,0.98049,0.948927,0.983258,0.995724,0.980491,0.98532,0.999924,0.981934,0.991824,0.986897,0.992506,0.988108,0.98355,1.093196,0.995907,0.984513,0.969257,0.986175,0.978744,0.98595,0.990191,0.994234,0.991534,0.970144,0.961073,0.980684,0.989534,0.998286,1.007957,0.990234,0.996798,0.964633,0.974079,0.99133,0.991479,0.967518,0.981604,0.995101,0.990953,0.979485,0.993716,0.982941
2024-05-23,1.007125,1.016588,0.992418,0.997314,0.983853,0.983696,1.0058,1.036963,0.997847,0.996409,0.998343,1.010443,1.011552,1.013414,1.013531,1.013029,1.011371,0.996622,0.992778,1.008886,0.994867,1.011363,0.995412,0.996381,1.000946,0.9966,1.016814,0.977456,0.996137,0.998023,1.005161,0.988714,1.005279,1.010928,1.003733,1.008267,0.993181,1.010455,1.012526,0.992595,1.00869,1.007255,1.008297,1.006614,0.994524,1.001505,1.001289,1.021277,0.916543,1.016215,0.981764,1.019246,0.99855,1.007564,0.998738,1.000578,0.989562,0.999934,1.000698,0.992012,1.011182,1.012421,1.026708,1.001608,0.996713,0.987795,1.000505,1.0074,1.017127,1.01743,1.003829,0.974095,1.025723,0.990491,0.99286,1.006623,0.999033,1.013996,1.00281,1.000974,1.042625,1.008159,1.007151,0.999032,1.007516,1.022259,1.001717,1.005678,0.998325,1.006244,1.031656,1.00958,0.983244,0.997164,0.996837,1.012744,1.000948,1.007862,1.008881,1.008328,0.999207
2024-05-24,1.004003,1.000053,0.989049,0.98076,0.989169,1.00631,0.991414,1.031558,0.981526,0.995159,1.007746,1.003275,0.996095,1.003209,0.990428,0.985615,0.998622,0.986584,0.981814,0.982227,0.993035,0.999853,0.985423,1.0,0.992734,1.014584,1.004248,0.990966,0.996984,0.96561,1.008177,0.984825,0.984512,1.006682,0.99031,0.987921,1.001818,0.99239,1.007351,0.973508,0.976876,1.009584,1.008058,0.997029,1.011074,0.997446,0.992802,1.011068,0.988517,0.990564,0.982377,0.993971,0.997097,0.987028,1.000533,0.981021,1.000743,0.98648,0.982294,0.989312,0.996476,0.978495,1.003555,0.990067,0.99978,0.973743,0.996969,1.000372,1.012009,1.003479,1.002725,0.986933,1.069804,1.012855,0.9741,0.979917,0.986572,1.001904,1.001201,1.008598,1.01293,0.992943,0.982376,0.979521,0.997299,0.995266,0.986857,1.012876,0.980344,1.007892,0.986108,1.002109,0.991164,0.986899,0.992211,0.981248,0.987213,0.990438,0.987876,0.9948,1.012696
2024-05-27,0.994601,1.001579,0.996459,0.988033,0.986699,0.998265,1.002715,0.962298,0.987275,1.001567,0.999286,0.98458,0.994478,0.980409,0.984741,0.991758,0.98527,0.980775,0.994073,0.992954,0.975871,0.999742,0.99293,0.984432,0.9929,0.968813,0.991822,1.006634,0.995678,1.000746,0.986544,0.988382,0.989254,0.984772,0.992489,0.989915,0.988187,0.987018,0.970574,0.993119,0.989557,0.996517,0.997166,0.994258,0.991512,0.989407,0.984616,0.970058,0.9971,0.993442,1.000416,0.993033,0.998059,0.991301,1.004543,0.987437,0.994893,0.994136,0.983553,0.990528,0.99378,0.992392,0.988415,0.98865,0.992744,0.998493,0.985811,0.997328,0.989037,1.008659,0.996413,1.003101,1.008112,0.993975,0.987138,0.983039,0.991049,0.994774,0.995502,0.981985,0.977379,0.990997,0.992256,0.996327,0.995615,0.999456,0.991314,1.004351,0.990796,1.009384,0.996832,0.976503,0.962357,0.986332,0.976959,0.981644,0.992177,0.993394,0.987727,0.998155,0.989291
2024-05-28,0.990413,1.005255,1.00982,1.010027,0.969466,0.933564,1.008766,1.009749,1.015622,1.029463,0.985166,0.98088,1.005425,1.006408,0.997676,1.011427,1.005444,1.006979,1.0,0.99871,1.003372,1.017542,0.996057,1.024512,1.003907,0.98551,1.010936,0.802629,1.000868,1.044159,1.008668,1.009233,0.987536,1.008128,1.008763,0.99982,1.018237,1.008859,1.003667,1.009134,1.018058,0.978354,0.978454,0.98482,1.010033,1.019485,0.9915,1.001991,0.940981,1.012525,1.005816,1.006158,1.004376,1.009221,1.00435,1.018157,1.005554,0.999164,1.010827,1.014343,0.989078,1.009512,0.98459,1.00656,1.006423,0.989118,0.999589,0.966214,1.019692,0.989368,1.019417,0.879869,0.962334,0.946258,0.996085,1.013659,1.005753,1.037727,0.998092,1.023915,0.983386,1.010997,1.024454,1.019141,1.011399,1.009109,1.029206,1.014417,0.991997,1.010777,1.014757,1.003951,0.993666,1.014875,1.018228,1.008709,1.009075,1.031458,1.00783,0.999538,1.003168
2024-05-29,1.00653,1.005019,1.03154,1.004423,0.991187,0.99751,1.007284,1.0009,1.016113,1.025999,0.983939,0.973953,1.011719,1.028133,1.035206,1.02037,1.005788,1.013349,1.02087,1.006136,0.997848,1.039875,1.022325,1.029843,1.010648,1.025533,0.993316,1.075364,1.008239,1.063526,1.025528,1.017402,1.016064,1.021731,1.022409,1.011362,1.017549,1.012463,1.005725,1.002965,1.036397,1.002305,1.002266,1.013971,1.017285,1.006371,1.007366,1.021862,1.023927,0.996852,1.009568,1.016555,1.015491,1.012578,1.006478,1.020393,1.027058,1.011242,1.027056,1.009427,1.009553,1.017719,0.999529,1.019756,1.017826,1.00811,1.006274,1.001109,1.023405,0.990674,1.017121,1.021204,0.992154,1.000854,1.014195,1.016312,1.012056,0.997699,1.019817,1.007679,0.996338,1.019769,1.018537,1.019477,1.026383,1.019334,1.034052,1.04197,1.009276,1.024956,0.996029,0.996576,1.028485,1.015617,1.015125,1.029711,1.004276,1.020332,1.011991,1.013407,1.028687
2024-05-30,1.004279,1.009259,0.993488,1.006654,0.998122,0.987094,0.993656,0.979928,1.005133,1.006284,1.010769,0.994995,0.987,1.039187,0.997249,0.999329,0.996634,1.006917,1.016549,0.993741,0.978849,0.996865,0.994729,0.988758,0.996294,0.977593,1.006791,1.009299,1.003226,1.010235,0.970179,0.982282,1.017835,0.989029,0.998455,0.972093,0.978973,0.994963,0.977716,0.98693,1.01667,1.002644,1.003884,0.996627,0.979514,1.001335,0.99059,0.981848,0.984005,1.004327,1.007295,0.996003,1.0,0.997268,1.013312,0.994174,0.979394,0.991321,1.003322,0.982781,1.009217,0.986873,1.022835,0.996205,1.006486,1.022941,0.995605,0.996122,0.971132,0.987797,0.993161,1.004841,1.048954,1.017834,0.990341,1.02268,1.000669,0.983395,1.015585,1.007462,1.009115,0.995919,1.023186,0.987582,1.00312,1.001917,0.988474,0.979956,1.002817,0.989255,0.989948,0.993385,1.004179,0.980672,0.996329,0.979778,0.992366,0.995869,0.99032,1.000912,0.976036
2024-05-31,1.003127,1.001649,1.012173,1.005444,1.022359,1.021297,0.978677,0.978233,0.999837,1.017465,1.005607,1.006748,1.001562,1.021943,0.994985,0.988249,1.010022,1.010188,0.999521,0.985627,0.988562,0.980365,1.014491,0.999495,0.980747,0.985949,1.014717,0.992562,1.016506,1.00083,0.991553,1.003396,1.00746,1.005449,1.011508,0.980189,0.989261,0.996848,0.999505,1.011509,0.989506,1.004071,1.00358,1.000703,1.000762,1.02356,1.003207,0.991416,1.008533,1.006809,1.000406,0.98682,1.01605,0.992655,1.0016,1.002759,0.999077,1.003565,1.011434,1.010987,1.014004,0.984458,0.998953,0.988472,1.006015,1.002258,0.991479,1.006167,0.992794,0.996576,1.003602,1.018012,1.012496,1.006623,1.015535,1.006141,1.014333,1.036585,1.008061,0.997951,0.992521,1.004936,1.00865,0.994749,1.003981,1.005739,1.018878,0.983794,1.000158,1.027906,0.991378,0.997832,1.016183,0.996934,0.979844,0.980619,1.007545,1.014153,0.989215,1.011851,0.984447
2024-06-03,1.012888,1.007821,1.020353,0.998066,1.010276,1.016571,0.990215,1.038627,1.000033,0.988923,1.010817,1.061819,0.98921,1.006521,1.007056,1.00034,1.007808,1.004572,0.987784,1.012125,1.005739,0.991091,0.998401,0.989383,1.007436,0.999644,1.008352,1.007111,0.970477,1.007302,0.992634,1.004386,1.017165,0.98229,0.986616,1.013194,1.008538,1.007164,1.00725,0.995636,1.007954,1.011077,1.009322,1.014013,1.006093,1.009844,1.009469,1.024975,1.003863,1.026143,0.987618,0.99046,0.999687,1.009139,0.999003,0.992194,1.013578,1.004249,0.989609,0.998384,0.988471,1.000284,1.037883,1.004563,0.996583,1.005749,1.000828,1.019083,0.998704,1.029527,0.995567,1.047783,1.051556,1.021321,0.9977,1.002035,0.994252,1.038914,1.002698,1.003158,1.036845,1.005005,0.980312,1.033338,0.984017,1.006427,0.997275,0.978745,1.009848,1.013265,1.001316,1.014382,0.995311,0.999077,1.014304,1.00308,1.007635,0.994947,0.999659,1.007357,1.003994
2024-06-04,1.000894,0.992903,1.018919,1.010075,1.002474,1.005112,0.996311,1.003671,0.994502,1.006559,1.020521,0.991635,0.99429,1.00827,0.993493,1.01732,0.994524,0.98688,0.991271,1.002752,0.996479,1.004531,1.003417,0.998212,1.006569,0.999733,1.009996,1.026339,1.004563,1.003954,1.00613,1.000755,1.000485,0.997143,0.996705,0.978666,1.00895,0.996059,0.988127,0.99953,0.999781,1.007229,1.007525,0.992246,1.002543,0.996082,1.004899,0.988304,0.997179,1.002181,1.003083,0.998226,1.003598,0.997173,1.006649,1.007287,0.995352,1.004522,1.002808,1.003089,1.000364,0.995877,0.997374,0.99152,1.000429,1.008266,1.001966,1.001203,0.995457,0.997309,1.014843,0.998651,0.098822,1.007095,0.998328,0.974619,1.014574,1.03615,1.001634,1.054935,0.988391,0.997602,1.00382,0.998118,0.990305,1.002151,0.998907,0.984934,1.007927,0.997226,1.0168,1.000816,0.997615,1.003958,0.999927,0.998465,1.009253,0.999516,0.98381,1.000894,1.007514
2024-06-05,0.999783,1.012392,1.005042,1.031745,0.988551,1.015934,1.00529,1.006536,0.997808,0.973783,0.996216,1.003832,0.997086,0.993836,1.002015,1.006677,1.000795,0.987361,1.014677,0.997417,1.00198,0.990944,0.999042,0.997185,1.025152,0.998217,1.003489,0.996251,0.991564,1.013784,1.000962,0.992755,0.981715,1.003261,0.997667,1.018968,0.989851,1.002917,1.008094,1.013312,1.002412,0.986543,0.987156,0.993036,0.987708,1.001583,1.010761,1.010519,1.002183,0.998709,1.004508,1.015439,0.996259,0.999654,1.015168,1.003222,0.991852,1.002474,0.982702,0.994427,1.02101,1.000143,0.99838,1.026878,1.000214,1.001149,1.002994,0.998422,0.98292,0.989129,1.008671,0.993814,0.999091,1.019595,0.987529,0.992361,0.991631,0.979823,0.993956,1.004178,0.986536,0.999353,0.999509,0.99569,0.990973,0.987059,0.990153,1.005995,1.002156,1.000278,0.997415,0.99679,0.977626,0.998511,1.000582,1.0,1.005884,0.990564,1.010913,0.981087,0.989295
2024-06-06,1.001856,0.980852,1.006139,0.999163,1.007039,0.988204,1.0,0.955144,0.999016,1.002368,1.014976,1.02405,0.999011,0.999369,0.997235,1.00713,0.993609,0.996722,1.026278,0.994335,1.002037,0.997255,1.000107,0.995637,1.007868,1.011607,1.003264,0.999959,1.000218,0.97572,1.004229,0.99924,1.006044,1.011818,0.999026,1.006946,1.02418,0.985091,1.005682,1.008501,1.040464,1.003865,1.003153,0.99701,1.01691,1.009388,1.002176,1.00553,0.988395,1.001844,1.00034,0.9983,0.994993,0.99608,1.017659,0.994321,1.0066,0.998799,0.990633,0.992479,0.988938,1.003141,1.019555,0.998017,0.995503,1.006275,0.992279,1.009484,1.020958,1.004724,0.994303,1.014797,1.007461,0.988723,0.969949,0.982155,1.001736,0.992278,1.000676,0.99688,1.013213,0.990565,1.002088,1.002435,1.013215,1.001647,0.98674,1.01726,1.000671,1.004838,0.979209,1.010276,1.008784,1.004299,1.000291,0.99308,0.986974,0.987054,0.992632,1.016393,1.002927
2024-06-07,1.004737,1.072649,0.983809,0.984371,1.01305,1.005979,0.97619,0.991393,0.986808,0.992553,1.000909,1.014273,0.96597,0.9757,0.979582,0.967402,0.999995,0.988854,1.010571,0.962722,0.993022,1.002753,1.000639,0.987883,0.95912,1.002913,1.001143,0.996485,0.998255,0.995355,0.998405,0.991393,0.987078,0.981799,0.998439,0.989699,0.994916,0.993111,0.98477,0.994483,1.013454,1.008832,1.009199,0.979539,1.009502,0.994021,0.993779,1.000324,0.999048,1.000956,0.997485,0.973699,0.999371,1.008056,1.000948,0.990031,1.001146,0.999533,1.001852,1.00416,0.985687,0.982781,1.00969,1.006557,0.998064,1.002662,0.99004,1.011242,0.945044,1.006284,0.998646,1.004075,0.992774,0.99502,0.994997,0.998575,1.000777,1.031128,1.00135,0.96542,0.996035,0.998413,0.979044,0.991094,0.994048,0.991713,1.0,0.984312,0.990387,0.987326,0.98199,0.999089,1.002465,0.993274,0.997603,0.992258,0.998655,1.000247,0.98619,0.996565,0.991953
2024-06-10,1.008909,1.028578,0.9904,0.986485,0.971144,0.993905,1.006333,1.008052,1.001264,1.002846,0.998184,1.0236,0.997818,0.984744,1.014153,0.997447,1.02315,1.016472,0.985821,1.014711,1.004338,0.993606,0.992231,0.987213,1.014503,0.987327,0.998234,0.978464,0.996723,0.999833,0.985494,1.013584,1.012861,0.999306,0.98984,1.008271,0.984827,1.005775,1.004303,0.991524,1.013483,1.007688,1.006624,1.009971,1.02508,0.995322,0.99811,0.994825,1.045033,1.022255,0.990801,0.985439,0.989457,0.996992,1.001709,0.992027,1.030547,0.986549,1.000787,0.9781,1.003417,0.999421,1.0027,0.998914,0.988578,0.987561,1.002305,1.019368,0.993401,1.002328,0.977157,1.013286,1.035481,1.133193,0.992488,0.9868,0.986267,0.996646,0.98873,0.979311,1.032946,0.998597,0.993616,1.001498,0.999236,1.015785,0.986002,1.004036,0.999653,0.974159,1.038849,1.0078,0.993652,0.995866,0.993302,1.021586,0.984163,0.983919,1.002976,0.993706,0.988945
2024-06-11,1.004306,1.005491,1.00283,0.99109,0.988066,0.997543,0.992367,0.997878,0.991431,1.015272,0.983627,1.122687,0.991743,0.989216,0.996194,0.998123,0.994771,0.999481,0.978071,1.003666,0.99279,0.996764,1.016411,0.993391,0.985339,0.988413,0.997818,0.971289,0.997808,1.017336,0.991052,1.021238,0.96372,0.992956,0.999408,1.000276,1.0,0.993817,0.966718,0.987877,0.975235,0.984295,0.985207,0.994763,1.010868,1.000624,1.00071,0.990247,1.004053,0.987853,1.000275,1.011121,1.001749,1.012967,1.018483,0.998802,1.008177,1.004515,0.996935,1.0,0.993068,0.994784,0.990685,1.003261,0.997384,0.993625,0.9954,1.001179,1.012732,1.004923,1.005337,0.983728,1.035224,0.996225,0.996948,0.999638,1.007446,0.978965,0.993473,0.970203,1.011235,0.983703,1.010834,0.997689,1.003187,0.991577,1.003407,0.985693,0.994685,1.007595,1.029218,0.986431,1.008579,0.980792,0.988712,0.999491,1.003218,1.000251,0.999476,1.005881,0.991977
2024-06-12,1.002346,0.991832,1.012188,1.002223,1.01555,1.145115,0.99069,0.998311,1.000402,1.00127,0.999075,1.033383,1.011837,0.981018,0.999491,0.991795,1.000768,0.999506,0.99325,0.985057,0.985017,1.007623,0.998523,0.996275,0.989711,0.986473,1.011478,1.012706,1.003515,0.986728,0.998233,1.000132,0.999373,0.998801,1.010863,0.980927,0.991271,0.99747,1.00122,1.0236,0.981532,1.009223,1.009306,1.000246,0.99701,0.999521,1.000532,0.999672,1.001816,1.00681,1.000619,1.00062,0.993015,0.99352,0.994475,0.99952,0.984528,0.999169,0.999527,0.996218,0.992408,0.998398,1.000119,0.993697,0.968743,1.00085,1.003046,1.002242,0.99836,1.024676,0.991612,1.026516,1.017514,0.987701,1.002939,0.99566,1.002284,1.012892,1.002157,0.985294,0.988614,0.992383,0.992647,0.998092,0.999492,0.979983,0.998302,0.97567,0.998987,1.005025,0.975558,0.987874,0.999638,0.99991,1.005634,0.989047,0.998046,0.997235,1.00227,1.004798,0.991549
2024-06-13,1.007279,1.019672,1.006465,0.997782,0.995884,0.987493,1.007627,0.992295,1.015605,0.975892,1.002178,1.054079,1.015346,1.006318,1.006881,1.002585,1.02435,1.015273,0.994417,1.012304,1.002893,1.035076,1.014056,0.996528,1.02543,1.001371,1.014305,0.993705,1.000219,1.014447,1.004064,1.003228,0.997175,1.015505,0.98476,1.008548,1.01473,1.007026,1.047152,0.987857,1.01347,1.002299,1.002545,1.008332,1.007669,1.016401,1.001714,1.017406,1.011449,1.009911,1.002817,1.006193,1.001119,1.008422,1.007468,1.001462,1.015312,1.007827,0.999724,1.003493,0.98655,1.012108,1.004899,0.996333,1.008574,0.984708,1.016126,1.013105,0.989734,1.009636,1.01724,0.995773,0.993176,1.023022,1.014224,0.980022,1.004257,1.061519,0.998532,0.991671,1.031997,1.002303,1.021092,0.993993,0.987667,0.992206,1.001701,1.026991,0.99292,1.007898,1.052975,1.005157,0.984129,0.996758,1.001474,1.006696,1.001884,0.994706,1.014634,1.005968,0.993126
2024-06-14,1.001663,0.989016,1.009901,1.00522,0.99937,1.006766,1.002028,0.976199,1.008936,1.0026,0.993209,0.985592,1.004556,0.980941,1.012149,1.008767,1.005087,1.00329,0.996095,1.011988,1.008499,0.970869,1.011047,0.989011,1.001751,0.998813,1.003272,1.005771,1.006128,0.99869,1.000914,1.009335,1.0133,0.999803,0.992361,1.012201,0.992122,1.014192,1.01066,0.982574,1.000844,0.986967,0.98787,1.016105,1.012504,1.004341,1.006195,0.988702,1.011883,1.011628,0.997945,1.01036,1.00016,0.998616,1.007288,1.002157,1.00441,1.004463,0.989271,1.001362,0.997498,1.006918,0.985907,1.002387,1.002237,1.003843,1.005462,0.995472,0.974139,1.01456,0.997684,1.006437,1.03512,1.023565,1.002046,1.015938,1.006328,1.031974,0.992063,0.983203,1.021915,1.002872,0.986106,1.000412,1.003347,0.994921,1.021505,0.983238,1.00206,1.001297,0.986236,1.006927,0.98328,1.005421,0.987854,1.005116,1.009035,1.015712,1.013908,1.00267,1.009413
2024-06-17,0.997199,0.978487,1.004493,1.02481,1.072928,1.00134,1.010117,1.046239,1.012746,1.00721,1.017997,0.962297,1.003925,1.007486,1.0,1.002727,0.999723,0.998954,1.005636,0.997368,1.012272,1.022981,0.999382,1.025745,1.005752,1.017549,0.990457,1.043096,1.016315,0.999836,1.021587,0.996786,0.965244,1.00335,1.0007,0.995031,1.017856,1.00547,1.000182,1.084561,1.006956,1.007141,1.006911,1.001355,0.998785,1.005966,1.01976,0.999674,1.010497,0.994368,1.014624,1.008477,0.992815,1.005932,0.993864,1.013783,0.998946,1.005332,1.012002,0.998338,1.005266,1.014171,1.004425,1.008832,1.014063,1.013126,0.998668,0.998566,1.028677,0.990316,1.008335,1.00567,0.964597,0.988039,1.001201,1.012039,0.99472,0.98993,0.999605,1.011502,0.948831,1.002863,0.994015,0.998078,1.011932,0.995372,1.003324,1.005893,0.978987,0.993413,0.982203,0.982217,1.007213,1.011636,1.019896,0.999745,1.011695,1.003992,0.998476,1.006065,1.021576
2024-06-18,0.997735,0.989556,0.989891,0.992024,1.009211,1.020059,1.000134,0.9966,0.994417,1.003502,1.016013,0.956225,1.000738,1.001475,0.987497,0.99966,1.004285,1.006093,1.021686,0.989607,0.996081,1.022359,1.003301,1.016645,0.990154,1.00009,0.983616,1.013482,1.0122,1.006066,0.991318,0.98299,1.025748,1.004222,0.997403,1.002497,1.004514,0.995394,0.995394,1.031829,0.998953,1.014349,1.018888,0.982818,1.006677,1.004436,0.991605,1.015349,1.026084,1.000023,1.006564,0.988071,1.009489,1.000271,0.997618,1.002702,1.004659,1.005171,1.022025,1.006812,1.018336,1.005928,0.986207,1.007181,1.006824,1.008097,0.986864,1.009154,1.00483,1.010441,1.016846,1.020455,0.967809,0.990134,1.0036,1.0,1.003519,0.932707,0.987352,1.013545,0.986355,1.005139,1.002383,1.008803,0.994802,0.999453,1.016013,1.01918,1.013263,1.001644,1.007931,1.01437,0.996017,1.004175,0.998027,1.010692,0.99422,1.0,0.985414,0.99853,0.99123
2024-06-19,0.994392,1.003133,1.013792,0.996027,0.994271,0.982622,1.014955,0.993922,1.032418,1.007904,0.981436,0.959955,1.004731,1.014386,1.013421,1.011221,0.99802,1.014411,1.007155,1.022504,1.006589,0.984501,1.017683,1.0,1.006654,1.034399,0.999823,0.979107,0.999789,1.005866,1.025953,1.008346,1.00706,0.997164,1.016727,1.008394,1.011236,1.000939,0.977472,1.000849,1.008173,1.00294,0.997718,1.026456,0.986172,1.003719,1.014786,0.983274,0.986918,0.991862,1.002487,1.013143,1.019117,1.000881,1.007048,1.008362,0.999125,1.004639,1.003817,1.028717,0.992651,1.011926,1.008347,1.00586,1.015523,1.017136,1.009775,0.995309,1.014284,0.975077,0.999897,0.987002,0.93316,0.988622,1.004782,1.02235,1.001129,1.013423,1.019516,0.981521,0.944996,0.965439,0.997747,1.016226,1.011216,1.029351,1.013587,1.024362,1.002391,1.006903,0.99765,0.991715,1.015313,1.001106,1.014641,1.021411,1.003924,1.023111,1.015663,1.014578,1.029704
2024-06-20,1.007246,1.004468,0.98848,1.001804,0.99987,1.00517,0.980266,1.0,1.003646,0.981109,1.004149,0.992828,0.996198,0.977666,0.984008,0.988399,1.008334,0.994293,0.999053,1.003913,0.992121,1.017317,0.99707,0.997921,0.979518,0.998437,1.008666,1.007585,1.002115,0.979103,0.994664,0.976994,0.989796,1.002157,0.987095,0.986736,0.999493,0.989113,0.994955,0.984165,0.964664,1.026495,1.026839,0.989807,0.964204,0.99333,0.986229,1.005561,1.010563,1.03093,0.987057,0.995927,0.997968,0.995554,1.01629,0.992704,0.951224,0.997133,0.988478,0.991669,0.992226,0.990155,1.023431,0.990873,0.999354,0.999699,1.007209,1.007327,0.988219,1.005067,0.975095,1.020579,1.067564,0.994853,0.995657,0.986953,0.990502,1.016556,1.001669,0.99731,1.006622,0.996175,0.994356,0.991547,0.983363,0.982851,1.002145,0.980493,0.983338,0.998202,1.026126,1.002888,0.988816,0.989839,0.969408,0.98693,0.989975,0.997814,0.969327,0.97852,1.002806
2024-06-21,1.004632,1.019993,1.002343,0.994217,0.991698,1.003378,0.999732,0.983089,0.979675,0.999948,1.039015,1.007091,1.00039,1.019417,0.99035,0.997959,0.992029,0.991264,1.007348,0.994641,0.997954,1.002717,0.995238,0.995312,1.014163,0.987999,1.001555,1.00575,0.989025,1.003144,0.98416,1.018351,0.997836,0.999804,0.997505,0.983777,1.155277,0.99746,1.005697,0.99569,0.98621,0.998868,0.999185,0.996677,1.010345,0.995244,0.995771,0.993494,1.011119,1.000565,0.997486,0.996769,1.003289,0.993767,0.996297,0.997693,1.007043,0.992823,1.001748,0.982167,0.995523,0.996779,1.004935,0.994121,0.998707,0.989317,0.990695,1.002683,1.005344,1.007852,0.992718,0.998808,1.002459,0.993246,0.996355,0.979636,1.003596,0.98127,0.999216,0.981965,0.97606,0.996948,0.99836,0.99134,1.002435,0.998106,1.003745,1.002725,1.002965,0.992569,1.048145,0.992955,0.999051,0.997992,1.028208,0.992254,1.000256,0.998539,0.996678,1.012904,1.00035
2024-06-24,1.000839,1.003986,0.987379,0.997807,0.995306,1.034238,1.006444,1.012251,1.002781,1.013754,1.0219,0.996646,0.990116,1.022465,1.00641,1.014829,1.006785,0.991974,0.976706,1.004898,1.002234,1.008642,0.999389,1.00157,0.979966,1.003169,0.992741,1.039893,1.012591,0.96256,1.002373,1.001435,0.992784,0.999902,1.006403,1.020449,0.997569,0.993108,0.999128,0.993075,0.995849,1.008038,1.008321,0.978283,0.999035,1.004451,0.994065,1.001637,1.021899,1.005762,0.993053,1.008813,0.997814,1.004106,1.008632,1.0003,1.004662,0.978713,1.001319,0.9994,0.991006,0.995504,1.012551,1.016954,0.980587,0.987224,0.98844,1.001526,1.00477,1.009813,1.001382,1.02682,0.980934,1.014107,0.997121,1.013858,0.995043,1.046473,0.996175,1.001888,0.988953,0.99368,1.001137,1.004095,0.997826,1.015042,0.999467,0.996942,0.98676,1.006296,1.005347,1.001709,1.004958,0.999374,0.983207,0.999245,0.974379,0.995124,1.007192,0.993996,1.004283
2024-06-25,0.993995,0.983746,1.014971,0.992929,1.000726,1.016058,0.990263,1.017182,0.996047,0.995187,0.97675,1.011893,1.013792,0.99726,1.013248,1.005878,0.988053,1.007924,1.000482,1.031032,1.017223,1.01649,0.988489,1.022989,1.032978,1.003597,0.999259,1.016808,1.001264,1.011995,1.00064,0.991613,0.992413,0.971812,0.996421,1.017268,1.01479,0.991932,0.990467,0.996804,1.019307,0.98159,0.982417,1.014261,1.008053,0.996082,1.012291,1.012422,1.008857,0.999416,1.002469,1.015514,0.995932,0.996797,0.995974,0.999936,1.003003,0.996409,0.987102,0.982583,0.992185,0.990545,0.970475,0.990501,1.00198,0.953628,1.014827,0.986971,0.960526,0.986176,0.800191,1.016199,0.996371,1.007276,0.992,1.006475,0.989797,1.004362,0.997637,0.994175,1.020651,0.997714,0.982458,1.001767,0.993977,1.013283,1.0192,1.008997,1.004031,0.993011,1.00233,1.005687,1.046912,1.012485,1.007509,1.000504,0.984546,1.010289,1.034309,0.997496,1.001915
2024-06-26,1.007028,1.029105,0.993295,0.993167,0.997166,1.008046,1.003367,0.972135,0.995391,0.998148,1.02044,1.021968,1.00976,1.025768,1.006035,1.003673,0.980659,0.993586,0.994462,0.999527,0.987932,0.990166,0.984542,0.974719,1.009029,0.999825,0.994918,0.996538,1.00021,0.984592,1.000639,0.96617,0.978627,0.987411,0.99122,0.980846,0.996131,0.992176,1.0,1.000437,1.004735,1.005834,1.004612,1.025071,0.976615,0.987871,1.012431,0.995802,0.990201,0.980645,1.001916,1.015772,0.994187,0.977507,1.00993,0.998587,0.968702,0.991953,0.980968,0.996944,0.979799,0.995583,1.000912,0.984539,1.010538,1.033118,1.02027,1.021882,0.987149,0.998118,1.019371,1.002911,1.006152,1.013385,0.987631,1.008578,0.98666,1.021713,0.999211,0.996209,1.004267,0.991633,0.990751,0.996336,0.992652,0.965217,0.993197,0.984464,0.979602,1.01646,1.060542,1.00036,0.971311,0.993812,0.993423,0.988413,1.002934,1.012124,1.020205,0.996603,0.99861
2024-06-27,1.006735,1.01624,0.974115,1.0,1.004231,1.01375,1.011277,1.041981,0.999228,0.99098,1.014199,1.010166,1.009238,0.993144,1.022994,1.006488,1.008065,1.008769,0.979419,1.019707,0.995989,1.025269,1.006071,0.999738,1.005583,0.997901,1.016188,0.999922,0.994949,0.989166,1.001469,1.01097,0.983232,0.99949,1.00463,1.011291,0.99846,0.992844,1.0156,0.996503,1.005784,1.011491,1.012296,1.004206,0.996371,1.010808,1.012564,1.007458,1.008375,1.005891,0.9972,1.016452,0.997946,1.002681,0.991623,0.998414,1.000656,1.016087,0.9912,1.012109,1.003242,1.00229,1.009551,1.010039,1.000434,0.998593,1.004942,1.005583,1.008155,1.008863,0.989718,1.006528,0.986887,1.001328,1.004236,0.98618,1.007252,0.998068,1.003852,1.020066,1.00065,1.008639,0.99611,1.009943,1.007143,1.0086,0.99157,0.997598,0.98562,1.005026,1.101973,1.01963,1.007258,1.002846,0.99235,1.018603,1.018956,0.984667,1.006272,1.008743,0.993215
2024-06-28,1.006727,1.005811,0.987226,0.99157,1.006319,1.004298,0.997611,0.997505,0.995527,1.013107,0.98795,1.043283,0.998898,0.994014,0.999267,0.999504,1.000174,0.999987,0.990358,0.996599,1.008695,0.992586,0.997607,0.997117,0.985336,1.005696,1.00384,1.01858,0.995981,0.985744,0.999745,0.994081,0.998295,1.006327,1.000301,1.002654,0.984877,0.996746,1.0096,0.973538,0.994888,1.00418,1.003131,1.004961,0.996029,0.996389,0.991145,1.00515,1.005608,0.990884,0.997672,0.99933,1.00285,1.006627,0.990504,1.000709,0.998128,1.007939,1.008919,1.004695,0.997415,1.001713,1.000903,1.0,0.997828,0.985359,1.005519,1.003244,1.019299,1.004311,0.989479,0.989687,1.045732,1.007677,0.994009,0.995329,0.999573,1.000774,0.997835,1.011362,1.018235,1.003287,0.992581,0.99973,1.002192,1.003248,0.992561,0.995942,1.003146,0.991555,1.065424,1.002621,0.983241,1.00031,1.004744,0.988491,1.002833,1.000487,0.994916,1.002497,1.00508
2024-07-01,1.007819,1.02162,1.020813,1.016515,0.978381,1.014365,0.9831,1.04881,1.004848,1.004364,1.012197,0.985016,0.999661,1.002821,0.98802,0.990243,1.003385,1.001876,0.990015,0.993329,0.993164,1.001793,1.012097,0.995007,0.982517,0.980657,1.026673,1.008584,0.990656,0.998589,0.984685,0.992392,0.996875,0.993713,1.007212,0.999087,1.000987,0.988767,0.984663,1.001502,0.995932,1.024388,1.025724,0.993225,1.002817,0.998965,1.00165,1.025296,1.013411,1.020584,1.005422,0.981312,1.00679,1.006421,1.018339,0.991696,1.002766,1.002923,1.00436,1.009647,1.005702,0.990593,1.05873,0.997048,1.003264,1.004768,0.993912,1.014736,1.00362,1.011927,1.002525,1.026148,0.980901,1.003117,1.011009,1.012635,1.008423,1.053385,1.006902,1.002012,1.009519,0.996327,0.997246,0.987454,1.004117,0.985364,1.004818,1.00587,1.008383,1.004371,1.020821,0.999246,0.996162,0.998227,1.005902,0.988104,1.005093,1.003648,0.982855,1.026377,0.987888
2024-07-02,1.001014,1.006539,0.995635,0.981734,1.001103,0.994916,1.012588,1.0395,1.001866,1.002709,0.99645,1.024981,0.995247,1.005464,1.005197,0.994322,1.013862,0.999481,1.008321,1.011089,1.002162,0.962789,1.005461,0.986001,0.998603,0.997157,0.994547,0.977887,0.987353,1.004769,1.00013,0.986029,1.005852,0.993673,1.000796,1.004659,1.005204,0.995704,1.018879,1.012895,1.000645,0.99229,0.991763,1.000151,1.015004,0.997126,1.009203,1.061524,0.986288,1.001735,0.993173,1.001856,0.987453,1.000046,1.00375,0.999134,1.015241,0.99277,0.987096,0.987758,0.990079,0.998705,0.980386,0.997829,0.998265,0.994701,1.010041,0.997177,1.000277,0.992891,0.968448,0.950066,1.018835,1.001381,0.986191,0.995722,1.007929,1.01726,1.004602,0.988788,1.010401,0.99731,0.980539,1.000546,0.996925,1.005339,1.002131,1.021078,0.992946,0.999609,1.005646,1.013482,1.002725,0.992095,0.993986,1.010758,0.985353,1.0063,0.989769,0.99486,0.989503
2024-07-03,1.001906,1.003775,1.009188,0.9953,0.995292,0.983698,1.012565,0.991102,1.014288,0.998929,1.000251,0.992812,1.013816,0.986009,1.019695,1.011253,0.998206,1.0153,1.021755,1.027958,0.990883,1.011529,0.994466,1.004822,1.008689,0.990733,1.006823,0.980806,0.994355,1.012832,0.991253,0.982648,0.996426,0.996714,1.002981,0.996545,0.990525,0.996577,0.997554,1.003109,0.99377,0.99979,0.999735,1.017232,0.992609,0.995133,0.99347,1.017652,0.986112,0.994983,1.010792,1.01199,0.995712,0.989581,1.015795,0.996838,0.996224,0.996549,0.99181,0.986094,1.000521,1.007348,1.001285,0.986053,1.014776,1.002067,1.020082,0.98563,1.000139,1.0,0.991923,0.971039,1.024805,0.970006,0.998643,0.992481,0.994835,0.988809,0.991032,0.998477,0.996296,1.01009,0.975593,1.017613,1.004113,1.004766,0.999468,0.992469,0.99174,0.99933,1.037123,0.993498,1.005661,0.992793,0.990777,1.01039,0.996396,0.994462,1.014743,1.003157,0.988946
2024-07-04,1.010594,1.018804,1.000536,1.013872,0.99121,0.997403,1.002772,1.038735,1.018233,1.004133,1.002257,1.006565,1.004963,1.002674,1.007726,1.008138,1.00316,1.012115,1.006363,1.006461,1.007422,1.000136,1.003607,0.997867,0.997226,1.012051,0.997136,1.000634,1.010262,0.998438,1.014054,1.007711,1.01005,0.999176,1.018724,1.017429,1.001845,1.008586,1.015754,1.01461,1.005837,1.011657,1.011641,1.012816,1.021033,1.018471,1.007706,1.008095,0.972971,1.005517,1.016185,1.000819,1.002233,1.008697,1.007807,1.001542,1.020386,0.975129,1.018998,1.010576,1.002341,1.024314,1.008849,1.019862,1.004925,1.009997,1.008284,1.014602,1.010815,0.988203,1.001104,0.998844,1.026869,1.009881,1.010439,1.022727,1.006882,1.037605,1.010721,0.998305,1.008111,0.995747,0.996701,1.001342,1.004096,1.005896,0.996809,0.989905,1.00942,1.00821,1.003545,1.017286,1.017923,1.011859,1.010203,1.023326,0.990808,0.994673,0.997328,1.007296,1.008834
2024-07-05,0.983983,0.976779,1.010527,1.010966,1.008631,0.987742,1.013165,0.989019,1.010632,1.053006,0.976275,0.977796,0.999247,1.00098,1.001677,1.012685,0.986557,1.01585,0.991002,0.981039,1.008067,1.034666,1.003799,1.008549,1.017422,1.012974,0.957345,0.99418,1.01059,1.01182,1.000838,1.028646,1.016804,0.996184,1.015851,1.023767,1.02138,1.007946,0.977188,1.017745,1.030088,0.972179,0.970656,1.00071,1.027921,1.001678,1.002643,0.960711,0.99458,0.997212,1.001807,0.998316,1.004297,0.999862,0.993999,0.998633,1.040817,1.006411,1.017206,0.990748,1.013107,1.011449,0.958873,1.015344,1.003196,1.013119,1.011405,0.975228,1.024691,0.963255,1.011718,1.00806,0.944333,1.004857,1.002201,1.010935,0.992446,0.972555,1.021798,1.018506,0.957136,1.01033,1.010895,1.019429,1.018103,1.002425,1.006403,1.036206,1.010841,0.990527,0.915559,0.982173,1.006847,1.019206,1.019093,1.027696,0.998289,1.005355,1.007368,0.991336,1.011883
2024-07-08,1.004496,1.013051,1.002178,1.000384,1.042418,1.002546,1.002339,0.998186,1.017657,1.016458,0.997129,0.996905,0.999497,0.9913,0.994738,1.052383,1.022869,1.003758,0.992883,0.98189,1.013469,1.022687,1.003171,1.014305,0.995827,0.992543,0.995641,1.011349,1.013259,1.013572,1.002125,1.010315,1.001746,1.005487,1.008903,1.003855,0.998264,0.999085,0.982028,0.999857,1.022533,0.997224,0.997306,1.001356,1.016903,1.00121,1.025349,1.029552,1.019923,1.001488,1.001202,0.987901,1.009509,1.01336,1.015265,1.007277,1.018847,1.008455,0.996468,1.000612,0.998463,1.013114,0.973025,1.007847,1.013806,0.990618,0.994744,0.997471,1.017403,0.99211,1.000409,1.012481,1.014443,1.01408,1.014822,1.009072,1.006464,1.015557,1.009048,1.004667,1.01291,0.995674,1.020873,0.990799,1.001628,1.00457,0.997349,1.009577,1.00995,1.004083,1.029872,1.0094,1.014216,1.006558,1.029731,1.004054,1.01215,1.003148,0.939827,0.991977,1.000177
2024-07-09,1.003746,1.016743,0.986786,0.98791,1.023307,1.011913,1.006222,0.990199,0.997945,0.991596,0.990899,0.100796,1.022503,0.982447,1.007213,1.015768,1.015291,0.993949,0.992338,1.009609,1.030335,1.043564,0.991639,1.016976,1.044794,1.012639,1.006917,0.995629,1.000422,0.994407,1.015747,1.017354,0.998095,0.997323,0.999336,1.02077,1.020066,1.005389,1.003459,1.01215,1.005917,1.007549,1.007889,1.025736,0.996359,1.002836,1.000273,0.99913,1.025282,0.984443,0.99573,1.024934,0.995447,0.994282,1.002172,1.000323,0.99184,1.008839,0.990666,0.984547,0.988839,1.014171,0.994568,0.987313,0.99979,1.002818,1.01124,1.000904,0.933816,1.013666,0.971261,1.01234,0.99381,0.988257,0.984854,1.006224,0.987816,1.021375,0.991694,1.003318,1.028405,1.003357,0.972204,0.995888,1.00075,1.00388,0.987772,0.989859,0.993778,1.012309,1.017766,0.999455,1.007507,1.025063,1.012645,1.005938,1.010198,0.984552,1.021047,1.005344,1.017127
2024-07-10,1.002891,1.001792,1.006963,0.997669,1.022431,1.001467,1.008632,0.987321,1.009056,1.006273,1.001557,0.98807,1.023074,1.038747,1.053473,0.989499,1.007605,1.025493,1.026152,1.032699,1.042832,1.008719,1.001542,1.017206,1.03423,1.005412,1.002404,1.012537,1.000422,1.023692,0.998292,1.015713,1.024002,1.016517,1.011489,1.016243,1.027867,1.021617,1.020619,1.011722,1.009533,0.985706,0.986008,1.021921,1.029738,1.012748,1.016021,0.996518,1.012109,1.001738,1.01186,1.016996,1.013563,1.01723,0.990678,1.010132,1.037903,0.998941,1.02282,1.022999,1.013233,1.016526,0.987161,1.005744,1.006496,0.979082,1.00912,0.990219,1.013104,0.999802,1.021035,0.990805,0.983806,0.996785,1.005492,1.013746,1.0144,1.0,1.009803,1.02216,1.007013,1.020272,1.037938,0.898228,1.013367,1.009663,1.014532,1.024521,1.019718,1.006768,1.015516,1.024088,1.065002,1.029959,1.02206,1.022196,1.00298,1.01618,1.043478,1.005459,1.007204
2024-07-11,0.985134,0.974704,1.035875,1.019081,1.001846,0.99391,1.003704,0.897944,1.007594,1.014133,0.97363,0.920915,1.001322,0.993496,0.996601,0.985697,0.968573,0.996623,1.04733,1.005054,0.99229,1.008796,1.020431,1.024741,0.999398,1.007726,0.994722,0.981213,1.023197,1.025641,1.021931,1.020185,0.99647,0.98822,1.009293,0.994784,0.990144,1.001372,0.96199,1.023171,1.002612,0.984474,0.984232,0.99833,1.007504,1.007964,1.008826,1.003494,0.989132,0.973106,1.036885,1.015214,1.014626,1.007987,0.961757,1.015984,1.00859,1.017203,1.014498,1.019596,1.040461,1.006873,0.943241,1.012874,1.028316,1.003587,1.006967,0.986652,0.986092,0.9865,1.003571,0.967507,0.933761,0.976509,1.031136,1.017966,1.014915,0.984304,1.020829,0.990778,0.913948,1.012635,0.99457,0.946166,1.006287,1.022375,1.016446,1.005935,0.999352,1.00317,0.968584,0.988578,1.044473,1.003415,1.000339,1.045507,1.012813,1.013993,1.011122,1.014859,1.013788
2024-07-12,0.992235,0.979465,0.976436,0.955961,1.007678,0.988918,0.993383,0.977043,0.985998,0.98841,0.977758,1.029106,0.99696,0.97506,0.977945,0.990482,0.985192,0.985626,0.982387,0.959769,0.995053,0.973751,0.991146,0.988914,0.994982,1.004566,0.991835,0.984595,0.990107,0.972565,1.00459,0.988342,0.974289,0.994656,0.994327,0.985539,0.987727,1.004384,1.013596,1.002865,0.99499,0.981382,0.981604,0.968199,0.984377,0.988466,0.988103,1.011898,0.967461,0.976327,0.992592,0.96823,0.999693,0.992766,0.9374,0.999853,0.9849,0.994592,0.99433,0.99702,0.999385,0.98963,1.030001,0.994075,0.998785,0.986973,0.979899,0.992898,1.01086,0.993173,0.990557,1.003668,1.026273,0.991168,1.002825,0.989344,0.994098,1.014883,0.992152,0.979752,0.999269,0.989047,0.987883,0.976019,0.99608,0.988444,0.999478,0.975374,0.973985,0.993081,1.002938,1.007882,0.984406,0.996392,0.982223,0.98122,0.986982,1.000952,0.972582,0.997044,1.009861
2024-07-15,0.992297,1.00058,1.006895,1.019586,1.003322,0.989494,0.953369,0.973101,1.000967,0.997579,0.996626,0.980252,0.972632,0.996893,0.997442,0.987555,1.009335,1.002051,1.005898,1.003853,0.976406,0.995896,0.995635,0.998505,0.99025,0.980619,0.998523,1.001132,0.985012,0.994325,0.982589,0.993222,0.994894,0.989152,1.000094,0.992621,0.998989,0.98278,1.002141,0.987077,0.97281,1.000949,0.999831,0.997367,0.99257,0.985942,0.989364,0.945799,0.998572,1.093406,0.995303,0.999048,1.001534,0.997108,1.010095,0.997731,0.996449,0.98879,0.991369,0.992977,0.978697,0.991909,1.001975,0.999039,1.002433,1.012233,0.974048,0.992597,1.004604,0.984915,1.004421,1.016825,0.973904,1.00384,0.994072,1.008751,0.99715,0.997905,0.996836,0.988833,0.972579,0.990081,1.068473,0.996949,1.001107,1.002221,0.998433,0.984483,0.988402,0.998683,0.959756,0.967115,1.001754,0.997161,1.002901,1.007881,0.98629,0.989304,0.999831,0.999012,0.97702
2024-07-16,1.010716,0.99844,1.007486,1.016564,1.007048,1.006933,1.022306,1.028302,1.014127,0.996336,0.996833,1.023578,1.009778,0.995714,0.986014,1.009092,0.985418,1.015096,1.000704,0.990175,1.00069,0.977085,0.998675,0.986277,0.985333,0.982247,1.011084,1.026047,0.989434,0.979184,0.986428,1.003148,1.03018,0.983184,1.005799,1.018586,1.003656,1.010374,1.022812,0.997933,1.026087,1.022075,1.022571,1.004351,0.999697,1.010997,1.004911,1.011825,1.012505,1.013428,0.997091,1.002383,0.992036,1.003035,1.009913,0.999305,1.007337,1.009579,1.008784,1.001354,0.997735,1.006151,1.022253,1.010104,0.998989,0.999364,1.003428,1.013338,1.0125,1.022358,1.029711,1.007055,1.047571,1.01162,0.989962,0.987654,1.001727,0.995801,1.000934,1.024271,1.047044,1.009338,0.965687,1.043009,1.005528,1.027957,0.970188,1.008616,1.022588,0.974677,1.051463,1.034053,0.987972,1.00392,1.0,1.006256,1.008476,0.939212,0.99848,0.99477,0.993108
2024-07-17,0.999472,1.004688,0.99735,1.001928,0.996441,0.984121,1.010515,0.988003,0.991874,1.000716,1.021145,1.016826,1.008784,1.04237,1.0026,1.005849,1.002507,1.00172,1.007265,1.002481,0.989364,1.02259,0.985707,0.974197,1.002688,0.986734,1.005534,1.007793,0.990175,0.993828,0.981527,0.979618,1.052971,0.966111,0.996094,0.998218,0.978434,1.01116,1.056771,0.982875,0.935835,1.001364,1.000661,1.010492,0.990007,1.00189,0.999728,0.987414,0.988488,0.986858,0.987746,1.000238,1.002933,1.002937,1.014227,1.056259,0.991843,0.986114,0.978847,0.992035,1.001261,0.999335,1.002647,0.997714,0.994332,0.989578,1.010348,1.004312,0.989163,0.99268,0.980497,1.011923,0.99231,1.020975,0.991769,0.996622,0.990312,1.012298,1.021824,0.982557,0.991691,1.011564,0.996212,1.006023,0.993891,0.994168,0.981671,0.995034,1.010651,0.995041,0.979603,0.963134,0.993143,0.984503,0.87946,1.011323,0.989093,0.994884,1.008962,1.003836,0.983864
2024-07-18,0.973283,0.971246,1.017673,1.03214,0.995005,0.972583,0.978928,0.939156,1.007112,0.99938,0.970066,0.924101,0.976063,0.965626,0.994813,1.004243,0.97106,0.979827,1.039088,0.984534,0.976378,0.97694,1.000518,0.989094,1.006254,1.002436,0.975015,0.975474,1.010569,1.009833,1.00636,0.994267,1.005981,0.987464,1.013816,0.969903,0.991622,0.966753,0.943605,1.032739,1.002372,0.949728,0.949612,0.988926,0.974112,0.982841,0.999565,0.962064,0.973536,0.997715,1.025796,0.991727,1.013085,0.991842,0.979039,1.027748,0.972137,0.979014,0.997323,1.005908,1.007179,0.991089,0.943891,0.985868,1.006107,1.012381,0.985217,0.964145,1.045763,0.989467,0.968529,0.954737,0.931968,0.969674,1.011366,1.016271,1.008282,0.923291,1.01716,0.972534,0.936488,0.998666,0.979281,0.983727,1.016226,0.955809,1.052169,0.974579,1.040725,1.001869,0.876654,0.99995,1.009104,0.991148,1.006657,0.982876,0.959893,1.020057,0.996145,0.999292,1.014108
2024-07-19,0.99324,0.995195,1.033823,0.98788,1.004381,1.00209,0.999867,0.956371,0.996097,1.002531,0.994581,0.986256,0.996639,1.023769,0.987912,1.014241,0.961664,1.010741,1.013659,1.011153,1.02458,1.00822,0.998861,1.003938,1.011475,0.99937,0.982102,1.026984,1.008324,1.001879,1.015928,1.033298,1.016293,0.99343,0.990424,1.004471,1.001039,1.022166,1.014603,1.040952,0.949236,0.970121,0.969009,1.010294,1.008507,0.947578,1.043256,0.981073,1.009803,0.96194,1.0215,1.000384,1.003951,0.998355,0.955005,1.012034,1.013381,0.99341,0.992462,0.999849,0.981118,1.010735,0.98296,1.001356,1.007689,0.999444,1.015593,0.975519,0.973876,0.997013,1.004501,1.133977,0.982757,0.993154,1.016947,1.006671,0.993452,1.001128,1.015793,0.985362,0.968631,1.082419,0.981789,1.033708,0.987783,0.99613,1.001566,0.998907,1.034399,0.990107,1.019723,0.994301,0.999875,0.991448,0.988719,1.007148,0.998308,1.007058,1.004374,0.991785,1.021042
2024-07-22,1.010254,1.002161,1.016413,0.993205,0.994972,1.019337,1.026445,1.012073,1.001645,1.018102,1.014735,1.015878,1.023774,1.013778,0.99976,1.008332,1.011233,1.023502,1.114425,1.012584,1.017949,1.166196,1.030055,1.037918,1.008576,0.998469,1.002022,1.024131,1.013548,1.040068,1.001904,1.012733,1.014143,1.008071,1.00437,1.019635,1.005191,0.998007,1.031214,1.006535,0.999773,0.997162,0.998326,1.014887,1.017606,1.001432,0.998802,1.008039,1.01124,1.010441,1.006264,1.017108,1.014833,1.01887,0.979822,1.006521,1.017464,1.019972,1.002147,1.000452,1.003059,1.009028,1.027106,1.229906,1.012651,0.995312,1.006083,1.01642,1.011166,0.99571,1.016104,0.998576,1.006947,1.008634,1.010116,1.019549,1.013241,1.020653,1.001413,1.0187,1.026569,1.00423,1.009956,1.005435,1.006245,1.02103,0.99062,1.018525,1.021262,1.002227,0.997957,1.02455,1.017939,1.021287,1.013771,1.008206,1.022543,1.003504,1.011558,0.996572,0.999148
2024-07-23,1.000564,1.001285,0.98261,0.995534,0.993119,0.989252,1.009581,0.998286,0.993012,1.005662,1.003836,0.990701,1.008134,0.992188,0.986081,0.98837,1.014629,1.006949,0.970862,0.986499,0.983023,1.026495,1.014991,1.024943,0.997991,0.984305,0.997505,0.984317,1.002297,1.009344,0.992144,0.974699,0.991749,1.024575,1.006017,1.008216,0.996968,0.996866,1.000353,1.009349,1.00068,1.014525,1.01515,0.987355,1.006008,0.993391,0.998696,0.983413,1.004737,1.005348,0.987052,0.993451,0.996719,0.996832,1.00394,1.005412,1.003893,1.00712,1.037381,1.010238,1.016518,0.993421,1.000021,0.984272,1.001983,1.020118,0.983588,1.003433,1.001077,0.993015,1.013644,0.965503,0.986998,0.994964,1.002663,0.998375,1.004849,0.996321,1.009174,1.011151,0.992169,1.0043,1.01553,0.98048,1.01071,1.002493,0.994214,0.985369,0.995026,1.007634,1.05596,0.999455,0.994787,1.007447,0.998292,0.99802,1.008248,0.998503,0.986753,0.997707,0.989517
2024-07-24,0.992338,1.002566,1.026602,1.00525,1.009197,1.003913,1.013209,0.990626,1.002316,1.03778,0.991867,0.955399,1.018516,1.007712,1.004624,1.010063,0.990908,1.012109,1.001429,1.024417,0.991844,1.015131,0.996134,1.003196,1.021401,1.00724,0.993219,0.997448,1.003126,1.026149,1.018966,0.986729,1.013031,1.017908,1.011226,0.982173,1.005514,1.012159,0.98593,1.004117,1.001812,1.004266,1.004483,1.026283,1.005585,1.006157,0.997598,0.977295,0.99912,0.975274,1.01747,1.020583,1.012719,1.001978,0.978237,1.01899,1.006672,1.013936,1.019203,0.999255,1.010125,1.016556,0.994589,1.012704,1.000396,0.901941,1.01249,0.991072,0.999193,0.993014,1.010469,0.999675,0.929564,0.980912,0.999827,1.02181,0.951568,0.973781,1.002622,1.08585,0.934505,1.021321,1.00984,0.994028,1.003974,1.012956,1.004233,1.007696,1.018109,0.991463,0.959156,0.995591,1.016903,1.013545,1.003266,1.002204,1.005734,1.00025,1.007048,0.993824,1.017829
2024-07-25,1.019029,1.014991,0.992183,1.005887,1.004313,1.02402,1.002784,1.043629,0.99757,0.988119,1.029002,1.119565,1.002218,1.020015,0.976502,0.997394,0.998393,1.004481,0.969623,0.98497,1.01311,0.991255,0.987063,1.011272,0.994417,1.011737,1.014777,1.003373,1.00644,0.954891,1.00564,1.000565,1.006868,0.998934,0.994268,1.012187,1.004553,1.019453,1.016241,0.974504,1.002035,1.007506,1.00734,1.006645,1.012291,1.010413,1.005758,1.020246,1.018166,1.027549,0.978429,0.988894,0.986111,1.005878,1.017793,1.007923,1.017026,1.036339,0.996097,1.019389,0.993936,1.001303,1.02513,1.006312,0.969535,0.981605,0.994699,0.989194,1.028406,1.009268,1.007266,1.019517,1.128121,1.027862,0.997055,0.972921,0.994187,1.019719,1.00401,1.027812,1.083922,1.005219,1.026468,1.004314,1.001679,0.99115,1.014226,1.016627,0.997204,1.039462,1.042449,1.014031,0.999705,1.005297,1.010385,0.987024,1.009768,1.011988,0.988835,0.992051,1.003554
2024-07-26,0.98579,0.983249,1.023689,1.039739,0.992317,0.990501,0.945475,0.917359,1.009204,1.034165,0.984437,0.914986,0.98277,0.935519,0.979906,0.993392,0.986318,0.987279,1.012826,0.975339,0.957597,0.992758,1.017542,0.975527,0.950396,0.97473,0.993783,0.977821,0.978122,0.995027,0.951081,0.962175,1.013281,0.993169,1.030475,0.965673,0.985376,0.982391,0.997356,1.005653,0.978565,0.995957,0.995453,0.982496,0.973979,0.99917,0.987093,0.945023,0.985278,1.014237,1.018435,0.977256,1.01828,0.999647,1.035026,1.012806,0.983096,0.997197,1.012622,0.999415,1.002117,0.986077,1.048249,0.991533,1.020608,1.006099,0.985951,0.997036,1.026181,0.99443,0.986508,0.996304,0.933259,0.986088,1.013262,1.003602,1.030667,0.969877,1.019972,0.992855,0.906328,0.993616,0.963566,0.977297,1.048491,1.0,1.011429,0.977462,1.013744,1.026278,0.934459,0.94858,0.994116,0.99084,1.001611,0.968806,1.000979,1.008144,0.958544,1.016754,0.986171
2024-07-29,0.981966,1.006869,0.997786,1.010531,0.984973,0.962958,0.960753,0.999698,0.99541,1.029439,0.912153,0.978234,0.934052,0.953115,0.951392,0.976485,0.908288,0.977662,1.012456,0.928571,0.967875,0.989893,1.018627,0.991058,0.946,0.975828,1.006353,0.96408,0.984596,0.988173,0.973332,0.988377,0.985717,0.962601,1.011723,0.965691,0.981432,0.996388,0.944212,1.003661,0.949274,0.976515,0.97599,0.941054,0.991215,0.99565,0.997153,0.739415,0.978207,0.997317,1.021025,0.957588,1.020159,1.001456,0.966388,0.999836,0.996105,0.999157,1.029544,1.034695,1.012672,0.931116,0.980713,0.990274,1.020992,1.012124,0.941922,0.979334,1.010333,0.98206,1.002167,0.974439,0.982236,0.969239,1.017604,0.992822,1.026495,0.94862,1.003065,0.949012,0.971402,0.99743,1.010252,0.994977,1.011534,0.984554,0.994864,0.946606,0.990221,1.009034,0.957622,0.969637,1.029785,0.981593,0.980701,0.974011,1.002444,1.002938,0.936357,0.980943,0.999401
2024-07-30,0.966621,0.951833,0.973955,0.975923,0.97088,0.967976,0.974851,1.017509,0.973742,0.963987,0.959023,0.987902,0.972619,0.982818,0.975253,0.973067,1.016616,0.981963,0.975805,0.956603,0.987316,0.974113,0.982103,0.981955,0.965472,0.988655,0.975367,0.97967,0.958851,0.974545,0.973814,0.974813,0.973153,0.980016,0.974456,0.974178,0.968491,0.977804,0.988021,0.97473,0.970367,0.953919,0.955538,0.97531,0.984751,0.980461,0.969279,0.93622,0.966422,0.973918,0.982393,0.978708,0.982259,0.976872,0.963702,0.993823,0.985858,0.956669,0.970219,0.976372,0.985523,0.963152,0.974577,0.99497,0.966321,0.974913,0.960563,0.967343,0.968182,0.975409,0.965005,0.988149,0.936422,0.959334,0.977533,0.977325,0.988123,0.973727,0.963843,0.975476,0.991463,0.989093,0.973379,0.982647,0.977309,0.980009,0.976252,0.961917,0.971317,0.989987,0.957673,0.966553,0.966312,0.978747,0.98407,0.9634,0.961963,0.971443,0.978596,0.987292,0.981947
2024-07-31,1.009128,0.990252,1.007323,1.008009,1.015746,1.009581,1.015393,0.965584,1.011469,1.008709,1.005651,1.01295,1.023017,0.988086,1.007367,1.012537,1.009946,1.012278,0.994116,1.006227,1.030429,0.981513,1.016738,0.993364,1.017273,1.011762,1.01877,0.997531,1.009388,1.009168,0.990115,1.003538,0.9987,1.024949,1.017206,1.013065,1.009326,0.998181,1.024691,0.991447,1.016521,0.999377,0.993972,1.0244,1.011143,0.995443,1.019039,0.986077,1.015457,1.022055,0.98586,1.027912,0.999266,1.00487,1.023115,0.992996,1.015315,1.014253,1.005997,0.99203,1.005602,1.009417,1.038593,1.002247,1.002634,0.989671,1.009775,1.011287,1.003782,1.018411,1.015122,1.01495,1.03783,1.002737,0.991094,0.985878,1.000179,1.103778,1.005636,1.037876,1.004875,0.993314,1.020444,1.008188,0.998614,1.050591,1.014807,0.999851,1.006672,1.016,1.00885,1.03179,0.997175,1.015668,0.987938,1.021324,1.007097,1.011558,1.004605,1.002219,0.994685
2024-08-01,0.992183,1.012498,1.009693,1.004018,0.997929,0.998872,0.990736,0.988401,0.949992,0.990401,1.005187,0.946845,0.989962,0.989094,1.010293,0.992121,0.967382,0.998668,0.982879,0.992044,0.998039,0.99204,0.99776,0.989466,0.989528,1.010681,0.991945,1.006795,0.999114,0.967947,0.994275,0.999769,0.978957,0.95543,1.005225,0.923548,0.973401,1.006272,0.999137,0.997439,1.000985,1.001308,1.004106,1.005933,0.967478,0.995573,1.0,0.95764,0.995362,1.003574,0.99956,1.000299,1.006025,0.991473,0.973474,1.012833,0.962352,1.003435,0.997445,1.014023,1.003838,1.001895,0.989536,0.983505,1.011116,1.012056,0.99075,0.997047,1.007665,1.003133,1.001655,0.978977,0.948777,0.981983,0.995942,0.98397,1.011482,0.989846,1.013485,0.999841,0.983619,0.997815,0.998939,0.990764,1.009717,0.983155,1.003127,0.997161,0.975665,1.003845,0.955742,0.984595,0.996006,0.992832,0.990522,0.993281,0.993263,1.000497,0.998663,0.987747,1.013315
2024-08-02,1.023902,1.016633,1.015413,0.998363,0.993271,1.032359,1.022103,1.059454,1.039008,0.989556,1.018615,1.069494,1.020717,1.034489,1.024397,1.027715,1.026993,1.017849,1.007527,1.033684,1.031799,1.028253,1.002734,1.021813,1.015723,1.012532,1.03595,1.037827,1.015736,1.024438,1.014606,1.009133,1.020242,1.0,0.990485,1.050934,1.001762,1.012641,1.021464,1.021486,1.051169,1.019222,1.019441,1.026976,1.017348,1.0096,1.031103,1.078989,1.027353,1.031941,1.008307,1.018263,1.003944,1.012855,1.094763,1.00567,1.020467,1.01276,1.006757,1.012388,1.013812,1.013386,1.042359,1.018725,1.008395,1.012712,1.027359,1.010692,0.999742,1.03086,1.021619,1.025584,1.061268,1.024305,1.003376,0.99688,1.004999,1.112462,1.004752,1.024546,1.056559,1.008322,1.00611,1.009,0.990491,1.014648,1.007792,1.003746,1.021571,1.015846,1.036921,1.050144,1.000283,1.015622,1.023435,1.008939,1.012903,1.005958,1.008988,1.011209,1.019104
2024-08-05,1.005525,1.013736,0.997532,0.990434,0.999842,1.011429,0.998891,0.984962,0.993224,0.995438,1.006876,1.017291,1.018455,0.994315,1.001832,1.005835,1.014198,1.001614,0.997225,0.997241,1.006247,1.001291,0.993769,0.993139,1.003275,1.00314,1.018465,1.013688,0.992145,0.987208,1.00346,0.991092,0.998027,1.002908,1.002135,0.991205,0.995657,1.007531,1.009178,0.974468,1.017552,1.00946,1.010122,1.009243,1.000861,0.992043,0.993977,0.961933,1.006516,0.999601,1.002497,1.008527,0.999273,0.998838,1.054856,0.999927,0.997884,1.002634,0.987905,0.992032,0.997932,1.006892,1.015972,0.992328,0.999604,1.00553,1.000951,1.008269,0.998968,1.005695,1.002022,1.018766,0.997904,1.024038,1.000116,0.992698,0.998069,1.024932,0.997592,1.006845,0.997151,1.009123,0.991287,0.994106,1.003932,1.022622,1.004639,1.01142,0.993567,1.003047,1.005834,0.994361,0.98679,0.987445,0.99691,1.007423,0.999731,1.005676,1.0,1.004286,1.008143
2024-08-06,1.001702,1.005966,1.001316,0.991629,0.994079,0.989987,0.993755,1.018619,0.992279,1.013253,0.999161,1.002428,0.996637,0.977488,0.997126,0.992004,0.998876,0.979047,1.007277,1.0,0.993407,0.962542,0.99226,0.985926,0.980046,1.013074,1.010106,0.995169,0.986585,0.977237,1.000207,0.997052,0.996606,0.996984,1.006213,0.994021,1.006272,0.993891,0.998444,0.990904,0.98873,0.991293,0.991568,0.990291,0.991883,0.992736,0.98971,0.982243,0.995573,1.004542,0.995393,1.001895,0.992574,0.999463,0.991813,1.009663,0.979816,0.997614,1.005786,0.993689,0.989639,0.996007,0.996485,0.993477,0.99762,0.990659,1.001267,1.001946,1.001549,0.998738,1.004036,0.994501,1.040764,1.003938,0.994373,0.996497,0.978128,0.979007,1.00069,0.980532,0.990333,1.003874,1.025836,0.989745,1.004608,0.964896,0.996921,0.996458,1.004848,1.003862,0.98745,0.99922,1.011687,0.996758,0.99237,0.985738,1.0005,0.994601,0.986732,1.011038,1.001262
2024-08-07,1.019526,1.017193,1.005521,1.004082,1.017104,1.00808,1.000279,1.031878,1.010781,0.987231,1.020564,1.050733,1.008184,1.028209,1.007598,1.004425,1.037387,1.019469,1.042499,1.00536,1.008243,1.01779,0.993187,1.015313,1.014229,0.984641,1.001447,1.013091,1.011369,1.000179,0.994001,1.016173,1.005651,0.995928,1.003087,1.009993,1.01415,1.003434,1.006532,1.013564,1.007676,1.012077,1.011523,1.013265,1.012319,0.999695,1.007969,1.057335,1.029359,1.007948,0.990681,1.008487,1.004254,1.006536,1.026765,1.004507,1.022158,1.008054,1.003154,1.0153,1.013302,1.008017,1.024402,1.016132,1.015901,1.008019,1.019717,1.017699,1.006961,1.023502,1.051715,1.0151,1.065309,1.012672,1.005542,1.01406,1.002878,1.034377,1.015677,1.026001,1.040395,1.00223,1.244969,1.011656,1.0,1.018419,1.004632,1.012146,1.00858,1.001949,1.052357,1.027023,1.015833,1.002196,1.013055,1.022426,1.000923,1.006168,1.015559,0.991703,0.99042
2024-08-08,1.003722,1.002034,1.009256,1.015244,1.001566,1.008539,1.01787,0.997307,0.997774,1.002335,0.999236,1.009798,1.019959,0.998459,1.0091,1.008812,1.001351,1.003429,0.986751,1.019433,0.996429,0.98381,1.015807,0.997188,1.014552,1.009138,0.99756,1.002828,1.001543,1.003046,1.003607,1.001968,0.997655,1.008178,0.997714,0.99414,1.000812,1.005236,0.99994,1.002163,1.006694,0.976496,0.976913,1.013742,1.015968,1.004422,1.006964,0.973131,0.985925,1.00422,1.000568,1.011061,1.001753,1.003291,1.026023,1.006793,1.006139,1.001742,1.003108,1.012226,0.993558,1.010936,0.996632,1.006542,1.001565,0.992919,1.028229,1.006884,0.998592,1.02108,1.000255,1.000269,1.016704,1.009981,1.007774,1.00104,1.009026,1.020072,0.993978,1.015819,0.98631,1.00676,0.979145,1.045927,0.999885,1.005772,1.005635,0.993414,0.996508,1.005939,0.968965,0.991686,1.009456,1.016648,0.999447,0.998585,1.003883,1.002943,1.014942,1.007779,1.009248
2024-08-09,1.01741,1.013531,1.002073,1.009555,1.016571,1.026621,1.006995,1.046963,1.008242,0.977059,1.044033,1.053523,1.023548,1.046944,1.005669,1.01357,1.01738,1.016956,1.01446,1.020918,1.023845,1.002249,0.992758,1.013074,1.008533,1.017379,1.01697,1.029257,1.068002,1.028041,1.014723,1.062571,1.004663,1.028853,0.996915,1.00773,1.003,1.007558,1.011849,1.002698,1.028663,1.007036,1.005799,1.000642,1.012399,1.004352,1.008475,1.038655,1.024186,1.019015,1.003849,1.006231,1.001021,1.010993,0.999893,0.994798,1.010183,1.01858,1.013719,0.987079,1.023367,1.007727,1.020066,1.007847,0.991209,0.997623,1.012068,1.010003,0.992309,1.002327,1.050688,1.015983,1.040481,1.009808,0.99315,0.994114,0.994787,1.007097,1.005887,1.027215,1.037033,1.006035,1.010437,0.998011,0.997936,1.006632,0.972491,1.043459,1.002641,0.990534,1.063363,1.032309,0.999896,1.010323,1.016849,1.011101,1.021674,0.978973,1.016959,1.065832,0.99815
2024-08-12,1.002683,1.005918,1.002585,1.000541,1.005505,0.998737,1.001907,1.008143,0.987861,1.008209,0.997016,0.997532,1.008858,1.020294,1.007943,1.009695,0.99565,1.000493,1.005091,1.014541,0.993751,1.003693,1.005422,1.00253,1.017869,0.99955,0.992295,1.000457,1.019163,1.013725,1.003202,1.012485,0.999963,1.005744,0.992839,0.988494,1.004293,1.002163,0.99694,0.992467,1.010254,1.009622,1.010291,1.010501,1.005527,1.000202,0.999123,1.0087,1.002131,0.997522,1.001886,1.011439,1.00772,1.001491,0.989845,0.999714,1.004541,1.000363,1.01317,0.997723,1.011357,1.018402,0.981557,0.999135,1.011431,1.003177,1.007949,0.99392,1.014985,1.01636,1.008848,0.994532,1.014,1.003944,1.00058,0.985719,0.999821,1.027546,1.001442,1.000294,0.993308,0.996536,0.999262,1.004906,1.004023,0.992652,1.013096,1.016801,1.00048,1.009916,1.009246,0.993067,0.99667,1.003365,1.008557,1.008876,1.002174,1.014236,1.013927,1.00369,0.995283
2024-08-13,1.010714,0.999292,1.015317,1.008108,1.007708,1.017454,1.011827,1.045234,1.020315,0.999136,1.006551,1.012008,1.009296,0.998055,1.008388,1.001981,1.022977,0.997387,0.998784,1.010261,1.003406,1.004953,0.998627,1.016153,1.024147,1.005037,1.002022,1.009395,1.010514,1.007712,0.997012,0.986743,1.00724,1.017021,1.00374,1.007275,1.010582,0.996662,1.008913,1.009081,1.009709,1.022217,1.022766,1.000833,1.00279,1.00272,1.004902,1.031145,1.01495,1.006639,1.001506,1.006917,0.997109,1.003853,0.999664,0.996894,1.008542,0.995948,1.032533,1.010981,1.0026,1.002738,1.003527,1.000236,1.0,1.006598,1.003056,1.007312,1.009927,1.021452,1.000601,1.006429,1.043506,1.003273,1.006952,1.017668,1.003157,1.013092,1.003303,1.02163,1.01208,1.003391,0.973526,1.000458,0.995192,1.020357,1.007756,1.004096,1.005994,1.005189,1.030539,1.000648,1.001904,1.006298,0.994601,1.010882,0.996597,1.003201,1.020242,1.003676,1.003046
2024-08-14,0.998863,1.002745,0.996343,0.989902,1.002823,0.998455,0.992611,1.007213,1.001768,1.003278,1.003703,0.989506,0.996182,0.958027,0.975296,0.993915,1.000132,0.989382,0.993509,0.988393,0.996083,0.978201,1.01188,0.994287,0.990065,0.983086,1.004413,0.986661,1.005202,1.001701,0.985425,0.999142,1.001438,0.988108,0.996984,0.993066,1.000069,1.000677,0.994501,1.00403,1.004808,1.003325,1.00306,0.985456,1.011568,1.005175,1.006676,0.975372,1.006,1.002178,1.00332,0.995683,1.005799,0.998888,1.030549,0.997529,0.988158,1.004583,0.993323,1.00127,1.006602,0.992765,0.995182,1.004879,1.002338,1.006293,0.990467,1.007757,0.995337,1.014538,1.003362,1.006411,0.978846,1.009063,1.011679,1.003472,1.011816,0.994462,1.004474,1.035431,0.987662,0.99662,1.007692,0.988716,0.99839,0.996935,1.0,0.997926,1.011422,0.993117,0.992726,1.009369,1.003231,1.001747,0.999457,1.001832,1.005892,1.0027,0.994686,1.011123,0.966675
2024-08-15,1.002735,0.999514,1.001937,1.005597,1.009777,1.006296,1.006362,1.009015,1.001826,0.995962,1.006876,0.998976,0.97321,1.007728,1.001551,0.99847,1.009588,1.002462,0.988975,0.987278,0.999039,0.993867,1.003978,0.997752,0.987775,0.997906,1.005958,0.997136,1.00418,0.990153,1.004354,1.01197,0.997939,1.01092,1.003114,1.008728,1.010678,0.994151,1.007118,1.005084,1.012614,0.992128,0.992045,0.998231,1.008686,1.006748,1.006019,1.02001,1.004811,1.008713,1.00793,1.000373,1.002739,1.008034,1.002105,0.994165,1.008488,0.997613,1.014284,1.001691,1.025299,1.001238,1.016004,1.011981,1.007193,1.00773,0.999107,0.998446,1.008357,0.997967,1.005266,1.001145,1.009823,1.007401,0.996361,1.004498,0.998533,1.006807,1.008573,0.994019,1.01226,0.99415,0.997527,0.995836,1.008871,1.010916,1.002565,1.103374,0.992889,0.996127,1.009815,1.028784,0.995557,0.996876,0.992396,0.999086,1.000597,1.004896,0.987711,1.009391,0.993629
2024-08-16,0.98883,0.99174,0.999186,1.006374,0.990917,0.985242,1.005514,0.961283,0.985964,1.002779,0.977902,0.97925,1.005928,0.996137,1.012645,1.003832,1.00805,1.002491,0.983072,0.998183,0.998221,0.985892,1.004639,0.98673,0.997854,1.003193,0.995621,0.990425,0.995441,0.990055,1.002821,0.99878,0.987938,0.991182,0.994589,1.003269,1.009468,0.997892,0.991121,1.010249,0.997852,0.987234,0.987639,1.002598,0.986233,0.993645,0.993662,0.938814,0.992244,1.006175,1.005699,1.009459,0.99655,0.999913,1.002311,1.005905,0.991501,1.001752,0.998274,0.996203,1.003313,1.014284,0.993964,0.995125,1.000386,1.004482,0.998709,0.979747,0.990959,0.988295,0.992976,0.978253,0.962957,0.984879,1.003025,0.991388,0.999941,0.980947,1.000833,1.00084,0.970038,1.006481,0.996228,0.995354,0.986753,1.00664,0.998465,0.984741,0.989659,1.005014,0.943521,0.977924,1.001124,0.994262,0.991712,1.011213,0.999031,0.995615,1.009016,1.004519,1.007729
2024-08-19,1.011889,1.010288,1.006009,1.005263,1.008168,1.001543,1.007491,1.021622,1.013157,1.031349,1.005167,1.024763,1.014288,1.012734,1.013507,1.013895,1.016584,1.020341,1.01029,1.028467,1.017671,1.024712,1.002501,1.010403,1.021939,1.013004,1.00188,1.020921,1.010354,1.017492,1.012969,1.012188,1.006161,1.007117,1.002141,1.002683,1.009855,0.993185,1.009076,1.010804,1.045415,1.011723,1.011111,1.023446,1.028,1.011692,1.000714,1.021891,0.931699,0.992089,1.010964,1.007755,1.006635,1.008728,0.998501,0.996374,1.040614,0.994923,1.001072,1.005647,1.005921,1.006635,0.992612,1.015163,1.011769,1.000429,1.013226,1.002984,1.009377,0.996763,1.007673,1.008941,1.045499,1.008039,1.00074,1.00417,0.99424,0.995614,1.000416,1.002517,1.026627,1.004237,1.017202,1.001867,0.996644,1.026447,1.011276,1.010713,1.003743,1.010894,1.045856,1.029985,1.010005,1.010355,1.008909,1.027155,0.998134,1.008319,1.013224,1.001588,1.013859
2024-08-20,0.99647,1.001499,0.999443,1.000089,1.010532,1.002042,0.990574,0.967802,0.993856,0.992555,0.991301,0.959485,1.010267,0.991541,1.003772,1.009036,0.991466,1.00034,1.002702,0.994368,1.007893,1.019041,1.008444,1.010799,0.99986,1.01939,1.015127,1.004848,1.000985,0.999149,1.005961,1.005011,0.994768,1.013472,1.005785,1.00258,1.000202,0.998456,1.0,1.003128,1.003706,1.002986,1.00326,0.996957,0.99606,1.006766,1.009587,0.980039,0.995596,0.984873,1.002925,1.003939,1.015045,1.00584,0.99768,1.005567,1.00172,1.004717,0.997099,1.002246,1.011205,1.005381,0.98697,1.009958,1.005149,0.99717,1.004318,0.992082,1.012302,1.00249,1.002736,0.999505,0.977506,0.997917,1.000569,1.000692,1.006975,0.970736,1.009155,1.004742,0.976888,1.001519,1.017124,1.001398,1.004296,1.005165,1.001521,1.002524,0.999126,1.009316,0.967729,0.992234,1.004482,1.004011,1.01008,1.005067,1.002879,1.006794,1.000353,1.004359,1.021406
2024-08-21,1.001649,1.003742,0.992301,1.003549,1.010689,1.014979,0.997587,1.0034,1.000459,1.003773,0.986439,1.011089,1.00453,0.997521,0.993737,1.003134,1.022002,1.003386,0.997512,0.99822,0.999886,1.015195,1.007898,0.999752,0.999018,0.990049,1.018364,0.995929,0.998425,0.978876,0.989562,0.98144,1.002798,0.990412,0.990178,0.989991,0.992128,0.997251,0.998657,1.00052,1.010256,0.99077,0.991093,0.998799,0.997514,1.011087,1.003788,0.997019,1.014908,1.006594,0.989916,1.004608,1.009317,1.008282,1.004156,1.004139,0.992295,1.01355,1.003325,0.998039,0.993956,1.003746,0.996124,0.996587,1.005692,1.001978,0.997557,1.000846,0.987227,1.010575,1.011984,1.004687,1.01455,0.996976,0.996193,0.996542,0.993543,0.999676,1.009567,0.993753,1.026196,1.006655,1.031057,0.99116,0.991328,1.004123,0.994433,0.998615,1.007943,1.017961,0.981239,1.011717,1.000375,1.010128,0.989479,1.002411,1.009358,0.999036,0.99189,1.001315,0.990489
2024-08-22,0.99288,0.993247,0.997346,0.998232,0.991216,0.987179,1.014645,0.972492,1.00783,0.995976,0.986599,0.98011,1.008077,0.986478,1.007058,0.996875,1.004326,1.002855,1.019534,0.998379,0.991684,0.986224,0.998773,0.992296,1.012432,0.99751,0.97706,0.979939,0.983041,0.996171,0.993535,1.00524,0.989733,0.984488,1.007149,1.000481,1.004171,1.022192,1.005146,1.02026,0.995939,0.988701,0.988888,0.992252,0.998687,0.99459,0.998641,0.97708,0.985183,0.99971,1.005953,1.005041,1.003497,1.001059,0.994196,1.00637,1.001489,0.993284,0.991058,1.0,0.994707,1.009731,0.995531,1.001598,1.003962,1.007725,1.001176,0.992171,0.997488,0.982924,0.970688,0.978803,0.979034,0.995667,0.992128,0.997571,0.998877,0.984436,1.001307,0.983797,0.988041,1.011298,0.966531,1.001095,1.000117,0.997977,1.008651,0.98853,1.004489,0.987159,0.983462,0.985998,1.002026,1.009267,0.994449,1.008747,0.994348,1.000965,1.014397,0.999343,0.990143
2024-08-23,0.99803,1.01457,0.998874,0.99876,1.008358,1.016217,1.007945,0.994056,1.004613,0.99232,1.007728,0.992098,1.010697,1.00908,1.005507,1.003731,0.998094,1.006988,1.013453,1.004872,1.009879,0.987999,1.000189,0.988229,1.008463,1.019795,0.998401,0.9927,1.010832,0.995283,1.009726,1.010239,1.003608,1.003576,1.002573,1.001732,1.000405,1.004012,1.009949,1.011329,1.008563,0.993313,0.99343,1.01345,0.984894,1.012269,1.002217,1.026517,1.009335,1.010286,1.001891,1.004157,1.004181,0.999767,0.99079,1.005089,0.991283,1.019076,1.002822,0.992702,0.998415,1.012937,1.002786,1.009878,1.002631,1.000511,1.003914,1.006137,1.007808,1.012635,1.005677,1.021078,0.936152,1.011169,0.989478,0.998957,1.005738,1.02108,0.999837,1.038762,0.986267,1.011999,0.995383,1.014848,1.000583,0.986822,0.996973,0.97807,0.997619,0.993397,1.002576,1.016126,1.005148,1.002098,0.998349,1.008671,1.019057,0.994215,1.004906,1.004469,1.013817
2024-08-26,1.010486,0.996562,1.00579,1.004523,1.005114,1.008391,1.012218,1.021101,1.008519,1.002416,1.037067,1.037533,0.99542,1.008592,1.014439,1.014424,1.004734,1.007755,1.004626,1.012282,1.012683,0.98865,1.006521,1.002788,1.010731,0.994929,1.006485,0.984008,1.002977,1.004739,1.003595,1.010267,1.008576,1.006347,1.008496,1.012489,1.008506,1.005137,1.005991,0.994336,1.006266,1.010465,1.00989,1.000294,1.003923,1.001928,1.016239,1.094883,1.011978,1.011208,1.009925,1.011656,1.005829,1.011677,1.021081,1.002205,1.007011,1.005283,1.002779,1.015269,1.004422,1.009775,1.005963,1.013393,1.007684,1.008428,1.009844,1.009731,1.005998,1.012809,1.000721,1.028547,1.015137,1.013413,1.004591,1.010097,1.008881,1.015484,1.006038,0.990022,1.034279,1.008586,0.996943,1.002618,1.006993,1.011178,1.007085,1.001304,1.005542,0.993203,1.037958,1.015396,0.997684,1.011414,1.012364,1.015044,1.007473,1.012848,1.019529,1.010599,0.998392
2024-08-27,0.976938,0.972795,1.00703,1.012272,0.999795,0.994133,0.986762,0.921782,0.990055,1.028162,0.987395,0.938398,0.983221,0.926787,0.998773,0.995163,0.975583,0.982945,1.011411,0.981162,0.955462,0.996777,1.012019,0.998231,0.990948,0.965375,0.984525,0.980862,0.990503,1.002446,0.977763,0.99987,0.981137,0.98617,1.016147,0.968024,0.982294,0.985168,0.940385,1.008861,0.972479,0.960632,0.963153,0.955336,0.989796,0.98533,0.995795,0.911978,0.991353,0.981345,1.007838,0.979982,1.007451,0.991218,0.996365,0.998451,0.987767,0.997476,0.989122,1.006127,1.00429,1.003614,0.981681,0.97149,1.005579,0.984213,0.958112,0.981541,0.992796,0.962886,0.975996,0.977614,0.90475,0.987331,1.026955,0.975526,1.017372,0.969187,1.019629,0.994063,0.931204,0.980947,0.985302,0.995238,1.029051,0.979504,1.026633,0.988153,0.985953,1.009108,0.983607,0.941635,1.014368,0.996564,0.991832,0.982215,1.007852,1.027525,0.99829,0.999223,0.979057
2024-08-28,0.998121,0.991381,0.99656,0.997732,1.006172,1.007373,1.008681,1.028699,1.000393,1.009333,0.983433,1.008705,0.989894,1.013663,0.995086,0.997791,0.99618,1.000068,0.988915,0.991865,0.989743,0.957335,1.009185,0.978987,0.987431,0.988257,1.013033,0.998468,0.992809,1.033461,0.982096,1.016231,1.000984,1.001346,1.010968,0.98863,0.997819,0.998067,1.013093,0.992848,1.000826,0.994956,0.994217,1.006524,0.999808,1.003319,1.01406,0.966667,0.997263,0.996463,1.001196,0.995597,0.993836,0.99595,0.989316,1.013328,0.999959,1.002116,1.008791,1.041799,1.023269,0.996914,1.001915,1.009935,1.011837,0.993309,1.008865,0.998681,1.014388,1.006456,0.996311,0.998768,0.983426,1.008961,1.00552,1.00318,1.007907,1.002622,1.007159,1.008472,1.012803,1.000992,0.990878,0.986263,1.002474,1.007077,1.006853,1.00448,1.00902,0.991373,1.041833,1.010752,1.009187,1.00192,1.011137,0.992886,1.007001,0.966224,0.995717,1.000907,0.987789
2024-08-29,0.99887,1.006928,0.978935,0.988636,0.991104,0.987275,0.962837,0.989849,0.981007,1.004817,1.026308,0.991565,1.000397,0.993444,0.991111,1.003838,0.995439,0.988889,0.996797,0.994587,0.990527,0.997407,0.997794,1.029222,0.988315,0.989775,0.995461,0.993702,0.988531,0.979258,0.991976,0.978926,1.000832,0.993277,0.998206,0.991176,0.974286,1.009988,0.984912,0.995451,0.993808,1.005006,1.00505,0.994375,0.992267,0.987545,0.992553,0.998456,0.9974,0.989538,0.985839,0.992249,0.980843,0.986,0.964536,0.989231,0.994541,0.988037,0.999792,0.997343,0.981984,0.987874,1.008035,0.994325,0.991958,1.024093,0.994109,0.998753,0.99075,1.005797,0.997655,1.000683,1.009415,1.013215,1.004369,1.004227,0.997555,0.985943,0.988705,0.992012,0.990141,0.987862,0.99166,0.996714,1.004263,0.994548,1.003889,0.996196,0.991796,0.991851,1.049041,0.98799,0.985617,0.983692,0.98821,0.98871,0.993333,0.995902,0.978321,0.996375,0.992197
2024-08-30,0.980054,0.992985,1.0028,1.00672,0.996803,0.992041,0.973862,0.963497,0.988285,1.010786,0.963461,0.896447,0.969107,0.972063,0.96562,0.976618,0.986639,0.988912,0.977912,0.9746,0.987409,0.989872,0.993827,0.995226,0.978253,0.986691,0.989503,0.991264,0.987177,0.994489,0.983183,0.994449,1.005629,0.991991,0.997861,0.982195,0.992044,0.98483,0.98401,0.999365,0.979024,0.959206,0.959807,0.983049,0.995026,0.976106,0.990868,0.973711,0.989766,0.989784,0.996303,0.976244,0.999578,0.981376,0.989,0.996553,0.998771,0.997402,1.005348,1.003197,1.005593,0.967354,0.967902,0.978691,0.989313,0.993676,0.970169,0.983619,0.995643,0.973889,0.997526,0.987599,0.959146,0.99439,0.989069,1.001754,1.000684,1.005637,1.005033,0.956407,0.966341,0.98997,0.995522,0.987596,0.987711,1.001949,1.015496,0.995918,1.007333,0.978801,0.915541,0.979658,1.002334,0.992446,1.001099,0.976943,1.002692,0.996127,0.949701,0.995842,0.995317
2024-09-02,1.011813,1.000408,1.015615,1.022572,1.005797,1.011484,1.012655,1.028284,1.016721,1.010036,1.023397,1.027921,1.028108,1.033562,1.018318,1.019726,1.019173,1.012712,0.995893,1.007616,1.014209,0.99209,0.993047,1.002777,1.025899,0.996038,1.022597,1.007337,1.004124,0.977835,1.012558,1.01486,1.025883,1.004549,1.004803,1.014156,1.000919,1.029988,1.025554,1.005716,1.005515,0.982975,0.985356,1.018682,1.015192,1.015293,1.013899,1.009529,1.019297,1.016044,1.013566,1.020474,1.00998,1.013637,1.006159,1.017542,1.003773,1.02304,1.006148,1.005311,1.008121,1.018898,1.009035,0.998911,1.008195,0.979379,1.016461,1.010007,1.015129,1.014494,0.985861,1.037016,1.035398,0.986461,1.004793,1.029762,1.002677,1.140785,1.013036,1.006677,1.01631,1.022965,1.011629,1.001749,1.010293,0.984377,1.025274,0.995439,1.014869,1.011917,1.02629,1.01884,0.995342,1.005929,1.010507,1.017307,1.022336,1.038396,1.010926,1.009134,1.02104
2024-09-03,1.005985,0.996379,1.014917,1.00584,1.017232,1.008072,0.992996,1.033949,1.009235,1.018027,1.02366,1.052478,0.978081,0.982567,0.995186,0.996899,1.008396,1.006709,1.016082,0.973295,1.000359,0.995536,0.997479,0.985398,0.967672,0.984848,0.997546,1.001628,1.001848,1.008323,0.985246,1.000181,1.005969,1.000679,0.998037,0.99518,1.001941,1.002786,1.009858,1.028672,0.94557,1.003143,0.999664,0.956117,1.014637,0.998956,1.008795,0.995281,1.010574,1.010117,1.004622,0.948111,0.995825,1.001382,0.992271,0.992403,1.010828,1.001909,0.999931,0.992339,1.004083,0.988739,1.0,1.012689,0.999076,0.999307,0.984111,1.020901,1.013672,0.997335,0.982388,1.005341,1.015309,1.114376,0.997867,1.011221,1.009826,1.004624,0.994508,0.99279,1.00566,0.992902,1.012255,1.000794,1.003583,1.012536,1.009767,0.982867,1.006109,1.006144,1.045776,0.99319,1.008298,1.005854,1.007371,0.994918,0.999055,1.021531,0.988276,1.019007,0.963568
2024-09-04,1.014137,1.011585,0.976122,0.995645,1.007506,1.01027,0.997926,1.049146,1.003192,0.984104,1.02768,1.067877,1.035694,1.007872,0.992872,1.008739,0.998083,0.992408,0.985998,0.988783,1.002514,1.012462,0.993355,0.988247,0.988912,0.98625,1.006832,1.013853,1.006559,0.985423,0.997468,1.003331,0.990026,0.999095,0.993757,1.008174,1.003558,0.990708,0.996227,0.993861,0.996653,1.014266,1.016817,1.008649,0.998975,1.015377,1.022258,1.034773,1.016256,1.013815,0.984705,1.008124,0.993431,1.002997,1.021792,0.99086,1.0,1.000328,0.996429,0.989618,0.992966,1.001474,1.013946,1.001076,0.983173,0.994624,1.004243,1.021342,1.01373,1.011653,1.00397,1.018381,1.081499,1.008275,0.988583,0.99731,0.978233,1.002589,0.988245,1.007262,1.030183,0.991355,1.052068,1.00555,0.990295,0.996463,0.988024,0.995135,0.990788,1.010382,1.008666,1.013063,0.984508,0.979888,0.989756,0.993782,0.995164,1.003436,0.995922,1.000381,0.990074
2024-09-05,1.008519,1.000494,0.997071,1.001973,0.998801,1.010631,1.014135,1.006072,1.000242,0.992342,1.01344,1.039742,1.003816,1.008926,0.994359,1.01351,1.011295,1.009121,0.992797,1.000524,1.013672,1.035459,1.001979,1.016287,1.007914,1.003217,1.016248,1.015226,1.010181,1.025307,1.009646,0.995908,1.001875,1.011096,0.998021,1.015614,1.004002,1.003605,1.020138,1.027428,1.03246,1.022281,1.023353,1.006134,1.010635,1.003088,1.008195,0.985743,1.003805,1.006274,0.998908,0.99696,1.00211,1.004795,1.015344,1.002311,1.018878,1.00805,1.007305,1.000403,0.996126,1.009767,1.026903,1.013822,0.990032,1.004708,0.995981,1.009361,1.00036,1.007821,1.0,1.01161,1.019075,1.026721,1.008363,0.983142,0.997413,1.001722,0.99513,1.014564,0.990514,1.007043,1.010998,0.973663,0.996846,1.002203,1.006527,1.007808,0.993047,1.019492,1.007364,0.968233,0.997745,1.005616,0.999377,0.979888,1.004965,1.00137,0.959799,1.010401,1.013762
2024-09-06,1.003621,0.998788,1.000979,0.996319,0.999114,0.915301,0.999043,1.010214,1.007241,1.005735,0.997273,1.01902,1.015089,0.963138,0.996648,0.995364,1.015989,1.000689,1.018449,1.005931,1.016874,1.003363,0.994264,1.006105,1.010397,1.005831,1.00106,1.004736,1.00383,1.007822,1.010057,1.019845,1.006459,1.013998,1.011555,1.005519,1.001329,1.013736,1.05056,0.995791,1.003903,1.018195,1.017907,1.0104,1.014849,0.997459,1.015028,1.015496,1.013831,0.991599,1.005345,0.988964,1.002527,1.003145,0.987904,1.002886,1.013331,1.00254,1.014298,1.011831,1.0,1.00954,0.998135,1.00871,1.006079,1.005293,1.01666,1.008407,1.014258,1.014939,1.007781,0.991897,0.999664,1.004028,1.000621,1.003772,1.003516,1.019479,1.007782,0.996305,1.016669,0.99184,0.992849,1.006155,1.010736,1.00171,1.002316,1.019671,0.995132,1.002075,1.002089,1.020155,1.010027,1.000924,0.990811,1.01756,1.006938,1.012996,1.023463,1.0118,0.999281
2024-09-09,0.999331,0.972225,1.007827,1.010567,1.012987,0.971371,0.998495,0.99849,1.008452,1.007631,0.99142,0.978114,1.008069,0.992218,1.011643,1.026638,1.011801,1.010669,1.017505,1.012485,1.007674,1.009407,0.997163,0.995196,1.014248,1.019807,0.991124,1.009192,1.024699,1.006726,1.010526,0.999949,1.00649,1.014357,1.003325,1.003528,1.021824,1.009022,1.017725,1.004227,1.012311,1.003915,1.00381,1.012881,1.005316,1.002596,1.011034,1.063581,0.986174,1.003123,1.008881,1.017326,1.009663,1.013012,0.999816,1.005282,1.004816,1.008817,1.00054,1.003588,1.001222,1.015619,1.016507,1.010737,0.976208,1.018125,1.018728,1.001742,0.999882,0.999197,1.009999,1.015371,0.980521,1.051225,0.999154,1.027332,1.018153,1.02023,1.002786,1.013837,0.993323,1.000672,0.977072,1.025274,1.005031,1.005365,1.029113,1.009778,1.004876,1.014889,0.984758,0.992697,0.991284,1.013287,1.013125,1.001569,1.010893,1.012829,1.019136,0.999504,1.014035
2024-09-10,1.000115,1.002173,0.988351,1.004251,0.951768,0.987593,1.008219,0.991715,0.992662,0.99638,1.010763,0.99055,1.016508,1.0054,1.011509,1.00397,1.015941,1.010434,0.989998,1.015414,1.016467,0.988293,0.991748,0.997967,1.029301,1.025959,0.988324,0.993305,0.99177,0.990749,1.00929,1.008159,0.987103,1.010996,0.991759,1.014748,1.016095,0.987969,0.993882,0.998677,1.013868,1.008114,1.007972,1.000474,1.00322,0.99785,0.986047,1.026781,0.997787,0.983577,1.000479,1.006687,0.995839,0.993157,0.981203,0.989684,1.000312,1.00659,0.990091,0.994307,0.983576,1.011631,1.005691,0.992274,0.976789,1.002798,0.997502,1.008833,1.003899,1.014946,1.010526,0.992571,0.98981,0.983209,0.998081,0.992019,0.992327,1.003856,0.978249,1.009849,1.012544,0.996057,1.00135,1.002355,0.99733,0.996665,0.977997,0.994242,0.994041,0.984698,1.004806,1.014713,0.981023,1.004437,1.013498,0.999776,1.003718,0.979556,1.013385,0.97567,1.013042
2024-09-11,0.997152,1.01799,0.997364,0.972488,0.997448,0.986603,0.995924,0.983225,1.000361,0.985383,0.997592,0.995076,0.987867,0.991815,1.00177,1.003248,0.996505,1.02011,1.005052,1.010288,1.004043,1.000855,0.986802,1.013747,1.002412,1.003047,0.994706,0.989185,0.99921,1.010202,1.003835,1.008017,0.997908,1.007754,0.992718,0.997883,1.002791,0.995162,1.017856,1.010114,1.02399,1.003307,1.003076,0.998331,1.002009,0.98727,1.003783,0.967396,0.981778,0.997455,0.994493,0.99178,0.999304,0.990184,0.998665,0.997319,0.999649,0.987565,0.994145,0.999334,0.994359,1.012391,1.003049,0.998428,1.002574,1.002959,0.994591,0.990026,0.991879,0.976744,1.003224,1.005148,0.980794,0.982445,0.990615,0.997318,0.988856,0.99808,0.981579,1.01881,0.997629,0.994188,0.996682,0.995614,0.992861,1.0,0.997704,1.010792,0.999394,0.970301,0.99706,0.996623,1.004654,0.990732,1.0,1.011191,0.989436,0.995463,0.995414,1.005471,1.003503
2024-09-12,1.018789,1.037066,1.003524,0.993646,0.997204,1.036034,1.008049,1.056983,1.009101,0.984573,1.018452,1.035566,1.025059,0.996648,1.03155,1.009572,0.997321,1.013179,0.985525,1.052087,1.051222,0.975562,0.988661,1.011301,1.052396,1.017768,1.00921,1.053718,1.017204,0.999658,1.007155,1.021592,1.016661,0.998611,0.993614,1.021508,1.007445,1.007772,1.01422,1.000119,0.999178,1.015111,1.01458,1.039725,1.016484,1.010216,0.995115,1.017814,1.03344,1.016428,0.991995,1.014215,0.984251,1.004582,1.011127,0.999452,1.017028,0.996463,1.006232,0.996402,1.015205,1.023218,1.039316,1.003599,0.9921,0.988115,1.014401,1.018291,0.976388,1.020059,1.000989,1.032413,1.039693,1.018598,0.996861,0.996975,0.986316,1.012369,0.989914,1.060859,1.033393,1.006608,1.008115,1.01888,0.998315,1.016489,0.982973,1.018815,1.016603,1.01505,1.073592,1.034328,0.993834,0.989013,1.011328,1.028552,0.988769,1.001367,1.028382,0.987473,1.012393
2024-09-13,0.998234,0.997073,0.999225,0.996058,1.002923,0.992136,0.998241,0.99496,1.004257,1.011838,1.009111,1.021981,1.000893,0.991591,0.985319,1.001394,1.011574,0.993496,1.007956,0.986036,0.987972,0.997163,1.010293,0.996027,0.994969,0.993849,1.006928,1.003045,1.010303,0.98476,1.004759,0.990628,0.986253,1.00321,1.010683,0.992919,0.847698,1.007023,1.006822,1.000477,1.005348,1.008576,1.008943,0.989282,0.99877,0.998282,1.017813,1.033113,0.985861,0.992225,0.995996,1.002898,1.014444,1.00584,1.007049,1.011925,0.996705,0.999452,1.010141,0.993314,0.998547,0.99704,1.004024,1.006949,1.003185,0.999488,1.017274,0.992204,1.005712,0.995329,1.068412,1.019701,0.984135,1.002446,0.980076,0.991908,1.015623,1.010046,1.008769,0.989558,0.971251,0.994361,0.991228,1.009728,1.009453,0.996947,1.008427,0.988881,0.989424,0.998998,0.976755,0.979287,0.996413,0.987723,0.973284,0.990101,0.998352,1.008876,1.008781,1.01307,0.993707
2024-09-16,1.002159,0.992419,1.001861,1.009763,1.008893,1.010664,1.007321,1.00513,0.994754,1.005148,1.0119,1.010754,0.993717,1.019636,0.990067,1.004456,1.008137,1.009496,1.012143,1.007081,1.006372,1.003692,1.002426,1.015457,0.993236,0.998362,1.011136,0.990292,1.004233,1.001043,1.012768,1.007539,1.001907,0.99168,1.008078,0.998954,1.016298,1.003976,1.006616,1.000596,0.982815,0.990464,0.989364,0.997954,1.005387,1.002065,1.012862,1.032967,0.995318,1.005903,0.994274,1.001658,1.001256,1.011549,0.996777,1.01502,1.008265,1.00893,1.007513,1.003904,1.00582,1.007545,1.005451,1.006455,1.012502,0.986857,1.0,0.995957,1.024891,1.006191,0.996301,0.987401,1.002241,0.987798,1.005433,0.996261,0.997417,1.020161,1.002484,1.011855,0.982477,1.017943,0.994066,0.992965,1.009142,1.009607,0.997679,1.003489,0.994558,1.015142,1.049318,1.002705,0.997235,0.994336,1.001089,0.99674,1.013555,0.998421,0.979037,1.016064,1.018131
2024-09-17,1.003435,1.003974,0.998349,0.987196,1.001209,0.992801,0.988156,1.010016,0.986025,1.000846,1.000413,1.010986,0.995922,0.996865,0.989466,0.995564,1.019643,1.003861,1.018596,0.980665,1.039766,0.975092,1.004646,1.015222,0.974215,0.992889,0.983055,1.02358,1.006323,1.008859,0.99939,1.004744,1.003844,1.007744,0.988663,1.01228,1.032227,0.988899,1.005247,0.997619,1.000624,1.003495,1.002719,1.001226,1.022196,1.007361,1.002132,1.011082,0.994127,0.990451,0.997304,1.000709,0.994424,1.004169,1.006434,0.996761,1.014297,0.980428,1.004046,0.994502,0.998887,0.987601,0.998086,1.011648,1.003332,0.994206,1.001073,0.989989,0.993751,1.023945,1.014617,0.997893,1.039653,0.999096,0.987276,1.006482,0.99695,0.972332,1.000991,1.008626,1.005965,0.998088,0.989212,0.99461,0.991273,1.011656,1.004653,1.005731,1.002507,0.994962,1.01708,1.005347,1.003104,1.020328,1.006059,0.995203,0.945085,1.009038,0.982762,1.004233,0.997359
2024-09-18,0.999605,0.995602,0.988373,0.993559,0.992433,0.988227,0.994552,1.02337,0.945425,0.996448,0.992627,1.003889,0.99985,0.976959,0.99493,1.004873,0.999555,0.995293,0.980565,0.983868,0.9801,0.972569,0.999615,0.98162,0.993078,0.970802,1.007631,1.013497,1.002475,1.009642,0.976399,0.990362,0.976951,1.002455,1.001983,0.981757,0.987422,0.990219,0.99826,0.981143,0.951321,0.996028,0.995071,0.986185,0.99069,1.007356,1.001177,1.032004,0.994579,0.999979,0.986608,0.993383,1.001682,0.995118,1.000141,0.998808,0.995978,1.004185,1.000666,0.998652,0.995878,1.003605,1.00884,0.995482,0.99707,0.997999,0.99766,1.00685,1.003915,0.999031,1.006174,0.963653,1.021842,1.002895,0.99694,0.980678,0.994343,1.005962,1.00396,0.98749,1.007907,1.007164,1.012388,0.991638,0.995765,0.994063,0.99861,0.992893,0.980225,1.009283,1.010815,1.000586,1.001947,0.986102,1.015364,0.9805,0.988452,0.997537,0.989845,1.009049,0.980521
2024-09-19,1.00275,1.00508,1.003346,1.001066,1.055659,0.995134,1.001369,1.033761,1.019945,0.983618,0.992884,1.014642,1.007439,1.015504,1.006879,0.990716,1.022329,1.008775,1.003403,1.022027,1.033602,1.008013,0.993349,1.010594,1.009909,0.967653,0.992316,1.006093,1.003799,1.00631,0.986247,1.011157,1.033784,1.013629,0.991051,1.043103,1.009705,0.996022,0.974964,1.010096,1.001749,1.005154,1.007678,1.011769,0.999421,1.001209,1.009944,1.016143,1.003293,1.004005,1.004919,0.998049,0.9993,1.00979,0.983516,0.999066,1.002415,1.003718,1.010583,1.003511,1.000671,1.009908,0.999173,1.020791,1.00098,0.985706,1.022083,0.998149,0.986292,0.985961,1.015795,0.994191,1.004291,1.010945,1.001712,1.001383,1.005515,0.999461,0.993097,1.03516,1.026089,0.995203,1.019347,0.996877,0.995523,0.984092,1.004174,1.005868,1.032595,0.999705,0.989106,1.020482,0.997397,0.990754,1.013839,1.012291,1.00764,1.001571,1.051856,0.981818,0.982835
2024-09-20,0.997576,1.001187,1.01506,0.997339,0.982828,1.000194,1.003009,0.981253,1.011188,0.993744,0.983312,0.969678,1.010852,1.011256,0.996964,1.002797,0.995118,1.000201,1.015762,1.002593,1.000307,1.029053,1.005822,1.015115,1.008865,1.023556,0.98245,1.003191,1.003217,1.040163,1.02465,1.01587,0.99462,1.008508,1.006946,1.002938,1.004581,0.998802,1.00428,1.006864,1.014626,1.008912,1.007497,1.0032,1.007134,1.002898,0.988408,0.999582,0.972049,0.985298,1.000062,1.003432,1.005462,0.995495,0.965326,1.00859,1.00576,1.004824,1.000132,0.998385,0.998547,1.011528,0.999155,0.984653,0.999217,1.005306,0.995315,0.992372,1.01294,0.994265,1.000559,0.996531,0.978717,1.003807,1.001827,1.004142,1.001963,0.992992,0.998097,0.972527,0.985347,1.000582,0.998871,1.009085,1.012929,1.007812,1.011547,0.994871,0.992072,1.009496,1.024546,0.999427,1.012248,1.00407,1.006975,1.003974,1.012809,1.006051,0.991311,0.998248,1.026773
2024-09-23,1.00535,1.022872,1.01381,1.014053,1.010809,1.004462,0.9985,0.998357,0.998574,1.009726,0.991275,0.9989,1.000516,0.97262,1.007107,1.002232,0.99153,1.004549,1.016303,1.011799,1.000102,0.99344,1.001447,1.003122,1.004293,1.005348,1.001016,0.989409,1.003772,1.024438,1.012235,0.998397,1.009367,1.001875,0.994223,1.001373,1.022912,1.006897,1.017262,1.002751,0.964716,1.011495,1.011589,0.99318,1.014192,0.995569,1.001087,0.981179,1.003182,1.025231,1.004089,1.00171,1.000975,0.994474,1.009285,1.003778,1.013888,1.000324,1.0027,0.992857,1.007949,1.0,1.008954,0.99563,0.999804,0.998857,1.001249,1.005327,0.999882,1.002714,0.988372,1.014289,1.000329,1.009838,1.000294,0.994844,0.997983,1.009772,1.006467,1.001926,0.99953,1.006396,1.001335,1.006054,1.000888,1.007811,1.004566,1.004382,1.006754,1.005751,1.004492,0.987712,1.004864,1.009254,1.015492,1.005497,0.9992,1.000446,1.010555,1.012158,1.012088
2024-09-24,0.98912,0.970858,0.997367,0.996053,0.995756,0.971069,0.993036,0.97361,0.994134,0.997893,0.99356,0.970841,0.990413,1.014338,0.988407,0.989563,0.973617,0.983686,1.02242,0.98738,1.003247,1.015027,0.985743,0.998324,0.980431,1.038849,0.98969,0.989624,0.990981,0.97869,1.0165,0.997867,0.987555,0.977752,1.007979,0.998994,0.984946,1.010357,0.98791,1.001193,1.000892,1.007357,1.006874,0.990022,1.009501,0.996904,0.992175,0.967178,0.976296,0.986749,0.999568,0.981884,0.997913,0.996141,0.998352,1.036438,1.006609,1.005225,0.994976,0.99077,0.999667,0.991513,1.00704,1.002634,0.997845,1.010391,1.001727,0.977667,1.008754,0.995573,1.008258,0.969577,0.963439,0.980986,1.007821,0.99067,0.999076,0.980108,0.993328,0.992823,0.97489,1.026659,0.999385,0.986113,1.007762,1.003136,1.005909,0.976517,0.990898,0.99874,0.986202,0.97594,0.99764,0.996227,0.977483,0.972228,1.009638,1.00668,0.980528,1.00644,1.023119
2024-09-25,1.000142,1.00252,0.999289,1.000704,1.012245,1.005986,0.996287,1.000188,0.998158,0.999181,0.998001,1.019048,1.008637,0.991376,1.000255,0.99775,1.005857,1.024871,1.016257,1.003559,1.00423,1.000882,0.997361,0.990408,0.998093,1.009052,1.001311,1.031786,0.997725,1.011375,1.00835,1.00012,0.997633,1.001063,1.003958,1.011075,0.990243,0.995382,1.000751,1.009531,0.998663,0.993409,0.993233,1.003713,1.005403,0.989373,1.001732,0.986778,1.001649,1.003837,0.994938,1.001207,0.990238,1.001726,1.007451,0.99561,0.997139,0.998368,1.002574,0.990273,0.990222,1.000122,0.993651,0.988107,0.993324,0.976817,1.000958,0.991538,1.001876,1.007024,0.932346,1.015256,1.015812,1.00329,0.989322,0.997907,0.993528,1.02825,0.99179,0.999613,1.015322,0.997186,0.990455,0.991238,1.007812,0.994043,1.002711,0.988173,0.999641,1.009607,0.965119,1.009077,1.015447,0.991041,0.998049,0.995277,0.997839,0.996461,0.998375,0.989664,1.013258
2024-09-26,0.999205,0.995105,0.993039,0.987592,1.013893,0.996026,0.998482,1.019214,0.992963,0.988787,0.984845,1.007207,0.9914,0.984499,1.00051,0.998168,0.994936,0.993983,1.008185,0.988393,0.992488,0.979195,0.979522,0.988136,0.990991,1.018666,0.996745,1.005117,0.996389,1.010925,1.001987,0.981392,0.987624,0.994477,0.992115,0.992396,0.98183,0.985819,0.986323,0.993274,1.00357,0.999402,1.0,0.988028,1.000778,0.995095,1.013608,0.994194,0.994286,0.985636,0.995843,0.990062,0.9931,0.987202,0.993805,1.004344,0.993931,0.998789,0.998979,0.984505,0.984852,0.99352,1.017388,0.9952,0.987942,0.983048,1.000478,0.998586,0.995552,0.993967,0.987966,1.01162,1.033656,0.994932,0.993984,0.990563,0.98953,1.046679,0.989799,0.998321,1.003565,0.997017,0.990259,1.000789,0.990283,0.998873,0.993691,0.994681,0.980742,0.99976,0.966428,0.991348,1.000743,0.988823,0.982783,0.993898,0.999495,0.988235,0.994213,1.0,1.008723
2024-09-27,1.010241,1.005007,0.994065,1.003653,1.002768,1.006788,1.051286,1.049432,1.006867,0.975488,1.025005,1.027634,1.027477,1.029763,1.021911,1.01638,1.020365,0.997583,0.995572,1.021693,1.015342,1.01219,0.990697,1.009311,1.056749,1.018858,1.008496,1.024349,1.006103,1.026542,0.996628,0.998165,0.998189,1.016234,0.985228,1.01651,0.995269,1.003505,1.017347,1.00499,1.015562,1.008074,1.007235,1.018638,0.992176,1.004436,1.014727,1.014825,1.011361,1.004837,0.998692,1.029187,0.995037,0.996658,1.001818,0.998861,0.990933,1.005515,1.001022,1.004918,1.005583,1.034211,1.022599,1.003636,1.002401,0.996279,1.031653,0.998848,0.985891,1.018251,1.001827,1.03036,1.01685,1.023972,0.996677,1.008469,0.992711,1.019623,1.006082,1.026517,0.999882,1.010027,1.010674,1.021293,0.9957,1.007306,0.993651,1.021925,0.996156,1.001202,1.039142,1.005157,0.997385,0.992644,1.004054,1.016371,1.003865,0.992363,1.036013,1.006341,1.018355
2024-09-30,0.990033,0.977469,0.9965,1.006392,0.984982,0.960727,0.96831,1.00041,0.993086,0.998703,0.969385,0.991168,0.992101,1.005871,0.99626,1.006391,0.99573,0.991024,0.990363,0.999361,1.002921,0.994637,0.995254,0.984705,0.990615,1.001572,0.98922,0.988949,0.99545,1.010218,1.002521,0.99522,0.995408,0.970993,0.966506,1.009691,0.998697,0.988791,0.994013,0.998109,1.006567,0.975261,0.975578,0.998909,0.999265,0.997792,1.004956,0.990704,0.986507,0.977757,0.995259,0.998627,0.983469,0.989449,1.01267,1.000678,1.002913,0.987141,0.99042,0.992868,0.986177,0.987625,0.981273,0.996895,0.996407,0.98925,0.997775,0.984329,0.957543,0.975295,0.982736,0.987207,1.022414,0.994791,0.995475,1.021693,0.989578,0.972007,0.998405,1.011341,0.988396,1.001121,0.994926,0.992896,0.984276,0.987734,0.994067,0.974621,1.000401,1.00024,0.963012,0.992896,0.987077,0.991669,0.999619,0.994855,0.985104,0.992304,1.003511,0.977267,1.004326
2024-10-01,1.011589,1.018404,0.996901,1.011203,1.010034,1.018346,1.013444,1.010704,1.000725,1.004074,1.010619,1.032271,0.982907,0.991918,0.999249,1.010491,1.015195,1.00893,0.982036,1.010224,0.974162,1.008411,1.020392,1.009615,0.983553,0.96583,1.019265,1.024599,1.00419,1.009962,0.984317,0.985814,1.000074,1.001299,1.003992,0.972449,1.003455,0.998688,1.00812,1.009238,1.000652,1.007969,1.00859,1.003942,1.014998,1.018049,1.006604,1.042002,1.01816,1.020277,1.001003,0.999147,1.002463,1.013384,1.017053,1.004145,1.017614,1.011724,1.00349,0.997887,1.012638,1.003373,1.013868,0.998813,0.992588,0.999355,0.998606,1.012624,1.002616,1.028265,0.999258,1.017727,1.040479,1.025887,1.019197,0.999315,1.006223,1.065827,0.999075,1.011214,0.996406,0.987605,1.001249,1.009488,1.0045,0.998388,1.003673,1.01557,0.994322,1.013632,1.015239,1.00467,0.996607,1.002913,0.998171,0.995278,1.004273,1.003878,1.002449,1.007712,0.973439
2024-10-02,1.006763,1.016698,1.009015,1.011515,1.013042,0.995647,1.012997,0.989699,1.014889,0.984395,1.013408,1.028883,1.008584,0.965858,1.006511,1.011202,1.013895,1.007218,1.006098,1.013915,1.021214,1.020532,1.004176,1.010989,1.015385,1.001534,1.020979,0.987482,1.015741,1.001062,1.00605,1.012991,1.001562,1.011783,1.005873,1.013343,1.012395,1.006029,1.009655,1.010914,1.04173,0.984068,0.98467,1.017339,1.004563,1.032367,1.024845,1.006003,1.013434,1.019957,1.006012,1.012669,1.005637,1.000277,1.006588,0.995165,1.014308,1.005814,1.006393,1.002823,1.002383,1.01513,0.995986,1.002376,1.013724,1.016126,1.01442,1.006631,1.000994,1.007856,1.0208,1.018059,0.998194,1.022481,1.01244,1.034613,1.006601,1.040531,1.011616,1.006037,1.023326,1.003644,0.99657,1.027735,0.995968,1.01196,1.003202,1.019892,1.006382,1.004357,0.98589,1.013649,1.016576,1.000505,1.015577,1.018979,1.007165,1.002272,1.004188,1.008656,1.00041
2024-10-03,0.998381,0.997822,0.997946,0.997154,0.989016,1.019207,1.012302,0.960005,0.995658,0.986955,1.007993,0.998602,0.9965,0.981589,0.994526,1.005809,0.999119,0.999655,0.992424,0.990019,1.001136,0.984312,0.982574,0.992754,0.995586,1.00802,0.982983,1.007815,0.999627,1.013339,1.006482,1.000691,0.989674,0.993483,1.01617,1.0,0.998602,0.991161,0.993872,0.982935,0.994993,1.000736,1.001359,0.99711,0.985315,0.999532,0.994537,0.98977,0.996284,0.986663,0.999129,0.997282,0.9954,0.999681,0.99016,0.987407,0.985677,0.99614,1.000691,1.001267,1.005659,0.993967,0.988688,0.988519,0.98905,0.99211,0.991196,0.996119,1.004468,1.003932,0.995755,1.006371,1.016283,0.983847,1.002608,0.971845,0.99811,1.009042,0.993427,0.967299,0.990013,0.991852,0.979141,0.99925,0.992466,0.991727,0.967624,1.010627,0.990889,0.996982,0.990541,0.987803,1.01096,1.004796,0.998797,0.996452,1.00195,0.973702,1.00365,0.990174,1.0086
2024-10-04,1.00375,0.993495,0.999177,1.004325,0.999086,0.983816,1.009147,1.022597,1.022865,1.006287,1.011626,0.977328,1.021037,1.03001,1.049537,0.99597,0.999186,1.036281,0.996183,1.035602,1.013564,0.991697,1.008666,1.003893,1.030107,0.987753,0.994852,0.992866,1.013261,0.996709,1.005311,1.013111,1.014562,1.012259,1.009282,1.010642,1.000341,1.011451,1.01616,1.003307,1.003774,1.008212,1.007157,1.024974,1.004732,1.011189,1.00103,1.014643,0.995769,1.001943,1.005919,1.0444,1.004621,1.009842,1.023466,1.01118,1.009333,1.008514,1.003289,0.993253,1.00574,1.017613,1.010483,1.009666,1.003221,1.003016,1.022021,1.001154,1.011366,0.98973,1.000609,0.993606,0.999926,1.002052,1.010521,0.993865,1.012666,0.99977,1.005947,1.019372,1.008664,1.008053,1.017789,1.015454,1.007931,1.017577,1.007069,1.015965,1.005271,1.00752,0.912175,1.013039,1.000586,1.014614,1.013249,1.029372,1.001333,1.001164,1.056104,1.006155,1.003817
2024-10-07,1.007701,1.01648,1.007518,1.009731,1.0107,1.028723,1.00505,0.984395,0.98864,1.011082,0.993221,1.004574,1.001304,0.986558,0.999046,1.031827,1.003032,1.001474,1.009004,1.004107,0.979926,1.017635,1.006294,1.017208,1.005974,0.990768,1.000821,1.012287,1.000369,1.012457,1.002377,0.991826,1.00455,1.008924,1.008058,1.005176,1.011689,1.008082,1.00769,1.001177,1.015876,1.011123,1.010537,1.012493,1.008546,1.007454,1.008574,0.994907,1.000778,1.005838,1.000867,0.996356,1.011068,1.007468,0.997264,1.01109,1.018023,1.00876,1.015736,0.99816,1.007274,1.004327,1.000797,1.007495,1.000401,0.999635,1.016477,1.006774,1.012827,0.986455,0.993305,1.006499,1.024258,1.001991,1.007379,0.997257,1.0083,0.997472,0.999833,1.001987,1.047417,1.005729,0.991732,1.002069,1.009892,1.00527,0.994853,0.996908,1.011509,1.013472,1.006244,1.017283,1.01229,1.012216,0.999777,1.018591,1.010222,1.004419,1.019183,1.002372,1.003802
2024-10-08,0.992773,1.011025,0.980629,0.989765,1.011135,0.996821,0.991755,0.947782,1.001448,1.034867,1.0008,0.965279,1.002857,1.022552,1.005488,0.99634,1.002338,1.015408,1.001709,0.948947,0.984871,1.000422,1.008141,1.003336,1.000766,0.961085,1.005451,0.988719,0.996499,0.963534,0.973317,0.985946,1.004124,0.992103,1.017638,0.969904,0.994279,0.994534,0.989306,1.009053,0.983961,1.003306,1.003031,0.999292,1.000385,0.998483,0.990224,0.966724,1.001183,0.981256,1.01547,1.004109,1.0,1.006554,0.982582,0.990391,1.003918,1.001125,1.011296,1.018007,0.998111,0.997438,0.992971,0.999779,1.000802,1.016775,0.999466,0.999046,0.998553,0.990154,1.006373,0.98229,0.95314,0.988474,0.998864,1.01238,1.006145,0.97765,1.002831,0.986116,0.977814,1.003129,1.002955,1.061044,1.009684,1.017183,1.011759,1.017218,0.994584,1.005187,1.001871,0.957753,0.91888,1.00212,0.994278,0.997453,0.995048,1.012734,1.013996,1.016939,0.969939
2024-10-09,1.004203,0.991148,0.992703,1.015252,1.009765,0.989194,1.002078,0.996744,0.989357,0.991675,0.995738,1.004773,1.015759,1.016738,1.015662,1.014036,1.006848,1.008689,1.011562,1.025702,1.014511,0.994818,0.996455,1.003325,1.00855,0.999525,0.991918,1.008705,1.04253,1.000308,1.006769,1.018359,0.982947,1.026852,1.022712,1.012265,1.022112,1.015522,1.008448,1.010837,1.024242,0.999041,0.998187,1.014319,1.007291,1.007778,1.003048,0.984554,0.986244,0.996071,1.001097,1.005621,1.00327,1.006802,1.003394,1.012942,1.007877,1.013485,0.99866,1.001532,1.00167,0.994396,0.98383,1.004568,1.00521,0.990048,1.064962,0.993743,1.019326,0.994362,1.022163,0.990204,1.031307,1.003906,0.991927,1.007812,0.993144,0.988216,1.003903,1.015965,0.985008,1.009518,1.004419,1.001668,1.017418,1.002291,1.009298,0.988674,0.985063,1.012579,1.008016,1.004253,1.027054,1.009398,1.015247,1.047021,1.029468,1.003887,1.013644,0.994734,1.002576
2024-10-10,1.000722,1.001596,0.990077,1.000594,1.007763,0.988638,1.026575,1.000769,0.999067,0.985232,1.003424,1.026637,1.014556,1.002647,0.995327,1.005821,1.007724,0.986955,0.99644,0.995642,1.00221,0.991854,0.993478,0.999527,1.010628,1.009414,0.997645,1.00086,1.000355,0.979237,1.016607,0.989667,1.014737,0.997829,1.006679,0.998734,1.009051,1.011021,1.00229,1.007032,1.007549,0.986626,0.986498,0.998377,0.99281,1.002695,0.996619,1.005827,0.999737,0.993999,1.001157,1.003488,0.990506,1.004298,1.000764,0.994762,0.990354,0.999397,1.005688,0.989014,0.997778,1.005987,1.000243,0.995086,0.991627,0.993932,0.999414,1.001442,0.992772,0.979558,0.993567,0.998095,1.008915,1.005207,1.001089,0.986518,0.99942,1.001669,0.993796,0.987627,0.997784,0.996276,0.99801,0.997642,1.004443,0.996115,1.000921,0.981243,1.013017,1.009965,0.998012,0.988091,0.990706,0.974285,0.996835,1.015444,1.009982,0.998634,1.007669,0.995937,0.997431
2024-10-11,1.004118,1.012277,1.001538,1.012724,1.004558,0.996115,0.991918,0.998208,1.001027,1.009547,1.007785,0.990966,0.968542,0.998004,0.993427,0.986109,0.995436,1.004509,1.000752,0.982492,0.998403,0.994138,0.999304,0.992896,0.995493,0.995478,1.004823,1.006286,1.006383,0.947699,0.997024,1.008861,1.008824,1.007665,1.001493,0.999909,1.00051,1.000811,0.999948,0.992674,0.99595,1.003282,1.003007,0.999055,0.998556,1.01125,0.99708,1.014706,1.006664,1.100099,1.003952,1.004233,1.007725,1.000802,1.000927,1.003592,1.001173,1.005022,1.00591,1.006468,1.027286,0.995682,0.999203,0.99602,0.997386,0.990433,1.013563,1.003456,1.007162,1.11087,0.994245,1.005048,1.007814,0.994365,1.002233,0.998292,0.994195,1.023095,1.000583,1.014032,0.998948,1.001352,1.016479,0.992352,1.005825,1.01474,1.005522,1.006094,1.004105,1.005677,0.99914,1.000857,1.006325,1.009846,1.00384,0.98379,1.000792,1.003193,0.999689,1.005192,0.997175
